comando,backend,ejemplo,n,iteracion,tiempo
prove,noirky2-bits,assert_zero,100,0,1.2869882583618164
prove,noirky2-bits,assert_zero,100,1,1.2966563701629639
prove,noirky2-bits,assert_zero,100,2,1.340935468673706
prove,noirky2-bits,assert_zero,100,3,1.3823657035827637
prove,noirky2-bits,assert_zero,100,4,1.3228552341461182
prove,noirky2-bits,assert_zero,100,5,1.3372795581817627
prove,noirky2-bits,assert_zero,100,6,1.6382167339324951
prove,noirky2-bits,assert_zero,100,7,1.6953096389770508
prove,noirky2-bits,assert_zero,100,8,1.7286450862884521
prove,noirky2-bits,assert_zero,100,9,1.706794261932373
prove,noirky2-bits,assert_zero,100,10,1.6387934684753418
prove,noirky2-bits,assert_zero,100,11,1.6486029624938965
prove,noirky2-bits,assert_zero,100,12,1.6717944145202637
prove,noirky2-bits,assert_zero,100,13,1.6152198314666748
prove,noirky2-bits,assert_zero,100,14,1.6056008338928223
prove,noirky2-bits,assert_zero,1000,0,1.6098558902740479
prove,noirky2-bits,assert_zero,1000,1,1.6339187622070312
prove,noirky2-bits,assert_zero,1000,2,1.7239327430725098
prove,noirky2-bits,assert_zero,1000,3,1.5992686748504639
prove,noirky2-bits,assert_zero,1000,4,1.6209118366241455
prove,noirky2-bits,assert_zero,1000,5,1.6255333423614502
prove,noirky2-bits,assert_zero,1000,6,1.623795747756958
prove,noirky2-bits,assert_zero,1000,7,1.6095654964447021
prove,noirky2-bits,assert_zero,1000,8,1.5990488529205322
prove,noirky2-bits,assert_zero,1000,9,1.6125619411468506
prove,noirky2-bits,assert_zero,1000,10,1.6909332275390625
prove,noirky2-bits,assert_zero,1000,11,1.6111030578613281
prove,noirky2-bits,assert_zero,1000,12,1.5908963680267334
prove,noirky2-bits,assert_zero,1000,13,1.6173768043518066
prove,noirky2-bits,assert_zero,1000,14,1.6635606288909912
prove,noirky2-bits,assert_zero,10000,0,1.7178676128387451
prove,noirky2-bits,assert_zero,10000,1,1.7106575965881348
prove,noirky2-bits,assert_zero,10000,2,1.7154147624969482
prove,noirky2-bits,assert_zero,10000,3,1.7132461071014404
prove,noirky2-bits,assert_zero,10000,4,1.692432165145874
prove,noirky2-bits,assert_zero,10000,5,1.7169432640075684
prove,noirky2-bits,assert_zero,10000,6,1.7010297775268555
prove,noirky2-bits,assert_zero,10000,7,1.6933488845825195
prove,noirky2-bits,assert_zero,10000,8,1.700019121170044
prove,noirky2-bits,assert_zero,10000,9,1.6809594631195068
prove,noirky2-bits,assert_zero,10000,10,1.7066295146942139
prove,noirky2-bits,assert_zero,10000,11,1.690596342086792
prove,noirky2-bits,assert_zero,10000,12,1.806973934173584
prove,noirky2-bits,assert_zero,10000,13,1.7062971591949463
prove,noirky2-bits,assert_zero,10000,14,1.7013323307037354
prove,noirky2-bits,assert_zero,100000,0,4.083623647689819
prove,noirky2-bits,assert_zero,100000,1,4.05682635307312
prove,noirky2-bits,assert_zero,100000,2,4.038869619369507
prove,noirky2-bits,assert_zero,100000,3,3.9933888912200928
prove,noirky2-bits,assert_zero,100000,4,4.096264362335205
prove,noirky2-bits,assert_zero,100000,5,4.029149293899536
prove,noirky2-bits,assert_zero,100000,6,3.9833106994628906
prove,noirky2-bits,assert_zero,100000,7,4.059894800186157
prove,noirky2-bits,assert_zero,100000,8,4.051937580108643
prove,noirky2-bits,assert_zero,100000,9,4.119389295578003
prove,noirky2-bits,assert_zero,100000,10,3.9997317790985107
prove,noirky2-bits,assert_zero,100000,11,4.057564973831177
prove,noirky2-bits,assert_zero,100000,12,3.9812095165252686
prove,noirky2-bits,assert_zero,100000,13,4.077276706695557
prove,noirky2-bits,assert_zero,100000,14,4.0135111808776855
prove,noirky2-bits,assert_zero,1000000,0,37.86653661727905
prove,noirky2-bits,assert_zero,1000000,1,38.53010439872742
prove,noirky2-bits,assert_zero,1000000,2,38.21547794342041
prove,noirky2-bits,assert_zero,1000000,3,38.500736236572266
prove,noirky2-bits,assert_zero,1000000,4,38.567052364349365
prove,noirky2-bits,assert_zero,1000000,5,38.35776114463806
prove,noirky2-bits,assert_zero,1000000,6,38.10138821601868
prove,noirky2-bits,assert_zero,1000000,7,38.123477935791016
prove,noirky2-bits,assert_zero,1000000,8,37.803410053253174
prove,noirky2-bits,assert_zero,1000000,9,39.04963779449463
prove,noirky2-bits,assert_zero,1000000,10,37.77033591270447
prove,noirky2-bits,assert_zero,1000000,11,38.83749270439148
prove,noirky2-bits,assert_zero,1000000,12,38.13076853752136
prove,noirky2-bits,assert_zero,1000000,13,38.10918569564819
prove,noirky2-bits,assert_zero,1000000,14,38.17621922492981
prove,noirky2-bits-nozk,assert_zero,100,0,0.043074607849121094
prove,noirky2-bits-nozk,assert_zero,100,1,0.07602548599243164
prove,noirky2-bits-nozk,assert_zero,100,2,0.050916194915771484
prove,noirky2-bits-nozk,assert_zero,100,3,0.026532411575317383
prove,noirky2-bits-nozk,assert_zero,100,4,0.017546653747558594
prove,noirky2-bits-nozk,assert_zero,100,5,0.042006731033325195
prove,noirky2-bits-nozk,assert_zero,100,6,0.016044139862060547
prove,noirky2-bits-nozk,assert_zero,100,7,0.03794455528259277
prove,noirky2-bits-nozk,assert_zero,100,8,0.05881524085998535
prove,noirky2-bits-nozk,assert_zero,100,9,0.014049530029296875
prove,noirky2-bits-nozk,assert_zero,100,10,0.03157830238342285
prove,noirky2-bits-nozk,assert_zero,100,11,0.013297080993652344
prove,noirky2-bits-nozk,assert_zero,100,12,0.08831930160522461
prove,noirky2-bits-nozk,assert_zero,100,13,0.03047943115234375
prove,noirky2-bits-nozk,assert_zero,100,14,0.024843692779541016
prove,noirky2-bits-nozk,assert_zero,1000,0,0.04398989677429199
prove,noirky2-bits-nozk,assert_zero,1000,1,0.13901185989379883
prove,noirky2-bits-nozk,assert_zero,1000,2,0.0644991397857666
prove,noirky2-bits-nozk,assert_zero,1000,3,0.04483962059020996
prove,noirky2-bits-nozk,assert_zero,1000,4,0.10730504989624023
prove,noirky2-bits-nozk,assert_zero,1000,5,0.06466937065124512
prove,noirky2-bits-nozk,assert_zero,1000,6,0.05590534210205078
prove,noirky2-bits-nozk,assert_zero,1000,7,0.08330988883972168
prove,noirky2-bits-nozk,assert_zero,1000,8,0.04088544845581055
prove,noirky2-bits-nozk,assert_zero,1000,9,0.07052016258239746
prove,noirky2-bits-nozk,assert_zero,1000,10,0.091522216796875
prove,noirky2-bits-nozk,assert_zero,1000,11,0.06267023086547852
prove,noirky2-bits-nozk,assert_zero,1000,12,0.04575634002685547
prove,noirky2-bits-nozk,assert_zero,1000,13,0.21477985382080078
prove,noirky2-bits-nozk,assert_zero,1000,14,0.042894601821899414
prove,noirky2-bits-nozk,assert_zero,10000,0,0.28242039680480957
prove,noirky2-bits-nozk,assert_zero,10000,1,0.2980351448059082
prove,noirky2-bits-nozk,assert_zero,10000,2,0.3193387985229492
prove,noirky2-bits-nozk,assert_zero,10000,3,0.39806342124938965
prove,noirky2-bits-nozk,assert_zero,10000,4,0.3455960750579834
prove,noirky2-bits-nozk,assert_zero,10000,5,0.31679749488830566
prove,noirky2-bits-nozk,assert_zero,10000,6,0.3195669651031494
prove,noirky2-bits-nozk,assert_zero,10000,7,0.291187047958374
prove,noirky2-bits-nozk,assert_zero,10000,8,0.3080563545227051
prove,noirky2-bits-nozk,assert_zero,10000,9,0.3296806812286377
prove,noirky2-bits-nozk,assert_zero,10000,10,0.3312509059906006
prove,noirky2-bits-nozk,assert_zero,10000,11,0.3642697334289551
prove,noirky2-bits-nozk,assert_zero,10000,12,0.29983019828796387
prove,noirky2-bits-nozk,assert_zero,10000,13,0.2852189540863037
prove,noirky2-bits-nozk,assert_zero,10000,14,0.42037463188171387
prove,noirky2-bits-nozk,assert_zero,100000,0,3.7852623462677
prove,noirky2-bits-nozk,assert_zero,100000,1,3.3429501056671143
prove,noirky2-bits-nozk,assert_zero,100000,2,3.454711675643921
prove,noirky2-bits-nozk,assert_zero,100000,3,3.522573709487915
prove,noirky2-bits-nozk,assert_zero,100000,4,3.4556968212127686
prove,noirky2-bits-nozk,assert_zero,100000,5,3.5063154697418213
prove,noirky2-bits-nozk,assert_zero,100000,6,3.4074795246124268
prove,noirky2-bits-nozk,assert_zero,100000,7,3.4130730628967285
prove,noirky2-bits-nozk,assert_zero,100000,8,3.4410479068756104
prove,noirky2-bits-nozk,assert_zero,100000,9,3.413054943084717
prove,noirky2-bits-nozk,assert_zero,100000,10,3.4275784492492676
prove,noirky2-bits-nozk,assert_zero,100000,11,3.4367446899414062
prove,noirky2-bits-nozk,assert_zero,100000,12,3.4290108680725098
prove,noirky2-bits-nozk,assert_zero,100000,13,3.405334234237671
prove,noirky2-bits-nozk,assert_zero,100000,14,3.411668539047241
prove,noirky2-bits-nozk,assert_zero,1000000,0,35.119505167007446
prove,noirky2-bits-nozk,assert_zero,1000000,1,36.059943199157715
prove,noirky2-bits-nozk,assert_zero,1000000,2,36.04417872428894
prove,noirky2-bits-nozk,assert_zero,1000000,3,35.32880258560181
prove,noirky2-bits-nozk,assert_zero,1000000,4,36.043848514556885
prove,noirky2-bits-nozk,assert_zero,1000000,5,36.04835033416748
prove,noirky2-bits-nozk,assert_zero,1000000,6,36.181849002838135
prove,noirky2-bits-nozk,assert_zero,1000000,7,36.071828842163086
prove,noirky2-bits-nozk,assert_zero,1000000,8,36.46519231796265
prove,noirky2-bits-nozk,assert_zero,1000000,9,36.30584263801575
prove,noirky2-bits-nozk,assert_zero,1000000,10,35.527421712875366
prove,noirky2-bits-nozk,assert_zero,1000000,11,35.47225499153137
prove,noirky2-bits-nozk,assert_zero,1000000,12,36.20157289505005
prove,noirky2-bits-nozk,assert_zero,1000000,13,35.628772020339966
prove,noirky2-bits-nozk,assert_zero,1000000,14,36.48212027549744
prove,bb,assert_zero,100,0,0.3825199604034424
prove,bb,assert_zero,100,1,0.22168421745300293
prove,bb,assert_zero,100,2,0.22548675537109375
prove,bb,assert_zero,100,3,0.2285456657409668
prove,bb,assert_zero,100,4,0.22122764587402344
prove,bb,assert_zero,100,5,0.2247774600982666
prove,bb,assert_zero,100,6,0.22200775146484375
prove,bb,assert_zero,100,7,0.2203819751739502
prove,bb,assert_zero,100,8,0.22191953659057617
prove,bb,assert_zero,100,9,0.22089147567749023
prove,bb,assert_zero,100,10,0.21912384033203125
prove,bb,assert_zero,100,11,0.1967933177947998
prove,bb,assert_zero,100,12,0.17804694175720215
prove,bb,assert_zero,100,13,0.17089009284973145
prove,bb,assert_zero,100,14,0.16760659217834473
prove,bb,assert_zero,1000,0,0.21152114868164062
prove,bb,assert_zero,1000,1,0.2132565975189209
prove,bb,assert_zero,1000,2,0.2162926197052002
prove,bb,assert_zero,1000,3,0.22190499305725098
prove,bb,assert_zero,1000,4,0.2182002067565918
prove,bb,assert_zero,1000,5,0.21958088874816895
prove,bb,assert_zero,1000,6,0.21884655952453613
prove,bb,assert_zero,1000,7,0.2176513671875
prove,bb,assert_zero,1000,8,0.2202005386352539
prove,bb,assert_zero,1000,9,0.2204914093017578
prove,bb,assert_zero,1000,10,0.22008514404296875
prove,bb,assert_zero,1000,11,0.21893620491027832
prove,bb,assert_zero,1000,12,0.219710111618042
prove,bb,assert_zero,1000,13,0.21952033042907715
prove,bb,assert_zero,1000,14,0.2199263572692871
prove,bb,assert_zero,10000,0,0.965386152267456
prove,bb,assert_zero,10000,1,1.0099172592163086
prove,bb,assert_zero,10000,2,1.0196666717529297
prove,bb,assert_zero,10000,3,1.0131096839904785
prove,bb,assert_zero,10000,4,1.0236282348632812
prove,bb,assert_zero,10000,5,1.0260393619537354
prove,bb,assert_zero,10000,6,1.03031587600708
prove,bb,assert_zero,10000,7,1.0262303352355957
prove,bb,assert_zero,10000,8,1.0287985801696777
prove,bb,assert_zero,10000,9,1.0258982181549072
prove,bb,assert_zero,10000,10,1.0301182270050049
prove,bb,assert_zero,10000,11,1.032177209854126
prove,bb,assert_zero,10000,12,1.0375120639801025
prove,bb,assert_zero,10000,13,1.0367412567138672
prove,bb,assert_zero,10000,14,1.0269062519073486
prove,bb,assert_zero,100000,0,7.02610969543457
prove,bb,assert_zero,100000,1,7.221812009811401
prove,bb,assert_zero,100000,2,7.18937349319458
prove,bb,assert_zero,100000,3,7.1906962394714355
prove,bb,assert_zero,100000,4,7.179410219192505
prove,bb,assert_zero,100000,5,7.214742422103882
prove,bb,assert_zero,100000,6,7.201949119567871
prove,bb,assert_zero,100000,7,7.180826902389526
prove,bb,assert_zero,100000,8,7.182573080062866
prove,bb,assert_zero,100000,9,7.2485246658325195
prove,bb,assert_zero,100000,10,7.183451890945435
prove,bb,assert_zero,100000,11,7.206713914871216
prove,bb,assert_zero,100000,12,7.202821254730225
prove,bb,assert_zero,100000,13,7.232037305831909
prove,bb,assert_zero,100000,14,7.197606086730957
prove,bb,assert_zero,1000000,0,56.922879219055176
prove,bb,assert_zero,1000000,1,57.624244928359985
prove,bb,assert_zero,1000000,2,57.70904493331909
prove,bb,assert_zero,1000000,3,57.79772734642029
prove,bb,assert_zero,1000000,4,57.72568726539612
prove,bb,assert_zero,1000000,5,57.71395659446716
prove,bb,assert_zero,1000000,6,57.59255266189575
prove,bb,assert_zero,1000000,7,57.785531759262085
prove,bb,assert_zero,1000000,8,57.632389545440674
prove,bb,assert_zero,1000000,9,57.759578227996826
prove,bb,assert_zero,1000000,10,57.769179344177246
prove,bb,assert_zero,1000000,11,57.61733913421631
prove,bb,assert_zero,1000000,12,57.63902711868286
prove,bb,assert_zero,1000000,13,57.65756797790527
prove,bb,assert_zero,1000000,14,57.78815484046936
prove,noirky2-bits,memory,100,0,2.3106188774108887
prove,noirky2-bits,memory,100,1,2.2056963443756104
prove,noirky2-bits,memory,100,2,2.2074759006500244
prove,noirky2-bits,memory,100,3,2.0424280166625977
prove,noirky2-bits,memory,100,4,1.8440659046173096
prove,noirky2-bits,memory,100,5,1.831601619720459
prove,noirky2-bits,memory,100,6,1.804833173751831
prove,noirky2-bits,memory,100,7,1.951446771621704
prove,noirky2-bits,memory,100,8,1.8647854328155518
prove,noirky2-bits,memory,100,9,1.8367693424224854
prove,noirky2-bits,memory,100,10,1.869227647781372
prove,noirky2-bits,memory,100,11,1.8657283782958984
prove,noirky2-bits,memory,100,12,1.8604121208190918
prove,noirky2-bits,memory,100,13,1.956596851348877
prove,noirky2-bits,memory,100,14,1.9344487190246582
prove,noirky2-bits,memory,200,0,7.2205376625061035
prove,noirky2-bits,memory,200,1,7.398911714553833
prove,noirky2-bits,memory,200,2,7.451132297515869
prove,noirky2-bits,memory,200,3,7.400298357009888
prove,noirky2-bits,memory,200,4,7.547172784805298
prove,noirky2-bits,memory,200,5,7.457206726074219
prove,noirky2-bits,memory,200,6,7.344648599624634
prove,noirky2-bits,memory,200,7,7.469817399978638
prove,noirky2-bits,memory,200,8,7.355854272842407
prove,noirky2-bits,memory,200,9,7.549643039703369
prove,noirky2-bits,memory,200,10,7.4060163497924805
prove,noirky2-bits,memory,200,11,7.388924837112427
prove,noirky2-bits,memory,200,12,7.5582969188690186
prove,noirky2-bits,memory,200,13,7.355179786682129
prove,noirky2-bits,memory,200,14,7.319709539413452
prove,noirky2-bits,memory,300,0,8.768293142318726
prove,noirky2-bits,memory,300,1,8.727108001708984
prove,noirky2-bits,memory,300,2,8.72251272201538
prove,noirky2-bits,memory,300,3,8.770597219467163
prove,noirky2-bits,memory,300,4,8.667200326919556
prove,noirky2-bits,memory,300,5,8.621912479400635
prove,noirky2-bits,memory,300,6,8.82656192779541
prove,noirky2-bits,memory,300,7,8.856616497039795
prove,noirky2-bits,memory,300,8,8.644915342330933
prove,noirky2-bits,memory,300,9,8.545496225357056
prove,noirky2-bits,memory,300,10,8.725759744644165
prove,noirky2-bits,memory,300,11,8.625660181045532
prove,noirky2-bits,memory,300,12,8.627569913864136
prove,noirky2-bits,memory,300,13,8.670390367507935
prove,noirky2-bits,memory,300,14,8.739957332611084
prove,noirky2-bits,memory,400,0,16.922223806381226
prove,noirky2-bits,memory,400,1,17.61577796936035
prove,noirky2-bits,memory,400,2,17.625916957855225
prove,noirky2-bits,memory,400,3,17.60920023918152
prove,noirky2-bits,memory,400,4,17.54766082763672
prove,noirky2-bits,memory,400,5,17.658663511276245
prove,noirky2-bits,memory,400,6,17.805453062057495
prove,noirky2-bits,memory,400,7,17.524258852005005
prove,noirky2-bits,memory,400,8,17.503197193145752
prove,noirky2-bits,memory,400,9,17.54548192024231
prove,noirky2-bits,memory,400,10,17.883987426757812
prove,noirky2-bits,memory,400,11,17.21817898750305
prove,noirky2-bits,memory,400,12,18.94691300392151
prove,noirky2-bits,memory,400,13,19.01915717124939
prove,noirky2-bits,memory,400,14,17.25386071205139
prove,noirky2-bits,memory,500,0,34.16671013832092
prove,noirky2-bits,memory,500,1,34.834293603897095
prove,noirky2-bits,memory,500,2,34.59829902648926
prove,noirky2-bits,memory,500,3,34.02920150756836
prove,noirky2-bits,memory,500,4,34.16432452201843
prove,noirky2-bits,memory,500,5,34.25377583503723
prove,noirky2-bits,memory,500,6,34.00304841995239
prove,noirky2-bits,memory,500,7,34.75532364845276
prove,noirky2-bits,memory,500,8,34.4587242603302
prove,noirky2-bits,memory,500,9,33.95643162727356
prove,noirky2-bits,memory,500,10,34.90542411804199
prove,noirky2-bits,memory,500,11,33.59711003303528
prove,noirky2-bits,memory,500,12,35.12130951881409
prove,noirky2-bits,memory,500,13,34.60617446899414
prove,noirky2-bits,memory,500,14,33.99576497077942
prove,noirky2-bits-nozk,memory,100,0,0.9759860038757324
prove,noirky2-bits-nozk,memory,100,1,0.9821457862854004
prove,noirky2-bits-nozk,memory,100,2,0.9869816303253174
prove,noirky2-bits-nozk,memory,100,3,1.0221765041351318
prove,noirky2-bits-nozk,memory,100,4,1.0356245040893555
prove,noirky2-bits-nozk,memory,100,5,1.039785385131836
prove,noirky2-bits-nozk,memory,100,6,0.9706950187683105
prove,noirky2-bits-nozk,memory,100,7,0.8315670490264893
prove,noirky2-bits-nozk,memory,100,8,0.9043488502502441
prove,noirky2-bits-nozk,memory,100,9,0.8416967391967773
prove,noirky2-bits-nozk,memory,100,10,0.8807055950164795
prove,noirky2-bits-nozk,memory,100,11,0.8344793319702148
prove,noirky2-bits-nozk,memory,100,12,0.8366305828094482
prove,noirky2-bits-nozk,memory,100,13,0.8146317005157471
prove,noirky2-bits-nozk,memory,100,14,0.8232662677764893
prove,noirky2-bits-nozk,memory,200,0,3.4376304149627686
prove,noirky2-bits-nozk,memory,200,1,3.4420042037963867
prove,noirky2-bits-nozk,memory,200,2,3.463555097579956
prove,noirky2-bits-nozk,memory,200,3,3.4801597595214844
prove,noirky2-bits-nozk,memory,200,4,3.6177773475646973
prove,noirky2-bits-nozk,memory,200,5,3.5158605575561523
prove,noirky2-bits-nozk,memory,200,6,3.635512113571167
prove,noirky2-bits-nozk,memory,200,7,3.5273168087005615
prove,noirky2-bits-nozk,memory,200,8,3.4983181953430176
prove,noirky2-bits-nozk,memory,200,9,3.482456684112549
prove,noirky2-bits-nozk,memory,200,10,3.482809543609619
prove,noirky2-bits-nozk,memory,200,11,3.5132205486297607
prove,noirky2-bits-nozk,memory,200,12,3.5133414268493652
prove,noirky2-bits-nozk,memory,200,13,3.517918586730957
prove,noirky2-bits-nozk,memory,200,14,3.4903557300567627
prove,noirky2-bits-nozk,memory,300,0,7.629412412643433
prove,noirky2-bits-nozk,memory,300,1,7.763119459152222
prove,noirky2-bits-nozk,memory,300,2,7.794991493225098
prove,noirky2-bits-nozk,memory,300,3,7.880954742431641
prove,noirky2-bits-nozk,memory,300,4,7.8334267139434814
prove,noirky2-bits-nozk,memory,300,5,7.749014854431152
prove,noirky2-bits-nozk,memory,300,6,7.785778999328613
prove,noirky2-bits-nozk,memory,300,7,7.8353283405303955
prove,noirky2-bits-nozk,memory,300,8,7.812657117843628
prove,noirky2-bits-nozk,memory,300,9,7.83393406867981
prove,noirky2-bits-nozk,memory,300,10,7.879090070724487
prove,noirky2-bits-nozk,memory,300,11,7.78105616569519
prove,noirky2-bits-nozk,memory,300,12,7.770406723022461
prove,noirky2-bits-nozk,memory,300,13,7.817654371261597
prove,noirky2-bits-nozk,memory,300,14,7.84736704826355
prove,noirky2-bits-nozk,memory,400,0,15.412597894668579
prove,noirky2-bits-nozk,memory,400,1,16.248301029205322
prove,noirky2-bits-nozk,memory,400,2,15.721631526947021
prove,noirky2-bits-nozk,memory,400,3,15.98362135887146
prove,noirky2-bits-nozk,memory,400,4,15.918274641036987
prove,noirky2-bits-nozk,memory,400,5,16.461620092391968
prove,noirky2-bits-nozk,memory,400,6,15.647040128707886
prove,noirky2-bits-nozk,memory,400,7,16.3372163772583
prove,noirky2-bits-nozk,memory,400,8,15.680839776992798
prove,noirky2-bits-nozk,memory,400,9,16.341234922409058
prove,noirky2-bits-nozk,memory,400,10,15.682841777801514
prove,noirky2-bits-nozk,memory,400,11,16.30760622024536
prove,noirky2-bits-nozk,memory,400,12,15.64985203742981
prove,noirky2-bits-nozk,memory,400,13,16.29345965385437
prove,noirky2-bits-nozk,memory,400,14,15.625310182571411
prove,noirky2-bits-nozk,memory,500,0,32.19200658798218
prove,noirky2-bits-nozk,memory,500,1,31.492060661315918
prove,noirky2-bits-nozk,memory,500,2,32.29731583595276
prove,noirky2-bits-nozk,memory,500,3,31.39829707145691
prove,noirky2-bits-nozk,memory,500,4,31.888776063919067
prove,noirky2-bits-nozk,memory,500,5,31.546655893325806
prove,noirky2-bits-nozk,memory,500,6,32.138221740722656
prove,noirky2-bits-nozk,memory,500,7,31.854074478149414
prove,noirky2-bits-nozk,memory,500,8,31.578072786331177
prove,noirky2-bits-nozk,memory,500,9,32.00513935089111
prove,noirky2-bits-nozk,memory,500,10,31.838438987731934
prove,noirky2-bits-nozk,memory,500,11,31.642894744873047
prove,noirky2-bits-nozk,memory,500,12,31.508830308914185
prove,noirky2-bits-nozk,memory,500,13,31.60451316833496
prove,noirky2-bits-nozk,memory,500,14,31.7467782497406
prove,bb,memory,100,0,0.34545111656188965
prove,bb,memory,100,1,0.33700060844421387
prove,bb,memory,100,2,0.3369877338409424
prove,bb,memory,100,3,0.33399438858032227
prove,bb,memory,100,4,0.3354475498199463
prove,bb,memory,100,5,0.3346700668334961
prove,bb,memory,100,6,0.3352642059326172
prove,bb,memory,100,7,0.332350492477417
prove,bb,memory,100,8,0.3352236747741699
prove,bb,memory,100,9,0.3325464725494385
prove,bb,memory,100,10,0.3351588249206543
prove,bb,memory,100,11,0.3381824493408203
prove,bb,memory,100,12,0.3350667953491211
prove,bb,memory,100,13,0.3376023769378662
prove,bb,memory,100,14,0.3349456787109375
prove,bb,memory,200,0,0.40929484367370605
prove,bb,memory,200,1,0.37210917472839355
prove,bb,memory,200,2,0.37030792236328125
prove,bb,memory,200,3,0.3652212619781494
prove,bb,memory,200,4,0.3709444999694824
prove,bb,memory,200,5,0.372344970703125
prove,bb,memory,200,6,0.3650848865509033
prove,bb,memory,200,7,0.3721809387207031
prove,bb,memory,200,8,0.3705565929412842
prove,bb,memory,200,9,0.36910557746887207
prove,bb,memory,200,10,0.3744642734527588
prove,bb,memory,200,11,0.36789965629577637
prove,bb,memory,200,12,0.3750901222229004
prove,bb,memory,200,13,0.37067365646362305
prove,bb,memory,200,14,0.37250423431396484
prove,bb,memory,300,0,0.5590090751647949
prove,bb,memory,300,1,0.5630106925964355
prove,bb,memory,300,2,0.5712227821350098
prove,bb,memory,300,3,0.571648359298706
prove,bb,memory,300,4,0.5713765621185303
prove,bb,memory,300,5,0.5719757080078125
prove,bb,memory,300,6,0.5732605457305908
prove,bb,memory,300,7,0.5815122127532959
prove,bb,memory,300,8,0.5736994743347168
prove,bb,memory,300,9,0.5767567157745361
prove,bb,memory,300,10,0.5745065212249756
prove,bb,memory,300,11,0.5729303359985352
prove,bb,memory,300,12,0.5745511054992676
prove,bb,memory,300,13,0.5782597064971924
prove,bb,memory,300,14,0.5769455432891846
prove,bb,memory,400,0,0.5828475952148438
prove,bb,memory,400,1,0.5809743404388428
prove,bb,memory,400,2,0.5829262733459473
prove,bb,memory,400,3,0.579573392868042
prove,bb,memory,400,4,0.5770947933197021
prove,bb,memory,400,5,0.5774345397949219
prove,bb,memory,400,6,0.5874817371368408
prove,bb,memory,400,7,0.5807671546936035
prove,bb,memory,400,8,0.5822327136993408
prove,bb,memory,400,9,0.5842034816741943
prove,bb,memory,400,10,0.585141658782959
prove,bb,memory,400,11,0.5829486846923828
prove,bb,memory,400,12,0.5824944972991943
prove,bb,memory,400,13,0.5780966281890869
prove,bb,memory,400,14,0.5846991539001465
prove,bb,memory,500,0,0.5868465900421143
prove,bb,memory,500,1,0.5837452411651611
prove,bb,memory,500,2,0.5817553997039795
prove,bb,memory,500,3,0.5906112194061279
prove,bb,memory,500,4,0.5954222679138184
prove,bb,memory,500,5,0.5774936676025391
prove,bb,memory,500,6,0.5878183841705322
prove,bb,memory,500,7,0.5828311443328857
prove,bb,memory,500,8,0.5822374820709229
prove,bb,memory,500,9,0.5979452133178711
prove,bb,memory,500,10,0.5841038227081299
prove,bb,memory,500,11,0.581352710723877
prove,bb,memory,500,12,0.5843040943145752
prove,bb,memory,500,13,0.5925209522247314
prove,bb,memory,500,14,0.5824835300445557
prove,noirky2-bits,range/u8,100,0,1.6110358238220215
prove,noirky2-bits,range/u8,100,1,1.6153676509857178
prove,noirky2-bits,range/u8,100,2,1.6244347095489502
prove,noirky2-bits,range/u8,100,3,1.6463580131530762
prove,noirky2-bits,range/u8,100,4,1.588526725769043
prove,noirky2-bits,range/u8,100,5,1.61025071144104
prove,noirky2-bits,range/u8,100,6,1.6131038665771484
prove,noirky2-bits,range/u8,100,7,1.6298794746398926
prove,noirky2-bits,range/u8,100,8,1.6204228401184082
prove,noirky2-bits,range/u8,100,9,1.5905067920684814
prove,noirky2-bits,range/u8,100,10,1.581653356552124
prove,noirky2-bits,range/u8,100,11,1.6156470775604248
prove,noirky2-bits,range/u8,100,12,1.7210006713867188
prove,noirky2-bits,range/u8,100,13,1.6507046222686768
prove,noirky2-bits,range/u8,100,14,1.732999563217163
prove,noirky2-bits,range/u8,500,0,1.605595588684082
prove,noirky2-bits,range/u8,500,1,1.6174521446228027
prove,noirky2-bits,range/u8,500,2,1.7348265647888184
prove,noirky2-bits,range/u8,500,3,1.6751501560211182
prove,noirky2-bits,range/u8,500,4,1.686722993850708
prove,noirky2-bits,range/u8,500,5,1.5944623947143555
prove,noirky2-bits,range/u8,500,6,1.6156280040740967
prove,noirky2-bits,range/u8,500,7,1.6863436698913574
prove,noirky2-bits,range/u8,500,8,1.6276922225952148
prove,noirky2-bits,range/u8,500,9,1.5779993534088135
prove,noirky2-bits,range/u8,500,10,1.5868191719055176
prove,noirky2-bits,range/u8,500,11,1.6326923370361328
prove,noirky2-bits,range/u8,500,12,1.6405706405639648
prove,noirky2-bits,range/u8,500,13,1.6339874267578125
prove,noirky2-bits,range/u8,500,14,1.6276600360870361
prove,noirky2-bits,range/u8,1000,0,1.6486632823944092
prove,noirky2-bits,range/u8,1000,1,1.631471872329712
prove,noirky2-bits,range/u8,1000,2,1.6193950176239014
prove,noirky2-bits,range/u8,1000,3,1.6271755695343018
prove,noirky2-bits,range/u8,1000,4,1.8325963020324707
prove,noirky2-bits,range/u8,1000,5,1.6324400901794434
prove,noirky2-bits,range/u8,1000,6,1.6093189716339111
prove,noirky2-bits,range/u8,1000,7,1.660881757736206
prove,noirky2-bits,range/u8,1000,8,1.604905366897583
prove,noirky2-bits,range/u8,1000,9,1.6033592224121094
prove,noirky2-bits,range/u8,1000,10,1.61602783203125
prove,noirky2-bits,range/u8,1000,11,1.6018173694610596
prove,noirky2-bits,range/u8,1000,12,1.606119155883789
prove,noirky2-bits,range/u8,1000,13,1.6284196376800537
prove,noirky2-bits,range/u8,1000,14,1.6057369709014893
prove,noirky2-bits,range/u8,2000,0,1.7176225185394287
prove,noirky2-bits,range/u8,2000,1,1.6630148887634277
prove,noirky2-bits,range/u8,2000,2,1.618692398071289
prove,noirky2-bits,range/u8,2000,3,1.6226387023925781
prove,noirky2-bits,range/u8,2000,4,1.6129279136657715
prove,noirky2-bits,range/u8,2000,5,1.6076130867004395
prove,noirky2-bits,range/u8,2000,6,1.6027796268463135
prove,noirky2-bits,range/u8,2000,7,1.66690993309021
prove,noirky2-bits,range/u8,2000,8,1.5991899967193604
prove,noirky2-bits,range/u8,2000,9,1.6054937839508057
prove,noirky2-bits,range/u8,2000,10,1.5938329696655273
prove,noirky2-bits,range/u8,2000,11,1.603985071182251
prove,noirky2-bits,range/u8,2000,12,1.624943494796753
prove,noirky2-bits,range/u8,2000,13,1.6138677597045898
prove,noirky2-bits,range/u8,2000,14,1.6273560523986816
prove,noirky2-bits-nozk,range/u8,100,0,0.020668983459472656
prove,noirky2-bits-nozk,range/u8,100,1,0.02796196937561035
prove,noirky2-bits-nozk,range/u8,100,2,0.03072381019592285
prove,noirky2-bits-nozk,range/u8,100,3,0.030664920806884766
prove,noirky2-bits-nozk,range/u8,100,4,0.04938316345214844
prove,noirky2-bits-nozk,range/u8,100,5,0.035239219665527344
prove,noirky2-bits-nozk,range/u8,100,6,0.03976750373840332
prove,noirky2-bits-nozk,range/u8,100,7,0.021025657653808594
prove,noirky2-bits-nozk,range/u8,100,8,0.02702951431274414
prove,noirky2-bits-nozk,range/u8,100,9,0.03741717338562012
prove,noirky2-bits-nozk,range/u8,100,10,0.02701878547668457
prove,noirky2-bits-nozk,range/u8,100,11,0.033522605895996094
prove,noirky2-bits-nozk,range/u8,100,12,0.19489216804504395
prove,noirky2-bits-nozk,range/u8,100,13,0.02795243263244629
prove,noirky2-bits-nozk,range/u8,100,14,0.05755329132080078
prove,noirky2-bits-nozk,range/u8,500,0,0.0963897705078125
prove,noirky2-bits-nozk,range/u8,500,1,0.04810380935668945
prove,noirky2-bits-nozk,range/u8,500,2,0.04566764831542969
prove,noirky2-bits-nozk,range/u8,500,3,0.05673646926879883
prove,noirky2-bits-nozk,range/u8,500,4,0.07989883422851562
prove,noirky2-bits-nozk,range/u8,500,5,0.06742048263549805
prove,noirky2-bits-nozk,range/u8,500,6,0.06834840774536133
prove,noirky2-bits-nozk,range/u8,500,7,0.09363937377929688
prove,noirky2-bits-nozk,range/u8,500,8,0.09563899040222168
prove,noirky2-bits-nozk,range/u8,500,9,0.13000822067260742
prove,noirky2-bits-nozk,range/u8,500,10,0.09789681434631348
prove,noirky2-bits-nozk,range/u8,500,11,0.06891465187072754
prove,noirky2-bits-nozk,range/u8,500,12,0.061127662658691406
prove,noirky2-bits-nozk,range/u8,500,13,0.05365729331970215
prove,noirky2-bits-nozk,range/u8,500,14,0.04742932319641113
prove,noirky2-bits-nozk,range/u8,1000,0,0.12618398666381836
prove,noirky2-bits-nozk,range/u8,1000,1,0.08191943168640137
prove,noirky2-bits-nozk,range/u8,1000,2,0.08629584312438965
prove,noirky2-bits-nozk,range/u8,1000,3,0.10519218444824219
prove,noirky2-bits-nozk,range/u8,1000,4,0.08482933044433594
prove,noirky2-bits-nozk,range/u8,1000,5,0.09645771980285645
prove,noirky2-bits-nozk,range/u8,1000,6,0.13068079948425293
prove,noirky2-bits-nozk,range/u8,1000,7,0.11050200462341309
prove,noirky2-bits-nozk,range/u8,1000,8,0.14224529266357422
prove,noirky2-bits-nozk,range/u8,1000,9,0.08521342277526855
prove,noirky2-bits-nozk,range/u8,1000,10,0.0827798843383789
prove,noirky2-bits-nozk,range/u8,1000,11,0.09150028228759766
prove,noirky2-bits-nozk,range/u8,1000,12,0.08442187309265137
prove,noirky2-bits-nozk,range/u8,1000,13,0.09242916107177734
prove,noirky2-bits-nozk,range/u8,1000,14,0.10439348220825195
prove,noirky2-bits-nozk,range/u8,2000,0,0.15564298629760742
prove,noirky2-bits-nozk,range/u8,2000,1,0.1822500228881836
prove,noirky2-bits-nozk,range/u8,2000,2,0.15579009056091309
prove,noirky2-bits-nozk,range/u8,2000,3,0.19255399703979492
prove,noirky2-bits-nozk,range/u8,2000,4,0.15892386436462402
prove,noirky2-bits-nozk,range/u8,2000,5,0.25861644744873047
prove,noirky2-bits-nozk,range/u8,2000,6,0.1745164394378662
prove,noirky2-bits-nozk,range/u8,2000,7,0.23342370986938477
prove,noirky2-bits-nozk,range/u8,2000,8,0.19234633445739746
prove,noirky2-bits-nozk,range/u8,2000,9,0.16164731979370117
prove,noirky2-bits-nozk,range/u8,2000,10,0.15446233749389648
prove,noirky2-bits-nozk,range/u8,2000,11,0.15989303588867188
prove,noirky2-bits-nozk,range/u8,2000,12,0.18636012077331543
prove,noirky2-bits-nozk,range/u8,2000,13,0.22020983695983887
prove,noirky2-bits-nozk,range/u8,2000,14,0.1599876880645752
prove,bb,range/u8,100,0,0.2305891513824463
prove,bb,range/u8,100,1,0.22545194625854492
prove,bb,range/u8,100,2,0.2245781421661377
prove,bb,range/u8,100,3,0.2150416374206543
prove,bb,range/u8,100,4,0.1910569667816162
prove,bb,range/u8,100,5,0.1814730167388916
prove,bb,range/u8,100,6,0.17572999000549316
prove,bb,range/u8,100,7,0.17177939414978027
prove,bb,range/u8,100,8,0.17119908332824707
prove,bb,range/u8,100,9,0.1708829402923584
prove,bb,range/u8,100,10,0.17208099365234375
prove,bb,range/u8,100,11,0.171494722366333
prove,bb,range/u8,100,12,0.17021918296813965
prove,bb,range/u8,100,13,0.17098593711853027
prove,bb,range/u8,100,14,0.17118501663208008
prove,bb,range/u8,500,0,0.20634007453918457
prove,bb,range/u8,500,1,0.20979952812194824
prove,bb,range/u8,500,2,0.21281194686889648
prove,bb,range/u8,500,3,0.21434521675109863
prove,bb,range/u8,500,4,0.21489882469177246
prove,bb,range/u8,500,5,0.21953916549682617
prove,bb,range/u8,500,6,0.21348977088928223
prove,bb,range/u8,500,7,0.21388626098632812
prove,bb,range/u8,500,8,0.2153933048248291
prove,bb,range/u8,500,9,0.21411466598510742
prove,bb,range/u8,500,10,0.21472501754760742
prove,bb,range/u8,500,11,0.2158644199371338
prove,bb,range/u8,500,12,0.21653032302856445
prove,bb,range/u8,500,13,0.2154858112335205
prove,bb,range/u8,500,14,0.21605992317199707
prove,bb,range/u8,1000,0,0.2640531063079834
prove,bb,range/u8,1000,1,0.2699093818664551
prove,bb,range/u8,1000,2,0.2748844623565674
prove,bb,range/u8,1000,3,0.28005361557006836
prove,bb,range/u8,1000,4,0.27736902236938477
prove,bb,range/u8,1000,5,0.2807300090789795
prove,bb,range/u8,1000,6,0.2769002914428711
prove,bb,range/u8,1000,7,0.27874183654785156
prove,bb,range/u8,1000,8,0.2794370651245117
prove,bb,range/u8,1000,9,0.2783820629119873
prove,bb,range/u8,1000,10,0.27539944648742676
prove,bb,range/u8,1000,11,0.28373289108276367
prove,bb,range/u8,1000,12,0.2775106430053711
prove,bb,range/u8,1000,13,0.2771928310394287
prove,bb,range/u8,1000,14,0.2779965400695801
prove,bb,range/u8,2000,0,0.3591141700744629
prove,bb,range/u8,2000,1,0.36652183532714844
prove,bb,range/u8,2000,2,0.37184619903564453
prove,bb,range/u8,2000,3,0.378206729888916
prove,bb,range/u8,2000,4,0.37138819694519043
prove,bb,range/u8,2000,5,0.3781468868255615
prove,bb,range/u8,2000,6,0.37506914138793945
prove,bb,range/u8,2000,7,0.4034419059753418
prove,bb,range/u8,2000,8,0.38053035736083984
prove,bb,range/u8,2000,9,0.37384939193725586
prove,bb,range/u8,2000,10,0.37647414207458496
prove,bb,range/u8,2000,11,0.3815908432006836
prove,bb,range/u8,2000,12,0.3717041015625
prove,bb,range/u8,2000,13,0.37117576599121094
prove,bb,range/u8,2000,14,0.37091755867004395
prove,noirky2-limb,range/u8,100,0,1.9723548889160156
prove,noirky2-limb,range/u8,100,1,1.8281385898590088
prove,noirky2-limb,range/u8,100,2,1.7934913635253906
prove,noirky2-limb,range/u8,100,3,1.7756872177124023
prove,noirky2-limb,range/u8,100,4,1.782235860824585
prove,noirky2-limb,range/u8,100,5,1.793506145477295
prove,noirky2-limb,range/u8,100,6,1.7939131259918213
prove,noirky2-limb,range/u8,100,7,1.874474048614502
prove,noirky2-limb,range/u8,100,8,1.7921900749206543
prove,noirky2-limb,range/u8,100,9,1.8214807510375977
prove,noirky2-limb,range/u8,100,10,1.7619287967681885
prove,noirky2-limb,range/u8,100,11,1.8120334148406982
prove,noirky2-limb,range/u8,100,12,1.8095207214355469
prove,noirky2-limb,range/u8,100,13,1.7972650527954102
prove,noirky2-limb,range/u8,100,14,1.8034043312072754
prove,noirky2-limb,range/u8,500,0,1.905494213104248
prove,noirky2-limb,range/u8,500,1,1.800058126449585
prove,noirky2-limb,range/u8,500,2,1.9250969886779785
prove,noirky2-limb,range/u8,500,3,1.8071200847625732
prove,noirky2-limb,range/u8,500,4,1.8106606006622314
prove,noirky2-limb,range/u8,500,5,1.8741555213928223
prove,noirky2-limb,range/u8,500,6,1.8304011821746826
prove,noirky2-limb,range/u8,500,7,1.772526741027832
prove,noirky2-limb,range/u8,500,8,1.8300857543945312
prove,noirky2-limb,range/u8,500,9,1.806819200515747
prove,noirky2-limb,range/u8,500,10,1.786766767501831
prove,noirky2-limb,range/u8,500,11,1.8207452297210693
prove,noirky2-limb,range/u8,500,12,1.8455877304077148
prove,noirky2-limb,range/u8,500,13,1.8510639667510986
prove,noirky2-limb,range/u8,500,14,1.8261001110076904
prove,noirky2-limb,range/u8,1000,0,1.798598289489746
prove,noirky2-limb,range/u8,1000,1,1.8845274448394775
prove,noirky2-limb,range/u8,1000,2,1.8322694301605225
prove,noirky2-limb,range/u8,1000,3,1.7941012382507324
prove,noirky2-limb,range/u8,1000,4,1.7705819606781006
prove,noirky2-limb,range/u8,1000,5,1.817615032196045
prove,noirky2-limb,range/u8,1000,6,1.7940001487731934
prove,noirky2-limb,range/u8,1000,7,1.8096897602081299
prove,noirky2-limb,range/u8,1000,8,1.9347925186157227
prove,noirky2-limb,range/u8,1000,9,1.811279535293579
prove,noirky2-limb,range/u8,1000,10,1.816082239151001
prove,noirky2-limb,range/u8,1000,11,1.8152389526367188
prove,noirky2-limb,range/u8,1000,12,1.8867437839508057
prove,noirky2-limb,range/u8,1000,13,1.7938268184661865
prove,noirky2-limb,range/u8,1000,14,1.7898352146148682
prove,noirky2-limb,range/u8,2000,0,1.7974679470062256
prove,noirky2-limb,range/u8,2000,1,1.7905845642089844
prove,noirky2-limb,range/u8,2000,2,1.8329401016235352
prove,noirky2-limb,range/u8,2000,3,1.7922770977020264
prove,noirky2-limb,range/u8,2000,4,1.8346407413482666
prove,noirky2-limb,range/u8,2000,5,1.8198468685150146
prove,noirky2-limb,range/u8,2000,6,1.8089056015014648
prove,noirky2-limb,range/u8,2000,7,1.8194210529327393
prove,noirky2-limb,range/u8,2000,8,1.8007137775421143
prove,noirky2-limb,range/u8,2000,9,1.841550350189209
prove,noirky2-limb,range/u8,2000,10,1.815359115600586
prove,noirky2-limb,range/u8,2000,11,1.798208475112915
prove,noirky2-limb,range/u8,2000,12,1.7803375720977783
prove,noirky2-limb,range/u8,2000,13,1.8088030815124512
prove,noirky2-limb,range/u8,2000,14,1.8341526985168457
prove,noirky2-limb-nozk,range/u8,100,0,0.1048898696899414
prove,noirky2-limb-nozk,range/u8,100,1,0.04446077346801758
prove,noirky2-limb-nozk,range/u8,100,2,0.05382537841796875
prove,noirky2-limb-nozk,range/u8,100,3,0.008092641830444336
prove,noirky2-limb-nozk,range/u8,100,4,0.03142404556274414
prove,noirky2-limb-nozk,range/u8,100,5,0.0343928337097168
prove,noirky2-limb-nozk,range/u8,100,6,0.00892186164855957
prove,noirky2-limb-nozk,range/u8,100,7,0.03699541091918945
prove,noirky2-limb-nozk,range/u8,100,8,0.04187154769897461
prove,noirky2-limb-nozk,range/u8,100,9,0.04890704154968262
prove,noirky2-limb-nozk,range/u8,100,10,0.05403876304626465
prove,noirky2-limb-nozk,range/u8,100,11,0.050729990005493164
prove,noirky2-limb-nozk,range/u8,100,12,0.01665186882019043
prove,noirky2-limb-nozk,range/u8,100,13,0.029284954071044922
prove,noirky2-limb-nozk,range/u8,100,14,0.015871047973632812
prove,noirky2-limb-nozk,range/u8,500,0,0.06964516639709473
prove,noirky2-limb-nozk,range/u8,500,1,0.03540349006652832
prove,noirky2-limb-nozk,range/u8,500,2,0.06368231773376465
prove,noirky2-limb-nozk,range/u8,500,3,0.026724815368652344
prove,noirky2-limb-nozk,range/u8,500,4,0.03033280372619629
prove,noirky2-limb-nozk,range/u8,500,5,0.024942398071289062
prove,noirky2-limb-nozk,range/u8,500,6,0.04063916206359863
prove,noirky2-limb-nozk,range/u8,500,7,0.02637338638305664
prove,noirky2-limb-nozk,range/u8,500,8,0.039971351623535156
prove,noirky2-limb-nozk,range/u8,500,9,0.0423429012298584
prove,noirky2-limb-nozk,range/u8,500,10,0.03116321563720703
prove,noirky2-limb-nozk,range/u8,500,11,0.03644061088562012
prove,noirky2-limb-nozk,range/u8,500,12,0.012016773223876953
prove,noirky2-limb-nozk,range/u8,500,13,0.06796050071716309
prove,noirky2-limb-nozk,range/u8,500,14,0.07183575630187988
prove,noirky2-limb-nozk,range/u8,1000,0,0.07182860374450684
prove,noirky2-limb-nozk,range/u8,1000,1,0.0899817943572998
prove,noirky2-limb-nozk,range/u8,1000,2,0.018121957778930664
prove,noirky2-limb-nozk,range/u8,1000,3,0.019952058792114258
prove,noirky2-limb-nozk,range/u8,1000,4,0.016101598739624023
prove,noirky2-limb-nozk,range/u8,1000,5,0.11470651626586914
prove,noirky2-limb-nozk,range/u8,1000,6,0.03577423095703125
prove,noirky2-limb-nozk,range/u8,1000,7,0.06512713432312012
prove,noirky2-limb-nozk,range/u8,1000,8,0.015232086181640625
prove,noirky2-limb-nozk,range/u8,1000,9,0.014103174209594727
prove,noirky2-limb-nozk,range/u8,1000,10,0.01648712158203125
prove,noirky2-limb-nozk,range/u8,1000,11,0.0619049072265625
prove,noirky2-limb-nozk,range/u8,1000,12,0.01949596405029297
prove,noirky2-limb-nozk,range/u8,1000,13,0.04848432540893555
prove,noirky2-limb-nozk,range/u8,1000,14,0.015374898910522461
prove,noirky2-limb-nozk,range/u8,2000,0,0.043426513671875
prove,noirky2-limb-nozk,range/u8,2000,1,0.0785222053527832
prove,noirky2-limb-nozk,range/u8,2000,2,0.0501711368560791
prove,noirky2-limb-nozk,range/u8,2000,3,0.06252527236938477
prove,noirky2-limb-nozk,range/u8,2000,4,0.017487287521362305
prove,noirky2-limb-nozk,range/u8,2000,5,0.022567272186279297
prove,noirky2-limb-nozk,range/u8,2000,6,0.08936309814453125
prove,noirky2-limb-nozk,range/u8,2000,7,0.046381235122680664
prove,noirky2-limb-nozk,range/u8,2000,8,0.060819387435913086
prove,noirky2-limb-nozk,range/u8,2000,9,0.02444744110107422
prove,noirky2-limb-nozk,range/u8,2000,10,0.02480459213256836
prove,noirky2-limb-nozk,range/u8,2000,11,0.018968582153320312
prove,noirky2-limb-nozk,range/u8,2000,12,0.016928911209106445
prove,noirky2-limb-nozk,range/u8,2000,13,0.018236637115478516
prove,noirky2-limb-nozk,range/u8,2000,14,0.1051328182220459
prove,noirky2-bits,range/u16,100,0,1.8278529644012451
prove,noirky2-bits,range/u16,100,1,1.7144744396209717
prove,noirky2-bits,range/u16,100,2,1.6059644222259521
prove,noirky2-bits,range/u16,100,3,1.649385690689087
prove,noirky2-bits,range/u16,100,4,1.6328318119049072
prove,noirky2-bits,range/u16,100,5,1.6340625286102295
prove,noirky2-bits,range/u16,100,6,1.6459810733795166
prove,noirky2-bits,range/u16,100,7,1.6336376667022705
prove,noirky2-bits,range/u16,100,8,1.6648986339569092
prove,noirky2-bits,range/u16,100,9,1.682250738143921
prove,noirky2-bits,range/u16,100,10,1.65584397315979
prove,noirky2-bits,range/u16,100,11,1.602043628692627
prove,noirky2-bits,range/u16,100,12,1.6008942127227783
prove,noirky2-bits,range/u16,100,13,1.6808807849884033
prove,noirky2-bits,range/u16,100,14,1.6507108211517334
prove,noirky2-bits,range/u16,500,0,1.5935957431793213
prove,noirky2-bits,range/u16,500,1,1.6037490367889404
prove,noirky2-bits,range/u16,500,2,1.6029798984527588
prove,noirky2-bits,range/u16,500,3,1.590193510055542
prove,noirky2-bits,range/u16,500,4,1.6066548824310303
prove,noirky2-bits,range/u16,500,5,1.5916416645050049
prove,noirky2-bits,range/u16,500,6,1.6293449401855469
prove,noirky2-bits,range/u16,500,7,1.6086511611938477
prove,noirky2-bits,range/u16,500,8,1.6245145797729492
prove,noirky2-bits,range/u16,500,9,1.6222913265228271
prove,noirky2-bits,range/u16,500,10,1.6506967544555664
prove,noirky2-bits,range/u16,500,11,1.6877152919769287
prove,noirky2-bits,range/u16,500,12,1.6276583671569824
prove,noirky2-bits,range/u16,500,13,1.6349713802337646
prove,noirky2-bits,range/u16,500,14,1.6266777515411377
prove,noirky2-bits,range/u16,1000,0,1.591301679611206
prove,noirky2-bits,range/u16,1000,1,1.6011428833007812
prove,noirky2-bits,range/u16,1000,2,1.6865699291229248
prove,noirky2-bits,range/u16,1000,3,1.713606595993042
prove,noirky2-bits,range/u16,1000,4,1.6025846004486084
prove,noirky2-bits,range/u16,1000,5,1.610938549041748
prove,noirky2-bits,range/u16,1000,6,1.5889441967010498
prove,noirky2-bits,range/u16,1000,7,1.5959062576293945
prove,noirky2-bits,range/u16,1000,8,1.6095545291900635
prove,noirky2-bits,range/u16,1000,9,1.6745591163635254
prove,noirky2-bits,range/u16,1000,10,1.6266779899597168
prove,noirky2-bits,range/u16,1000,11,1.6201400756835938
prove,noirky2-bits,range/u16,1000,12,1.5953378677368164
prove,noirky2-bits,range/u16,1000,13,1.741694688796997
prove,noirky2-bits,range/u16,1000,14,1.6739089488983154
prove,noirky2-bits,range/u16,2000,0,1.6758778095245361
prove,noirky2-bits,range/u16,2000,1,1.6852054595947266
prove,noirky2-bits,range/u16,2000,2,1.58552885055542
prove,noirky2-bits,range/u16,2000,3,1.728816032409668
prove,noirky2-bits,range/u16,2000,4,1.6114566326141357
prove,noirky2-bits,range/u16,2000,5,1.6456868648529053
prove,noirky2-bits,range/u16,2000,6,1.6211278438568115
prove,noirky2-bits,range/u16,2000,7,1.6088879108428955
prove,noirky2-bits,range/u16,2000,8,1.6044371128082275
prove,noirky2-bits,range/u16,2000,9,1.604356050491333
prove,noirky2-bits,range/u16,2000,10,1.6234300136566162
prove,noirky2-bits,range/u16,2000,11,1.5875236988067627
prove,noirky2-bits,range/u16,2000,12,1.6129727363586426
prove,noirky2-bits,range/u16,2000,13,1.5967955589294434
prove,noirky2-bits,range/u16,2000,14,1.618680715560913
prove,noirky2-bits-nozk,range/u16,100,0,0.02156209945678711
prove,noirky2-bits-nozk,range/u16,100,1,0.04360342025756836
prove,noirky2-bits-nozk,range/u16,100,2,0.026645898818969727
prove,noirky2-bits-nozk,range/u16,100,3,0.0436859130859375
prove,noirky2-bits-nozk,range/u16,100,4,0.05740070343017578
prove,noirky2-bits-nozk,range/u16,100,5,0.015244007110595703
prove,noirky2-bits-nozk,range/u16,100,6,0.06384444236755371
prove,noirky2-bits-nozk,range/u16,100,7,0.043365478515625
prove,noirky2-bits-nozk,range/u16,100,8,0.03784680366516113
prove,noirky2-bits-nozk,range/u16,100,9,0.023929119110107422
prove,noirky2-bits-nozk,range/u16,100,10,0.05370903015136719
prove,noirky2-bits-nozk,range/u16,100,11,0.043555498123168945
prove,noirky2-bits-nozk,range/u16,100,12,0.10326933860778809
prove,noirky2-bits-nozk,range/u16,100,13,0.025811195373535156
prove,noirky2-bits-nozk,range/u16,100,14,0.05241107940673828
prove,noirky2-bits-nozk,range/u16,500,0,0.04830741882324219
prove,noirky2-bits-nozk,range/u16,500,1,0.05070137977600098
prove,noirky2-bits-nozk,range/u16,500,2,0.04418826103210449
prove,noirky2-bits-nozk,range/u16,500,3,0.07593131065368652
prove,noirky2-bits-nozk,range/u16,500,4,0.0774235725402832
prove,noirky2-bits-nozk,range/u16,500,5,0.05490899085998535
prove,noirky2-bits-nozk,range/u16,500,6,0.052423715591430664
prove,noirky2-bits-nozk,range/u16,500,7,0.07372236251831055
prove,noirky2-bits-nozk,range/u16,500,8,0.05470585823059082
prove,noirky2-bits-nozk,range/u16,500,9,0.06114816665649414
prove,noirky2-bits-nozk,range/u16,500,10,0.05460190773010254
prove,noirky2-bits-nozk,range/u16,500,11,0.047527313232421875
prove,noirky2-bits-nozk,range/u16,500,12,0.10919427871704102
prove,noirky2-bits-nozk,range/u16,500,13,0.05057549476623535
prove,noirky2-bits-nozk,range/u16,500,14,0.04868173599243164
prove,noirky2-bits-nozk,range/u16,1000,0,0.10388898849487305
prove,noirky2-bits-nozk,range/u16,1000,1,0.08359146118164062
prove,noirky2-bits-nozk,range/u16,1000,2,0.15109038352966309
prove,noirky2-bits-nozk,range/u16,1000,3,0.0806131362915039
prove,noirky2-bits-nozk,range/u16,1000,4,0.12003254890441895
prove,noirky2-bits-nozk,range/u16,1000,5,0.20520377159118652
prove,noirky2-bits-nozk,range/u16,1000,6,0.09787249565124512
prove,noirky2-bits-nozk,range/u16,1000,7,0.1393570899963379
prove,noirky2-bits-nozk,range/u16,1000,8,0.14882802963256836
prove,noirky2-bits-nozk,range/u16,1000,9,0.08419322967529297
prove,noirky2-bits-nozk,range/u16,1000,10,0.090667724609375
prove,noirky2-bits-nozk,range/u16,1000,11,0.14163851737976074
prove,noirky2-bits-nozk,range/u16,1000,12,0.0804750919342041
prove,noirky2-bits-nozk,range/u16,1000,13,0.10642814636230469
prove,noirky2-bits-nozk,range/u16,1000,14,0.18736839294433594
prove,noirky2-bits-nozk,range/u16,2000,0,0.16430306434631348
prove,noirky2-bits-nozk,range/u16,2000,1,0.1751699447631836
prove,noirky2-bits-nozk,range/u16,2000,2,0.17046356201171875
prove,noirky2-bits-nozk,range/u16,2000,3,0.16160082817077637
prove,noirky2-bits-nozk,range/u16,2000,4,0.17608261108398438
prove,noirky2-bits-nozk,range/u16,2000,5,0.16764092445373535
prove,noirky2-bits-nozk,range/u16,2000,6,0.17269277572631836
prove,noirky2-bits-nozk,range/u16,2000,7,0.17320036888122559
prove,noirky2-bits-nozk,range/u16,2000,8,0.15441513061523438
prove,noirky2-bits-nozk,range/u16,2000,9,0.16106915473937988
prove,noirky2-bits-nozk,range/u16,2000,10,0.18243789672851562
prove,noirky2-bits-nozk,range/u16,2000,11,0.21673345565795898
prove,noirky2-bits-nozk,range/u16,2000,12,0.17156243324279785
prove,noirky2-bits-nozk,range/u16,2000,13,0.1572716236114502
prove,noirky2-bits-nozk,range/u16,2000,14,0.15822553634643555
prove,bb,range/u16,100,0,0.4250171184539795
prove,bb,range/u16,100,1,0.43445348739624023
prove,bb,range/u16,100,2,0.43575620651245117
prove,bb,range/u16,100,3,0.39479589462280273
prove,bb,range/u16,100,4,0.37515997886657715
prove,bb,range/u16,100,5,0.3760793209075928
prove,bb,range/u16,100,6,0.37553906440734863
prove,bb,range/u16,100,7,0.3690919876098633
prove,bb,range/u16,100,8,0.3761782646179199
prove,bb,range/u16,100,9,0.3753654956817627
prove,bb,range/u16,100,10,0.3802964687347412
prove,bb,range/u16,100,11,0.3747835159301758
prove,bb,range/u16,100,12,0.37111759185791016
prove,bb,range/u16,100,13,0.3761324882507324
prove,bb,range/u16,100,14,0.3750746250152588
prove,bb,range/u16,500,0,0.3739023208618164
prove,bb,range/u16,500,1,0.36932873725891113
prove,bb,range/u16,500,2,0.37305307388305664
prove,bb,range/u16,500,3,0.375901460647583
prove,bb,range/u16,500,4,0.3741312026977539
prove,bb,range/u16,500,5,0.37930870056152344
prove,bb,range/u16,500,6,0.37367987632751465
prove,bb,range/u16,500,7,0.3790922164916992
prove,bb,range/u16,500,8,0.3733489513397217
prove,bb,range/u16,500,9,0.3807802200317383
prove,bb,range/u16,500,10,0.3753499984741211
prove,bb,range/u16,500,11,0.37572431564331055
prove,bb,range/u16,500,12,0.37847065925598145
prove,bb,range/u16,500,13,0.37741541862487793
prove,bb,range/u16,500,14,0.37819695472717285
prove,bb,range/u16,1000,0,0.5585057735443115
prove,bb,range/u16,1000,1,0.5689558982849121
prove,bb,range/u16,1000,2,0.5730578899383545
prove,bb,range/u16,1000,3,0.5779297351837158
prove,bb,range/u16,1000,4,0.5752336978912354
prove,bb,range/u16,1000,5,0.5834829807281494
prove,bb,range/u16,1000,6,0.5755832195281982
prove,bb,range/u16,1000,7,0.5762209892272949
prove,bb,range/u16,1000,8,0.5745608806610107
prove,bb,range/u16,1000,9,0.5742661952972412
prove,bb,range/u16,1000,10,0.5770223140716553
prove,bb,range/u16,1000,11,0.5851364135742188
prove,bb,range/u16,1000,12,0.5783810615539551
prove,bb,range/u16,1000,13,0.5750412940979004
prove,bb,range/u16,1000,14,0.5776622295379639
prove,bb,range/u16,2000,0,0.5797202587127686
prove,bb,range/u16,2000,1,0.5725059509277344
prove,bb,range/u16,2000,2,0.6021385192871094
prove,bb,range/u16,2000,3,0.5825715065002441
prove,bb,range/u16,2000,4,0.5788304805755615
prove,bb,range/u16,2000,5,0.5812547206878662
prove,bb,range/u16,2000,6,0.5785346031188965
prove,bb,range/u16,2000,7,0.5757591724395752
prove,bb,range/u16,2000,8,0.5837612152099609
prove,bb,range/u16,2000,9,0.5822935104370117
prove,bb,range/u16,2000,10,0.5778307914733887
prove,bb,range/u16,2000,11,0.5825557708740234
prove,bb,range/u16,2000,12,0.576749324798584
prove,bb,range/u16,2000,13,0.5811796188354492
prove,bb,range/u16,2000,14,0.5855457782745361
prove,noirky2-limb,range/u16,100,0,1.7824375629425049
prove,noirky2-limb,range/u16,100,1,1.9062905311584473
prove,noirky2-limb,range/u16,100,2,1.8145625591278076
prove,noirky2-limb,range/u16,100,3,1.8439674377441406
prove,noirky2-limb,range/u16,100,4,1.8454186916351318
prove,noirky2-limb,range/u16,100,5,1.8201143741607666
prove,noirky2-limb,range/u16,100,6,1.7869868278503418
prove,noirky2-limb,range/u16,100,7,1.8252203464508057
prove,noirky2-limb,range/u16,100,8,1.8265388011932373
prove,noirky2-limb,range/u16,100,9,1.7977101802825928
prove,noirky2-limb,range/u16,100,10,1.8108370304107666
prove,noirky2-limb,range/u16,100,11,1.803955316543579
prove,noirky2-limb,range/u16,100,12,1.8390278816223145
prove,noirky2-limb,range/u16,100,13,1.7978956699371338
prove,noirky2-limb,range/u16,100,14,1.8408279418945312
prove,noirky2-limb,range/u16,500,0,1.834122896194458
prove,noirky2-limb,range/u16,500,1,1.817972183227539
prove,noirky2-limb,range/u16,500,2,1.8465220928192139
prove,noirky2-limb,range/u16,500,3,1.8139886856079102
prove,noirky2-limb,range/u16,500,4,1.805992603302002
prove,noirky2-limb,range/u16,500,5,1.900510311126709
prove,noirky2-limb,range/u16,500,6,1.9061253070831299
prove,noirky2-limb,range/u16,500,7,1.8642170429229736
prove,noirky2-limb,range/u16,500,8,28468.7316198349
prove,noirky2-limb,range/u16,500,9,1.5768656730651855
prove,noirky2-limb,range/u16,500,10,1.6107463836669922
prove,noirky2-limb,range/u16,500,11,1.5809953212738037
prove,noirky2-limb,range/u16,500,12,1.615114688873291
prove,noirky2-limb,range/u16,500,13,1.6718213558197021
prove,noirky2-limb,range/u16,500,14,2.1508634090423584
prove,noirky2-limb,range/u16,1000,0,2.223052978515625
prove,noirky2-limb,range/u16,1000,1,2.221859931945801
prove,noirky2-limb,range/u16,1000,2,2.4004554748535156
prove,noirky2-limb,range/u16,1000,3,2.4114365577697754
prove,noirky2-limb,range/u16,1000,4,2.1786065101623535
prove,noirky2-limb,range/u16,1000,5,2.090348482131958
prove,noirky2-limb,range/u16,1000,6,2.239834785461426
prove,noirky2-limb,range/u16,1000,7,2.316559314727783
prove,noirky2-limb,range/u16,1000,8,2.1935384273529053
prove,noirky2-limb,range/u16,1000,9,2.2198808193206787
prove,noirky2-limb,range/u16,1000,10,2.168179750442505
prove,noirky2-limb,range/u16,1000,11,2.2802646160125732
prove,noirky2-limb,range/u16,1000,12,2.139503002166748
prove,noirky2-limb,range/u16,1000,13,2.2381832599639893
prove,noirky2-limb,range/u16,1000,14,2.1699647903442383
prove,noirky2-limb,range/u16,2000,0,2.182098627090454
prove,noirky2-limb,range/u16,2000,1,2.1721489429473877
prove,noirky2-limb,range/u16,2000,2,2.2923030853271484
prove,noirky2-limb,range/u16,2000,3,2.3159873485565186
prove,noirky2-limb,range/u16,2000,4,2.3130197525024414
prove,noirky2-limb,range/u16,2000,5,2.2175965309143066
prove,noirky2-limb,range/u16,2000,6,2.231001615524292
prove,noirky2-limb,range/u16,2000,7,2.1552486419677734
prove,noirky2-limb,range/u16,2000,8,2.140350580215454
prove,noirky2-limb,range/u16,2000,9,2.1382369995117188
prove,noirky2-limb,range/u16,2000,10,2.134068012237549
prove,noirky2-limb,range/u16,2000,11,2.1520254611968994
prove,noirky2-limb,range/u16,2000,12,2.2203609943389893
prove,noirky2-limb,range/u16,2000,13,2.097391366958618
prove,noirky2-limb,range/u16,2000,14,1.946458339691162
prove,noirky2-limb-nozk,range/u16,100,0,0.009340524673461914
prove,noirky2-limb-nozk,range/u16,100,1,0.02274346351623535
prove,noirky2-limb-nozk,range/u16,100,2,0.05012702941894531
prove,noirky2-limb-nozk,range/u16,100,3,0.015912294387817383
prove,noirky2-limb-nozk,range/u16,100,4,0.04759526252746582
prove,noirky2-limb-nozk,range/u16,100,5,0.028156042098999023
prove,noirky2-limb-nozk,range/u16,100,6,0.040471792221069336
prove,noirky2-limb-nozk,range/u16,100,7,0.014089345932006836
prove,noirky2-limb-nozk,range/u16,100,8,0.021903514862060547
prove,noirky2-limb-nozk,range/u16,100,9,0.010694026947021484
prove,noirky2-limb-nozk,range/u16,100,10,0.11270785331726074
prove,noirky2-limb-nozk,range/u16,100,11,0.04060721397399902
prove,noirky2-limb-nozk,range/u16,100,12,0.038214683532714844
prove,noirky2-limb-nozk,range/u16,100,13,0.026519060134887695
prove,noirky2-limb-nozk,range/u16,100,14,0.03500843048095703
prove,noirky2-limb-nozk,range/u16,500,0,0.026198148727416992
prove,noirky2-limb-nozk,range/u16,500,1,0.016492605209350586
prove,noirky2-limb-nozk,range/u16,500,2,0.03491830825805664
prove,noirky2-limb-nozk,range/u16,500,3,0.024450302124023438
prove,noirky2-limb-nozk,range/u16,500,4,0.05539083480834961
prove,noirky2-limb-nozk,range/u16,500,5,0.015786409378051758
prove,noirky2-limb-nozk,range/u16,500,6,0.1114053726196289
prove,noirky2-limb-nozk,range/u16,500,7,0.027696847915649414
prove,noirky2-limb-nozk,range/u16,500,8,0.015189170837402344
prove,noirky2-limb-nozk,range/u16,500,9,0.06774377822875977
prove,noirky2-limb-nozk,range/u16,500,10,0.03931879997253418
prove,noirky2-limb-nozk,range/u16,500,11,0.034949541091918945
prove,noirky2-limb-nozk,range/u16,500,12,0.021417617797851562
prove,noirky2-limb-nozk,range/u16,500,13,0.03465390205383301
prove,noirky2-limb-nozk,range/u16,500,14,0.030378341674804688
prove,noirky2-limb-nozk,range/u16,1000,0,0.028551578521728516
prove,noirky2-limb-nozk,range/u16,1000,1,0.040309906005859375
prove,noirky2-limb-nozk,range/u16,1000,2,0.0399627685546875
prove,noirky2-limb-nozk,range/u16,1000,3,0.0709228515625
prove,noirky2-limb-nozk,range/u16,1000,4,0.05726027488708496
prove,noirky2-limb-nozk,range/u16,1000,5,0.09196877479553223
prove,noirky2-limb-nozk,range/u16,1000,6,0.0221102237701416
prove,noirky2-limb-nozk,range/u16,1000,7,0.025095462799072266
prove,noirky2-limb-nozk,range/u16,1000,8,0.030938148498535156
prove,noirky2-limb-nozk,range/u16,1000,9,0.04261326789855957
prove,noirky2-limb-nozk,range/u16,1000,10,0.035118818283081055
prove,noirky2-limb-nozk,range/u16,1000,11,0.0674741268157959
prove,noirky2-limb-nozk,range/u16,1000,12,0.05457425117492676
prove,noirky2-limb-nozk,range/u16,1000,13,0.041643619537353516
prove,noirky2-limb-nozk,range/u16,1000,14,0.025130271911621094
prove,noirky2-limb-nozk,range/u16,2000,0,0.19620084762573242
prove,noirky2-limb-nozk,range/u16,2000,1,0.05017232894897461
prove,noirky2-limb-nozk,range/u16,2000,2,0.0482785701751709
prove,noirky2-limb-nozk,range/u16,2000,3,0.05092430114746094
prove,noirky2-limb-nozk,range/u16,2000,4,0.04457283020019531
prove,noirky2-limb-nozk,range/u16,2000,5,0.045577049255371094
prove,noirky2-limb-nozk,range/u16,2000,6,0.07940387725830078
prove,noirky2-limb-nozk,range/u16,2000,7,0.04965400695800781
prove,noirky2-limb-nozk,range/u16,2000,8,0.03867077827453613
prove,noirky2-limb-nozk,range/u16,2000,9,0.06160330772399902
prove,noirky2-limb-nozk,range/u16,2000,10,0.07447290420532227
prove,noirky2-limb-nozk,range/u16,2000,11,0.0544588565826416
prove,noirky2-limb-nozk,range/u16,2000,12,0.03962254524230957
prove,noirky2-limb-nozk,range/u16,2000,13,0.09602999687194824
prove,noirky2-limb-nozk,range/u16,2000,14,0.07107067108154297
prove,noirky2-bits,range/u32,100,0,1.7820703983306885
prove,noirky2-bits,range/u32,100,1,1.5832877159118652
prove,noirky2-bits,range/u32,100,2,1.595747470855713
prove,noirky2-bits,range/u32,100,3,1.621039867401123
prove,noirky2-bits,range/u32,100,4,1.591752052307129
prove,noirky2-bits,range/u32,100,5,1.5655531883239746
prove,noirky2-bits,range/u32,100,6,1.5987420082092285
prove,noirky2-bits,range/u32,100,7,1.6096978187561035
prove,noirky2-bits,range/u32,100,8,1.5658953189849854
prove,noirky2-bits,range/u32,100,9,1.5980784893035889
prove,noirky2-bits,range/u32,100,10,1.5720148086547852
prove,noirky2-bits,range/u32,100,11,1.5923118591308594
prove,noirky2-bits,range/u32,100,12,1.5823652744293213
prove,noirky2-bits,range/u32,100,13,1.5741751194000244
prove,noirky2-bits,range/u32,100,14,1.6022136211395264
prove,noirky2-bits,range/u32,500,0,1.5629456043243408
prove,noirky2-bits,range/u32,500,1,1.607344627380371
prove,noirky2-bits,range/u32,500,2,1.6806588172912598
prove,noirky2-bits,range/u32,500,3,1.599442958831787
prove,noirky2-bits,range/u32,500,4,1.67378568649292
prove,noirky2-bits,range/u32,500,5,1.7730677127838135
prove,noirky2-bits,range/u32,500,6,1.6171236038208008
prove,noirky2-bits,range/u32,500,7,1.6932957172393799
prove,noirky2-bits,range/u32,500,8,1.634800910949707
prove,noirky2-bits,range/u32,500,9,1.6538546085357666
prove,noirky2-bits,range/u32,500,10,1.588615894317627
prove,noirky2-bits,range/u32,500,11,1.627880334854126
prove,noirky2-bits,range/u32,500,12,1.6862881183624268
prove,noirky2-bits,range/u32,500,13,1.6436686515808105
prove,noirky2-bits,range/u32,500,14,1.6161675453186035
prove,noirky2-bits,range/u32,1000,0,1.6160216331481934
prove,noirky2-bits,range/u32,1000,1,1.69223952293396
prove,noirky2-bits,range/u32,1000,2,1.7608120441436768
prove,noirky2-bits,range/u32,1000,3,1.7645535469055176
prove,noirky2-bits,range/u32,1000,4,1.6981315612792969
prove,noirky2-bits,range/u32,1000,5,1.7022013664245605
prove,noirky2-bits,range/u32,1000,6,1.5964312553405762
prove,noirky2-bits,range/u32,1000,7,1.638087272644043
prove,noirky2-bits,range/u32,1000,8,1.6427817344665527
prove,noirky2-bits,range/u32,1000,9,1.7006909847259521
prove,noirky2-bits,range/u32,1000,10,1.6079902648925781
prove,noirky2-bits,range/u32,1000,11,1.6300513744354248
prove,noirky2-bits,range/u32,1000,12,1.6735405921936035
prove,noirky2-bits,range/u32,1000,13,1.6058006286621094
prove,noirky2-bits,range/u32,1000,14,1.6134729385375977
prove,noirky2-bits,range/u32,2000,0,1.5859432220458984
prove,noirky2-bits,range/u32,2000,1,1.6150691509246826
prove,noirky2-bits,range/u32,2000,2,1.6390042304992676
prove,noirky2-bits,range/u32,2000,3,1.5958161354064941
prove,noirky2-bits,range/u32,2000,4,1.6301782131195068
prove,noirky2-bits,range/u32,2000,5,1.6013860702514648
prove,noirky2-bits,range/u32,2000,6,1.6287496089935303
prove,noirky2-bits,range/u32,2000,7,1.6805620193481445
prove,noirky2-bits,range/u32,2000,8,1.662907600402832
prove,noirky2-bits,range/u32,2000,9,1.6153628826141357
prove,noirky2-bits,range/u32,2000,10,1.6744349002838135
prove,noirky2-bits,range/u32,2000,11,1.6316187381744385
prove,noirky2-bits,range/u32,2000,12,1.711137294769287
prove,noirky2-bits,range/u32,2000,13,1.6527581214904785
prove,noirky2-bits,range/u32,2000,14,1.6390397548675537
prove,noirky2-bits-nozk,range/u32,100,0,0.02028965950012207
prove,noirky2-bits-nozk,range/u32,100,1,0.015455961227416992
prove,noirky2-bits-nozk,range/u32,100,2,0.014467000961303711
prove,noirky2-bits-nozk,range/u32,100,3,0.015605688095092773
prove,noirky2-bits-nozk,range/u32,100,4,0.04709124565124512
prove,noirky2-bits-nozk,range/u32,100,5,0.021944761276245117
prove,noirky2-bits-nozk,range/u32,100,6,0.019491910934448242
prove,noirky2-bits-nozk,range/u32,100,7,0.021538496017456055
prove,noirky2-bits-nozk,range/u32,100,8,0.035517215728759766
prove,noirky2-bits-nozk,range/u32,100,9,0.06092214584350586
prove,noirky2-bits-nozk,range/u32,100,10,0.029368877410888672
prove,noirky2-bits-nozk,range/u32,100,11,0.023796796798706055
prove,noirky2-bits-nozk,range/u32,100,12,0.027235031127929688
prove,noirky2-bits-nozk,range/u32,100,13,0.027447223663330078
prove,noirky2-bits-nozk,range/u32,100,14,0.022104740142822266
prove,noirky2-bits-nozk,range/u32,500,0,0.04525423049926758
prove,noirky2-bits-nozk,range/u32,500,1,0.1015169620513916
prove,noirky2-bits-nozk,range/u32,500,2,0.05320143699645996
prove,noirky2-bits-nozk,range/u32,500,3,0.07022857666015625
prove,noirky2-bits-nozk,range/u32,500,4,0.04855489730834961
prove,noirky2-bits-nozk,range/u32,500,5,0.07115936279296875
prove,noirky2-bits-nozk,range/u32,500,6,0.07946133613586426
prove,noirky2-bits-nozk,range/u32,500,7,0.0803518295288086
prove,noirky2-bits-nozk,range/u32,500,8,0.06404542922973633
prove,noirky2-bits-nozk,range/u32,500,9,0.09424781799316406
prove,noirky2-bits-nozk,range/u32,500,10,0.04244351387023926
prove,noirky2-bits-nozk,range/u32,500,11,0.06732606887817383
prove,noirky2-bits-nozk,range/u32,500,12,0.06184506416320801
prove,noirky2-bits-nozk,range/u32,500,13,0.07283926010131836
prove,noirky2-bits-nozk,range/u32,500,14,0.047898292541503906
prove,noirky2-bits-nozk,range/u32,1000,0,0.08066725730895996
prove,noirky2-bits-nozk,range/u32,1000,1,0.1015467643737793
prove,noirky2-bits-nozk,range/u32,1000,2,0.10099625587463379
prove,noirky2-bits-nozk,range/u32,1000,3,0.14373087882995605
prove,noirky2-bits-nozk,range/u32,1000,4,0.10032868385314941
prove,noirky2-bits-nozk,range/u32,1000,5,0.14766693115234375
prove,noirky2-bits-nozk,range/u32,1000,6,0.08456015586853027
prove,noirky2-bits-nozk,range/u32,1000,7,0.17545509338378906
prove,noirky2-bits-nozk,range/u32,1000,8,0.09456944465637207
prove,noirky2-bits-nozk,range/u32,1000,9,0.10722661018371582
prove,noirky2-bits-nozk,range/u32,1000,10,0.08849740028381348
prove,noirky2-bits-nozk,range/u32,1000,11,0.08737874031066895
prove,noirky2-bits-nozk,range/u32,1000,12,0.09208965301513672
prove,noirky2-bits-nozk,range/u32,1000,13,0.11319398880004883
prove,noirky2-bits-nozk,range/u32,1000,14,0.12612152099609375
prove,noirky2-bits-nozk,range/u32,2000,0,0.1677083969116211
prove,noirky2-bits-nozk,range/u32,2000,1,0.1771841049194336
prove,noirky2-bits-nozk,range/u32,2000,2,0.16394400596618652
prove,noirky2-bits-nozk,range/u32,2000,3,0.22403669357299805
prove,noirky2-bits-nozk,range/u32,2000,4,0.20078730583190918
prove,noirky2-bits-nozk,range/u32,2000,5,0.21299362182617188
prove,noirky2-bits-nozk,range/u32,2000,6,0.15891337394714355
prove,noirky2-bits-nozk,range/u32,2000,7,0.16059231758117676
prove,noirky2-bits-nozk,range/u32,2000,8,0.15719914436340332
prove,noirky2-bits-nozk,range/u32,2000,9,0.1624140739440918
prove,noirky2-bits-nozk,range/u32,2000,10,0.17677521705627441
prove,noirky2-bits-nozk,range/u32,2000,11,0.17280054092407227
prove,noirky2-bits-nozk,range/u32,2000,12,0.15783071517944336
prove,noirky2-bits-nozk,range/u32,2000,13,0.1798839569091797
prove,noirky2-bits-nozk,range/u32,2000,14,0.15171599388122559
prove,bb,range/u32,100,0,0.4271984100341797
prove,bb,range/u32,100,1,0.42383790016174316
prove,bb,range/u32,100,2,0.4270780086517334
prove,bb,range/u32,100,3,0.4250791072845459
prove,bb,range/u32,100,4,0.3874828815460205
prove,bb,range/u32,100,5,0.3772115707397461
prove,bb,range/u32,100,6,0.37409257888793945
prove,bb,range/u32,100,7,0.3736996650695801
prove,bb,range/u32,100,8,0.3737616539001465
prove,bb,range/u32,100,9,0.3717648983001709
prove,bb,range/u32,100,10,0.4275171756744385
prove,bb,range/u32,100,11,0.3790090084075928
prove,bb,range/u32,100,12,0.37268900871276855
prove,bb,range/u32,100,13,0.3766138553619385
prove,bb,range/u32,100,14,0.37798070907592773
prove,bb,range/u32,500,0,0.37131834030151367
prove,bb,range/u32,500,1,0.37474727630615234
prove,bb,range/u32,500,2,0.37418127059936523
prove,bb,range/u32,500,3,0.3775508403778076
prove,bb,range/u32,500,4,0.3806338310241699
prove,bb,range/u32,500,5,0.38165760040283203
prove,bb,range/u32,500,6,0.37518930435180664
prove,bb,range/u32,500,7,0.37706589698791504
prove,bb,range/u32,500,8,0.3780481815338135
prove,bb,range/u32,500,9,0.3814854621887207
prove,bb,range/u32,500,10,0.38090038299560547
prove,bb,range/u32,500,11,0.3771681785583496
prove,bb,range/u32,500,12,0.3775444030761719
prove,bb,range/u32,500,13,0.3815457820892334
prove,bb,range/u32,500,14,0.3780038356781006
prove,bb,range/u32,1000,0,0.5671119689941406
prove,bb,range/u32,1000,1,0.5704734325408936
prove,bb,range/u32,1000,2,0.5807137489318848
prove,bb,range/u32,1000,3,0.5759618282318115
prove,bb,range/u32,1000,4,0.579718828201294
prove,bb,range/u32,1000,5,0.5859136581420898
prove,bb,range/u32,1000,6,0.5801725387573242
prove,bb,range/u32,1000,7,0.5847389698028564
prove,bb,range/u32,1000,8,0.5830659866333008
prove,bb,range/u32,1000,9,0.5776104927062988
prove,bb,range/u32,1000,10,0.5755274295806885
prove,bb,range/u32,1000,11,0.5781948566436768
prove,bb,range/u32,1000,12,0.5753066539764404
prove,bb,range/u32,1000,13,0.5791037082672119
prove,bb,range/u32,1000,14,0.5801866054534912
prove,bb,range/u32,2000,0,0.5849239826202393
prove,bb,range/u32,2000,1,0.5821108818054199
prove,bb,range/u32,2000,2,0.5894646644592285
prove,bb,range/u32,2000,3,0.5890600681304932
prove,bb,range/u32,2000,4,0.6255581378936768
prove,bb,range/u32,2000,5,0.7582714557647705
prove,bb,range/u32,2000,6,0.7552049160003662
prove,bb,range/u32,2000,7,0.7537567615509033
prove,bb,range/u32,2000,8,0.7473421096801758
prove,bb,range/u32,2000,9,0.5860331058502197
prove,bb,range/u32,2000,10,0.5815412998199463
prove,bb,range/u32,2000,11,0.5888876914978027
prove,bb,range/u32,2000,12,0.5790281295776367
prove,bb,range/u32,2000,13,0.5892717838287354
prove,bb,range/u32,2000,14,0.5922367572784424
prove,noirky2-limb,range/u32,100,0,1.7891530990600586
prove,noirky2-limb,range/u32,100,1,1.8262200355529785
prove,noirky2-limb,range/u32,100,2,1.8062083721160889
prove,noirky2-limb,range/u32,100,3,1.8216328620910645
prove,noirky2-limb,range/u32,100,4,1.85121488571167
prove,noirky2-limb,range/u32,100,5,1.8916661739349365
prove,noirky2-limb,range/u32,100,6,1.8464014530181885
prove,noirky2-limb,range/u32,100,7,1.8059439659118652
prove,noirky2-limb,range/u32,100,8,1.837571620941162
prove,noirky2-limb,range/u32,100,9,1.8330800533294678
prove,noirky2-limb,range/u32,100,10,1.795060396194458
prove,noirky2-limb,range/u32,100,11,1.816025972366333
prove,noirky2-limb,range/u32,100,12,1.8167424201965332
prove,noirky2-limb,range/u32,100,13,1.810892105102539
prove,noirky2-limb,range/u32,100,14,1.8309862613677979
prove,noirky2-limb,range/u32,500,0,2.0133907794952393
prove,noirky2-limb,range/u32,500,1,1.8558733463287354
prove,noirky2-limb,range/u32,500,2,1.8317453861236572
prove,noirky2-limb,range/u32,500,3,1.8304665088653564
prove,noirky2-limb,range/u32,500,4,1.814711570739746
prove,noirky2-limb,range/u32,500,5,1.8628687858581543
prove,noirky2-limb,range/u32,500,6,1.8689353466033936
prove,noirky2-limb,range/u32,500,7,1.8513023853302002
prove,noirky2-limb,range/u32,500,8,1.837191104888916
prove,noirky2-limb,range/u32,500,9,1.7947413921356201
prove,noirky2-limb,range/u32,500,10,1.837597131729126
prove,noirky2-limb,range/u32,500,11,1.8037281036376953
prove,noirky2-limb,range/u32,500,12,1.8410186767578125
prove,noirky2-limb,range/u32,500,13,1.8456764221191406
prove,noirky2-limb,range/u32,500,14,1.8246705532073975
prove,noirky2-limb,range/u32,1000,0,1.8230247497558594
prove,noirky2-limb,range/u32,1000,1,1.857757568359375
prove,noirky2-limb,range/u32,1000,2,1.8280551433563232
prove,noirky2-limb,range/u32,1000,3,1.8566770553588867
prove,noirky2-limb,range/u32,1000,4,1.8219702243804932
prove,noirky2-limb,range/u32,1000,5,1.8326470851898193
prove,noirky2-limb,range/u32,1000,6,1.8207006454467773
prove,noirky2-limb,range/u32,1000,7,1.8166825771331787
prove,noirky2-limb,range/u32,1000,8,1.8507966995239258
prove,noirky2-limb,range/u32,1000,9,1.795043706893921
prove,noirky2-limb,range/u32,1000,10,1.8045296669006348
prove,noirky2-limb,range/u32,1000,11,1.8098783493041992
prove,noirky2-limb,range/u32,1000,12,1.8062973022460938
prove,noirky2-limb,range/u32,1000,13,1.8178563117980957
prove,noirky2-limb,range/u32,1000,14,1.8427481651306152
prove,noirky2-limb,range/u32,2000,0,1.841094970703125
prove,noirky2-limb,range/u32,2000,1,1.833061695098877
prove,noirky2-limb,range/u32,2000,2,1.8478493690490723
prove,noirky2-limb,range/u32,2000,3,1.8182575702667236
prove,noirky2-limb,range/u32,2000,4,1.8355984687805176
prove,noirky2-limb,range/u32,2000,5,1.835573673248291
prove,noirky2-limb,range/u32,2000,6,1.8317034244537354
prove,noirky2-limb,range/u32,2000,7,1.8324651718139648
prove,noirky2-limb,range/u32,2000,8,1.8642370700836182
prove,noirky2-limb,range/u32,2000,9,1.8661727905273438
prove,noirky2-limb,range/u32,2000,10,1.8609278202056885
prove,noirky2-limb,range/u32,2000,11,1.8290596008300781
prove,noirky2-limb,range/u32,2000,12,1.825347900390625
prove,noirky2-limb,range/u32,2000,13,1.8453023433685303
prove,noirky2-limb,range/u32,2000,14,1.8290948867797852
prove,noirky2-limb-nozk,range/u32,100,0,0.08262920379638672
prove,noirky2-limb-nozk,range/u32,100,1,0.03503537178039551
prove,noirky2-limb-nozk,range/u32,100,2,0.01673746109008789
prove,noirky2-limb-nozk,range/u32,100,3,0.0866250991821289
prove,noirky2-limb-nozk,range/u32,100,4,0.011970281600952148
prove,noirky2-limb-nozk,range/u32,100,5,0.018430233001708984
prove,noirky2-limb-nozk,range/u32,100,6,0.03874802589416504
prove,noirky2-limb-nozk,range/u32,100,7,0.04231548309326172
prove,noirky2-limb-nozk,range/u32,100,8,0.016843557357788086
prove,noirky2-limb-nozk,range/u32,100,9,0.03685569763183594
prove,noirky2-limb-nozk,range/u32,100,10,0.04567408561706543
prove,noirky2-limb-nozk,range/u32,100,11,0.06803154945373535
prove,noirky2-limb-nozk,range/u32,100,12,0.19460773468017578
prove,noirky2-limb-nozk,range/u32,100,13,0.019104480743408203
prove,noirky2-limb-nozk,range/u32,100,14,0.057468414306640625
prove,noirky2-limb-nozk,range/u32,500,0,0.06040215492248535
prove,noirky2-limb-nozk,range/u32,500,1,0.05372881889343262
prove,noirky2-limb-nozk,range/u32,500,2,0.04977750778198242
prove,noirky2-limb-nozk,range/u32,500,3,0.04653573036193848
prove,noirky2-limb-nozk,range/u32,500,4,0.04166221618652344
prove,noirky2-limb-nozk,range/u32,500,5,0.06675195693969727
prove,noirky2-limb-nozk,range/u32,500,6,0.03759479522705078
prove,noirky2-limb-nozk,range/u32,500,7,0.0888829231262207
prove,noirky2-limb-nozk,range/u32,500,8,0.06805419921875
prove,noirky2-limb-nozk,range/u32,500,9,0.0877218246459961
prove,noirky2-limb-nozk,range/u32,500,10,0.050501346588134766
prove,noirky2-limb-nozk,range/u32,500,11,0.07452511787414551
prove,noirky2-limb-nozk,range/u32,500,12,0.05436229705810547
prove,noirky2-limb-nozk,range/u32,500,13,0.08342266082763672
prove,noirky2-limb-nozk,range/u32,500,14,0.04008650779724121
prove,noirky2-limb-nozk,range/u32,1000,0,0.09838008880615234
prove,noirky2-limb-nozk,range/u32,1000,1,0.12778735160827637
prove,noirky2-limb-nozk,range/u32,1000,2,0.16718029975891113
prove,noirky2-limb-nozk,range/u32,1000,3,0.09518671035766602
prove,noirky2-limb-nozk,range/u32,1000,4,0.10062980651855469
prove,noirky2-limb-nozk,range/u32,1000,5,0.06084942817687988
prove,noirky2-limb-nozk,range/u32,1000,6,0.06320810317993164
prove,noirky2-limb-nozk,range/u32,1000,7,0.07752704620361328
prove,noirky2-limb-nozk,range/u32,1000,8,0.1450355052947998
prove,noirky2-limb-nozk,range/u32,1000,9,0.1283586025238037
prove,noirky2-limb-nozk,range/u32,1000,10,0.06554961204528809
prove,noirky2-limb-nozk,range/u32,1000,11,0.1741194725036621
prove,noirky2-limb-nozk,range/u32,1000,12,0.06728386878967285
prove,noirky2-limb-nozk,range/u32,1000,13,0.0809788703918457
prove,noirky2-limb-nozk,range/u32,1000,14,0.08588767051696777
prove,noirky2-limb-nozk,range/u32,2000,0,0.13369369506835938
prove,noirky2-limb-nozk,range/u32,2000,1,0.22254276275634766
prove,noirky2-limb-nozk,range/u32,2000,2,0.1403801441192627
prove,noirky2-limb-nozk,range/u32,2000,3,0.11020445823669434
prove,noirky2-limb-nozk,range/u32,2000,4,0.14089560508728027
prove,noirky2-limb-nozk,range/u32,2000,5,0.13668179512023926
prove,noirky2-limb-nozk,range/u32,2000,6,0.11601877212524414
prove,noirky2-limb-nozk,range/u32,2000,7,0.1940603256225586
prove,noirky2-limb-nozk,range/u32,2000,8,0.11652660369873047
prove,noirky2-limb-nozk,range/u32,2000,9,0.12594127655029297
prove,noirky2-limb-nozk,range/u32,2000,10,0.15462350845336914
prove,noirky2-limb-nozk,range/u32,2000,11,0.12720632553100586
prove,noirky2-limb-nozk,range/u32,2000,12,0.16122770309448242
prove,noirky2-limb-nozk,range/u32,2000,13,0.15535974502563477
prove,noirky2-limb-nozk,range/u32,2000,14,0.17860841751098633
prove,noirky2-bits,xor/u8,100,0,1.8739662170410156
prove,noirky2-bits,xor/u8,100,1,1.597426176071167
prove,noirky2-bits,xor/u8,100,2,1.64023756980896
prove,noirky2-bits,xor/u8,100,3,1.647573471069336
prove,noirky2-bits,xor/u8,100,4,1.6644749641418457
prove,noirky2-bits,xor/u8,100,5,1.665482521057129
prove,noirky2-bits,xor/u8,100,6,1.5972089767456055
prove,noirky2-bits,xor/u8,100,7,1.7204430103302002
prove,noirky2-bits,xor/u8,100,8,1.674398422241211
prove,noirky2-bits,xor/u8,100,9,1.6750197410583496
prove,noirky2-bits,xor/u8,100,10,1.6234002113342285
prove,noirky2-bits,xor/u8,100,11,1.7061479091644287
prove,noirky2-bits,xor/u8,100,12,1.6290647983551025
prove,noirky2-bits,xor/u8,100,13,1.6481215953826904
prove,noirky2-bits,xor/u8,100,14,1.6026248931884766
prove,noirky2-bits,xor/u8,500,0,1.6845767498016357
prove,noirky2-bits,xor/u8,500,1,1.6790697574615479
prove,noirky2-bits,xor/u8,500,2,1.6415152549743652
prove,noirky2-bits,xor/u8,500,3,1.6594045162200928
prove,noirky2-bits,xor/u8,500,4,1.6870160102844238
prove,noirky2-bits,xor/u8,500,5,1.6735343933105469
prove,noirky2-bits,xor/u8,500,6,1.651594638824463
prove,noirky2-bits,xor/u8,500,7,1.7014753818511963
prove,noirky2-bits,xor/u8,500,8,1.7243330478668213
prove,noirky2-bits,xor/u8,500,9,1.6601691246032715
prove,noirky2-bits,xor/u8,500,10,1.661553144454956
prove,noirky2-bits,xor/u8,500,11,1.653759479522705
prove,noirky2-bits,xor/u8,500,12,1.6933646202087402
prove,noirky2-bits,xor/u8,500,13,1.673410415649414
prove,noirky2-bits,xor/u8,500,14,1.6539480686187744
prove,noirky2-bits,xor/u8,1000,0,1.6994354724884033
prove,noirky2-bits,xor/u8,1000,1,1.7106499671936035
prove,noirky2-bits,xor/u8,1000,2,1.7580292224884033
prove,noirky2-bits,xor/u8,1000,3,1.7242629528045654
prove,noirky2-bits,xor/u8,1000,4,1.6956360340118408
prove,noirky2-bits,xor/u8,1000,5,1.7098515033721924
prove,noirky2-bits,xor/u8,1000,6,1.710240125656128
prove,noirky2-bits,xor/u8,1000,7,1.7376246452331543
prove,noirky2-bits,xor/u8,1000,8,1.7295918464660645
prove,noirky2-bits,xor/u8,1000,9,1.7202563285827637
prove,noirky2-bits,xor/u8,1000,10,1.7001643180847168
prove,noirky2-bits,xor/u8,1000,11,1.724302053451538
prove,noirky2-bits,xor/u8,1000,12,1.7955636978149414
prove,noirky2-bits,xor/u8,1000,13,1.7592265605926514
prove,noirky2-bits,xor/u8,1000,14,1.7002196311950684
prove,noirky2-bits,xor/u8,2000,0,3.2155327796936035
prove,noirky2-bits,xor/u8,2000,1,3.262437582015991
prove,noirky2-bits,xor/u8,2000,2,3.2539045810699463
prove,noirky2-bits,xor/u8,2000,3,3.2187912464141846
prove,noirky2-bits,xor/u8,2000,4,3.2812559604644775
prove,noirky2-bits,xor/u8,2000,5,3.274575710296631
prove,noirky2-bits,xor/u8,2000,6,3.3060927391052246
prove,noirky2-bits,xor/u8,2000,7,3.2286274433135986
prove,noirky2-bits,xor/u8,2000,8,3.294194459915161
prove,noirky2-bits,xor/u8,2000,9,3.286700487136841
prove,noirky2-bits,xor/u8,2000,10,3.254500150680542
prove,noirky2-bits,xor/u8,2000,11,3.2443130016326904
prove,noirky2-bits,xor/u8,2000,12,3.2847883701324463
prove,noirky2-bits,xor/u8,2000,13,3.3593239784240723
prove,noirky2-bits,xor/u8,2000,14,3.3021788597106934
prove,noirky2-bits-nozk,xor/u8,100,0,0.06639266014099121
prove,noirky2-bits-nozk,xor/u8,100,1,0.08937811851501465
prove,noirky2-bits-nozk,xor/u8,100,2,0.12765765190124512
prove,noirky2-bits-nozk,xor/u8,100,3,0.08420872688293457
prove,noirky2-bits-nozk,xor/u8,100,4,0.06041121482849121
prove,noirky2-bits-nozk,xor/u8,100,5,0.0845332145690918
prove,noirky2-bits-nozk,xor/u8,100,6,0.08064723014831543
prove,noirky2-bits-nozk,xor/u8,100,7,0.07754373550415039
prove,noirky2-bits-nozk,xor/u8,100,8,0.09268474578857422
prove,noirky2-bits-nozk,xor/u8,100,9,0.05481314659118652
prove,noirky2-bits-nozk,xor/u8,100,10,0.07893872261047363
prove,noirky2-bits-nozk,xor/u8,100,11,0.05683565139770508
prove,noirky2-bits-nozk,xor/u8,100,12,0.07954764366149902
prove,noirky2-bits-nozk,xor/u8,100,13,0.09101390838623047
prove,noirky2-bits-nozk,xor/u8,100,14,0.05564236640930176
prove,noirky2-bits-nozk,xor/u8,500,0,0.35861778259277344
prove,noirky2-bits-nozk,xor/u8,500,1,0.36344361305236816
prove,noirky2-bits-nozk,xor/u8,500,2,0.34938812255859375
prove,noirky2-bits-nozk,xor/u8,500,3,0.359699010848999
prove,noirky2-bits-nozk,xor/u8,500,4,0.36034417152404785
prove,noirky2-bits-nozk,xor/u8,500,5,0.33064746856689453
prove,noirky2-bits-nozk,xor/u8,500,6,0.33052611351013184
prove,noirky2-bits-nozk,xor/u8,500,7,0.3586893081665039
prove,noirky2-bits-nozk,xor/u8,500,8,0.4448215961456299
prove,noirky2-bits-nozk,xor/u8,500,9,0.4103538990020752
prove,noirky2-bits-nozk,xor/u8,500,10,0.3313016891479492
prove,noirky2-bits-nozk,xor/u8,500,11,0.3577284812927246
prove,noirky2-bits-nozk,xor/u8,500,12,0.33820128440856934
prove,noirky2-bits-nozk,xor/u8,500,13,0.32974791526794434
prove,noirky2-bits-nozk,xor/u8,500,14,0.33324313163757324
prove,noirky2-bits-nozk,xor/u8,1000,0,0.7357113361358643
prove,noirky2-bits-nozk,xor/u8,1000,1,0.7213332653045654
prove,noirky2-bits-nozk,xor/u8,1000,2,0.676628828048706
prove,noirky2-bits-nozk,xor/u8,1000,3,0.6672837734222412
prove,noirky2-bits-nozk,xor/u8,1000,4,0.6827867031097412
prove,noirky2-bits-nozk,xor/u8,1000,5,0.6863071918487549
prove,noirky2-bits-nozk,xor/u8,1000,6,0.6736514568328857
prove,noirky2-bits-nozk,xor/u8,1000,7,0.67159104347229
prove,noirky2-bits-nozk,xor/u8,1000,8,0.6950695514678955
prove,noirky2-bits-nozk,xor/u8,1000,9,0.6660764217376709
prove,noirky2-bits-nozk,xor/u8,1000,10,0.7252457141876221
prove,noirky2-bits-nozk,xor/u8,1000,11,0.7061057090759277
prove,noirky2-bits-nozk,xor/u8,1000,12,0.6678378582000732
prove,noirky2-bits-nozk,xor/u8,1000,13,0.6646912097930908
prove,noirky2-bits-nozk,xor/u8,1000,14,0.684711217880249
prove,noirky2-bits-nozk,xor/u8,2000,0,1.4011282920837402
prove,noirky2-bits-nozk,xor/u8,2000,1,1.3534653186798096
prove,noirky2-bits-nozk,xor/u8,2000,2,1.340773344039917
prove,noirky2-bits-nozk,xor/u8,2000,3,1.3667373657226562
prove,noirky2-bits-nozk,xor/u8,2000,4,1.4062156677246094
prove,noirky2-bits-nozk,xor/u8,2000,5,1.3453459739685059
prove,noirky2-bits-nozk,xor/u8,2000,6,1.3497118949890137
prove,noirky2-bits-nozk,xor/u8,2000,7,1.330690622329712
prove,noirky2-bits-nozk,xor/u8,2000,8,1.3692035675048828
prove,noirky2-bits-nozk,xor/u8,2000,9,1.3408153057098389
prove,noirky2-bits-nozk,xor/u8,2000,10,1.3549489974975586
prove,noirky2-bits-nozk,xor/u8,2000,11,1.3967812061309814
prove,noirky2-bits-nozk,xor/u8,2000,12,1.3738462924957275
prove,noirky2-bits-nozk,xor/u8,2000,13,1.3238723278045654
prove,noirky2-bits-nozk,xor/u8,2000,14,1.3283822536468506
prove,bb,xor/u8,100,0,0.5877745151519775
prove,bb,xor/u8,100,1,0.5740108489990234
prove,bb,xor/u8,100,2,0.5771262645721436
prove,bb,xor/u8,100,3,0.5849266052246094
prove,bb,xor/u8,100,4,0.5790624618530273
prove,bb,xor/u8,100,5,0.5810191631317139
prove,bb,xor/u8,100,6,0.5831825733184814
prove,bb,xor/u8,100,7,0.5815882682800293
prove,bb,xor/u8,100,8,0.5818488597869873
prove,bb,xor/u8,100,9,0.5827639102935791
prove,bb,xor/u8,100,10,0.580782413482666
prove,bb,xor/u8,100,11,0.5815043449401855
prove,bb,xor/u8,100,12,0.5770282745361328
prove,bb,xor/u8,100,13,0.5816135406494141
prove,bb,xor/u8,100,14,0.5902614593505859
prove,bb,xor/u8,500,0,1.699873447418213
prove,bb,xor/u8,500,1,1.729203224182129
prove,bb,xor/u8,500,2,1.7539286613464355
prove,bb,xor/u8,500,3,1.735647201538086
prove,bb,xor/u8,500,4,1.7366783618927002
prove,bb,xor/u8,500,5,1.7356350421905518
prove,bb,xor/u8,500,6,1.7401926517486572
prove,bb,xor/u8,500,7,1.7314300537109375
prove,bb,xor/u8,500,8,1.7389976978302002
prove,bb,xor/u8,500,9,1.7405571937561035
prove,bb,xor/u8,500,10,1.7378294467926025
prove,bb,xor/u8,500,11,1.7491979598999023
prove,bb,xor/u8,500,12,1.7326898574829102
prove,bb,xor/u8,500,13,1.72934889793396
prove,bb,xor/u8,500,14,1.741166114807129
prove,bb,xor/u8,1000,0,3.2395360469818115
prove,bb,xor/u8,1000,1,3.28790545463562
prove,bb,xor/u8,1000,2,3.3030314445495605
prove,bb,xor/u8,1000,3,3.2891035079956055
prove,bb,xor/u8,1000,4,3.2878623008728027
prove,bb,xor/u8,1000,5,3.3269591331481934
prove,bb,xor/u8,1000,6,3.2908239364624023
prove,bb,xor/u8,1000,7,3.2792506217956543
prove,bb,xor/u8,1000,8,3.288039445877075
prove,bb,xor/u8,1000,9,3.2912790775299072
prove,bb,xor/u8,1000,10,3.2984092235565186
prove,bb,xor/u8,1000,11,3.3402867317199707
prove,bb,xor/u8,1000,12,3.2994089126586914
prove,bb,xor/u8,1000,13,3.2868926525115967
prove,bb,xor/u8,1000,14,3.296718120574951
prove,bb,xor/u8,2000,0,6.416020154953003
prove,bb,xor/u8,2000,1,6.529999732971191
prove,bb,xor/u8,2000,2,6.525745630264282
prove,bb,xor/u8,2000,3,6.5172247886657715
prove,bb,xor/u8,2000,4,6.573673963546753
prove,bb,xor/u8,2000,5,6.508937835693359
prove,bb,xor/u8,2000,6,6.503223896026611
prove,bb,xor/u8,2000,7,6.535202264785767
prove,bb,xor/u8,2000,8,6.534777641296387
prove,bb,xor/u8,2000,9,6.514520645141602
prove,bb,xor/u8,2000,10,6.499233722686768
prove,bb,xor/u8,2000,11,6.507350444793701
prove,bb,xor/u8,2000,12,6.505460500717163
prove,bb,xor/u8,2000,13,6.5843377113342285
prove,bb,xor/u8,2000,14,6.495569229125977
prove,noirky2-limb,xor/u8,100,0,2.007542371749878
prove,noirky2-limb,xor/u8,100,1,1.927898645401001
prove,noirky2-limb,xor/u8,100,2,1.8517742156982422
prove,noirky2-limb,xor/u8,100,3,1.8456652164459229
prove,noirky2-limb,xor/u8,100,4,1.846817970275879
prove,noirky2-limb,xor/u8,100,5,1.878340244293213
prove,noirky2-limb,xor/u8,100,6,1.8489129543304443
prove,noirky2-limb,xor/u8,100,7,1.838615894317627
prove,noirky2-limb,xor/u8,100,8,1.8610951900482178
prove,noirky2-limb,xor/u8,100,9,1.8641507625579834
prove,noirky2-limb,xor/u8,100,10,1.8585984706878662
prove,noirky2-limb,xor/u8,100,11,1.8631541728973389
prove,noirky2-limb,xor/u8,100,12,1.8717551231384277
prove,noirky2-limb,xor/u8,100,13,1.8648207187652588
prove,noirky2-limb,xor/u8,100,14,1.8768117427825928
prove,noirky2-limb,xor/u8,500,0,1.8466436862945557
prove,noirky2-limb,xor/u8,500,1,1.8797829151153564
prove,noirky2-limb,xor/u8,500,2,1.8583953380584717
prove,noirky2-limb,xor/u8,500,3,1.8856172561645508
prove,noirky2-limb,xor/u8,500,4,1.846083164215088
prove,noirky2-limb,xor/u8,500,5,1.860569953918457
prove,noirky2-limb,xor/u8,500,6,1.8540253639221191
prove,noirky2-limb,xor/u8,500,7,1.8692057132720947
prove,noirky2-limb,xor/u8,500,8,1.848771333694458
prove,noirky2-limb,xor/u8,500,9,1.8395745754241943
prove,noirky2-limb,xor/u8,500,10,1.8469672203063965
prove,noirky2-limb,xor/u8,500,11,1.8570342063903809
prove,noirky2-limb,xor/u8,500,12,1.8680286407470703
prove,noirky2-limb,xor/u8,500,13,1.8404600620269775
prove,noirky2-limb,xor/u8,500,14,1.892838716506958
prove,noirky2-limb,xor/u8,1000,0,1.841390609741211
prove,noirky2-limb,xor/u8,1000,1,1.8588664531707764
prove,noirky2-limb,xor/u8,1000,2,1.8898694515228271
prove,noirky2-limb,xor/u8,1000,3,1.8534739017486572
prove,noirky2-limb,xor/u8,1000,4,1.8869061470031738
prove,noirky2-limb,xor/u8,1000,5,1.8638324737548828
prove,noirky2-limb,xor/u8,1000,6,1.8908812999725342
prove,noirky2-limb,xor/u8,1000,7,1.8547909259796143
prove,noirky2-limb,xor/u8,1000,8,1.8676741123199463
prove,noirky2-limb,xor/u8,1000,9,1.8531928062438965
prove,noirky2-limb,xor/u8,1000,10,1.9027855396270752
prove,noirky2-limb,xor/u8,1000,11,1.8465123176574707
prove,noirky2-limb,xor/u8,1000,12,1.9357421398162842
prove,noirky2-limb,xor/u8,1000,13,1.9348056316375732
prove,noirky2-limb,xor/u8,1000,14,1.8920776844024658
prove,noirky2-limb,xor/u8,2000,0,1.8990697860717773
prove,noirky2-limb,xor/u8,2000,1,1.888942003250122
prove,noirky2-limb,xor/u8,2000,2,1.9478588104248047
prove,noirky2-limb,xor/u8,2000,3,1.9011409282684326
prove,noirky2-limb,xor/u8,2000,4,1.9428291320800781
prove,noirky2-limb,xor/u8,2000,5,1.8998522758483887
prove,noirky2-limb,xor/u8,2000,6,1.85015869140625
prove,noirky2-limb,xor/u8,2000,7,1.9830434322357178
prove,noirky2-limb,xor/u8,2000,8,1.90480375289917
prove,noirky2-limb,xor/u8,2000,9,1.8433046340942383
prove,noirky2-limb,xor/u8,2000,10,1.8540740013122559
prove,noirky2-limb,xor/u8,2000,11,1.8696963787078857
prove,noirky2-limb,xor/u8,2000,12,1.8687615394592285
prove,noirky2-limb,xor/u8,2000,13,1.8431570529937744
prove,noirky2-limb,xor/u8,2000,14,1.9007151126861572
prove,noirky2-limb-nozk,xor/u8,100,0,0.4106619358062744
prove,noirky2-limb-nozk,xor/u8,100,1,0.3855297565460205
prove,noirky2-limb-nozk,xor/u8,100,2,0.44496607780456543
prove,noirky2-limb-nozk,xor/u8,100,3,0.4271204471588135
prove,noirky2-limb-nozk,xor/u8,100,4,0.4894261360168457
prove,noirky2-limb-nozk,xor/u8,100,5,0.38892197608947754
prove,noirky2-limb-nozk,xor/u8,100,6,0.42624759674072266
prove,noirky2-limb-nozk,xor/u8,100,7,0.403092622756958
prove,noirky2-limb-nozk,xor/u8,100,8,0.3666517734527588
prove,noirky2-limb-nozk,xor/u8,100,9,0.4142329692840576
prove,noirky2-limb-nozk,xor/u8,100,10,0.4077129364013672
prove,noirky2-limb-nozk,xor/u8,100,11,0.4044649600982666
prove,noirky2-limb-nozk,xor/u8,100,12,0.37317872047424316
prove,noirky2-limb-nozk,xor/u8,100,13,0.37278079986572266
prove,noirky2-limb-nozk,xor/u8,100,14,0.37435150146484375
prove,noirky2-limb-nozk,xor/u8,500,0,0.40122365951538086
prove,noirky2-limb-nozk,xor/u8,500,1,0.3682389259338379
prove,noirky2-limb-nozk,xor/u8,500,2,0.452869176864624
prove,noirky2-limb-nozk,xor/u8,500,3,0.3661966323852539
prove,noirky2-limb-nozk,xor/u8,500,4,0.3669700622558594
prove,noirky2-limb-nozk,xor/u8,500,5,0.3678743839263916
prove,noirky2-limb-nozk,xor/u8,500,6,0.3662903308868408
prove,noirky2-limb-nozk,xor/u8,500,7,0.5071382522583008
prove,noirky2-limb-nozk,xor/u8,500,8,0.42322444915771484
prove,noirky2-limb-nozk,xor/u8,500,9,0.4093146324157715
prove,noirky2-limb-nozk,xor/u8,500,10,0.3811509609222412
prove,noirky2-limb-nozk,xor/u8,500,11,0.3828468322753906
prove,noirky2-limb-nozk,xor/u8,500,12,0.40895605087280273
prove,noirky2-limb-nozk,xor/u8,500,13,0.383547306060791
prove,noirky2-limb-nozk,xor/u8,500,14,0.369844913482666
prove,noirky2-limb-nozk,xor/u8,1000,0,0.36511969566345215
prove,noirky2-limb-nozk,xor/u8,1000,1,0.40336179733276367
prove,noirky2-limb-nozk,xor/u8,1000,2,0.35912489891052246
prove,noirky2-limb-nozk,xor/u8,1000,3,0.3641972541809082
prove,noirky2-limb-nozk,xor/u8,1000,4,0.4033188819885254
prove,noirky2-limb-nozk,xor/u8,1000,5,0.40445780754089355
prove,noirky2-limb-nozk,xor/u8,1000,6,0.362109899520874
prove,noirky2-limb-nozk,xor/u8,1000,7,0.44017791748046875
prove,noirky2-limb-nozk,xor/u8,1000,8,0.39332008361816406
prove,noirky2-limb-nozk,xor/u8,1000,9,0.36090898513793945
prove,noirky2-limb-nozk,xor/u8,1000,10,0.36623096466064453
prove,noirky2-limb-nozk,xor/u8,1000,11,0.37748169898986816
prove,noirky2-limb-nozk,xor/u8,1000,12,0.4481794834136963
prove,noirky2-limb-nozk,xor/u8,1000,13,0.37310123443603516
prove,noirky2-limb-nozk,xor/u8,1000,14,0.3788304328918457
prove,noirky2-limb-nozk,xor/u8,2000,0,0.3703153133392334
prove,noirky2-limb-nozk,xor/u8,2000,1,0.3849148750305176
prove,noirky2-limb-nozk,xor/u8,2000,2,0.40726494789123535
prove,noirky2-limb-nozk,xor/u8,2000,3,0.3916349411010742
prove,noirky2-limb-nozk,xor/u8,2000,4,0.4591495990753174
prove,noirky2-limb-nozk,xor/u8,2000,5,0.39302706718444824
prove,noirky2-limb-nozk,xor/u8,2000,6,0.37932419776916504
prove,noirky2-limb-nozk,xor/u8,2000,7,0.38451671600341797
prove,noirky2-limb-nozk,xor/u8,2000,8,0.36809587478637695
prove,noirky2-limb-nozk,xor/u8,2000,9,0.38679003715515137
prove,noirky2-limb-nozk,xor/u8,2000,10,0.4100463390350342
prove,noirky2-limb-nozk,xor/u8,2000,11,0.40222930908203125
prove,noirky2-limb-nozk,xor/u8,2000,12,0.3986704349517822
prove,noirky2-limb-nozk,xor/u8,2000,13,0.4170188903808594
prove,noirky2-limb-nozk,xor/u8,2000,14,0.39686155319213867
prove,noirky2-bits,xor/u16,100,0,1.649195909500122
prove,noirky2-bits,xor/u16,100,1,1.6427481174468994
prove,noirky2-bits,xor/u16,100,2,1.6157772541046143
prove,noirky2-bits,xor/u16,100,3,1.676572561264038
prove,noirky2-bits,xor/u16,100,4,1.6349811553955078
prove,noirky2-bits,xor/u16,100,5,1.6043367385864258
prove,noirky2-bits,xor/u16,100,6,1.6375069618225098
prove,noirky2-bits,xor/u16,100,7,1.6771736145019531
prove,noirky2-bits,xor/u16,100,8,1.650888204574585
prove,noirky2-bits,xor/u16,100,9,1.6140801906585693
prove,noirky2-bits,xor/u16,100,10,1.6749663352966309
prove,noirky2-bits,xor/u16,100,11,1.7007031440734863
prove,noirky2-bits,xor/u16,100,12,1.6729207038879395
prove,noirky2-bits,xor/u16,100,13,1.6537835597991943
prove,noirky2-bits,xor/u16,100,14,1.6644995212554932
prove,noirky2-bits,xor/u16,500,0,1.7076623439788818
prove,noirky2-bits,xor/u16,500,1,1.685321569442749
prove,noirky2-bits,xor/u16,500,2,1.7053577899932861
prove,noirky2-bits,xor/u16,500,3,1.8242661952972412
prove,noirky2-bits,xor/u16,500,4,1.7239477634429932
prove,noirky2-bits,xor/u16,500,5,1.7333385944366455
prove,noirky2-bits,xor/u16,500,6,1.7105462551116943
prove,noirky2-bits,xor/u16,500,7,1.728363037109375
prove,noirky2-bits,xor/u16,500,8,1.7169427871704102
prove,noirky2-bits,xor/u16,500,9,1.7507736682891846
prove,noirky2-bits,xor/u16,500,10,1.6829168796539307
prove,noirky2-bits,xor/u16,500,11,1.7753267288208008
prove,noirky2-bits,xor/u16,500,12,1.728727102279663
prove,noirky2-bits,xor/u16,500,13,1.7957217693328857
prove,noirky2-bits,xor/u16,500,14,1.769223928451538
prove,noirky2-bits,xor/u16,1000,0,1.8741531372070312
prove,noirky2-bits,xor/u16,1000,1,1.816983938217163
prove,noirky2-bits,xor/u16,1000,2,1.775716781616211
prove,noirky2-bits,xor/u16,1000,3,1.7929134368896484
prove,noirky2-bits,xor/u16,1000,4,1.801414966583252
prove,noirky2-bits,xor/u16,1000,5,1.9438660144805908
prove,noirky2-bits,xor/u16,1000,6,1.8302292823791504
prove,noirky2-bits,xor/u16,1000,7,1.8515863418579102
prove,noirky2-bits,xor/u16,1000,8,1.8161847591400146
prove,noirky2-bits,xor/u16,1000,9,1.8231408596038818
prove,noirky2-bits,xor/u16,1000,10,1.834517240524292
prove,noirky2-bits,xor/u16,1000,11,1.831824779510498
prove,noirky2-bits,xor/u16,1000,12,1.807823896408081
prove,noirky2-bits,xor/u16,1000,13,1.78440260887146
prove,noirky2-bits,xor/u16,1000,14,1.8229312896728516
prove,noirky2-bits,xor/u16,2000,0,3.4363138675689697
prove,noirky2-bits,xor/u16,2000,1,3.477015495300293
prove,noirky2-bits,xor/u16,2000,2,3.412853479385376
prove,noirky2-bits,xor/u16,2000,3,3.4965059757232666
prove,noirky2-bits,xor/u16,2000,4,3.456364393234253
prove,noirky2-bits,xor/u16,2000,5,3.412177562713623
prove,noirky2-bits,xor/u16,2000,6,3.532489538192749
prove,noirky2-bits,xor/u16,2000,7,3.4462602138519287
prove,noirky2-bits,xor/u16,2000,8,3.4896674156188965
prove,noirky2-bits,xor/u16,2000,9,3.4838461875915527
prove,noirky2-bits,xor/u16,2000,10,3.4625635147094727
prove,noirky2-bits,xor/u16,2000,11,3.481297016143799
prove,noirky2-bits,xor/u16,2000,12,3.5558829307556152
prove,noirky2-bits,xor/u16,2000,13,3.507188081741333
prove,noirky2-bits,xor/u16,2000,14,3.4862608909606934
prove,noirky2-bits-nozk,xor/u16,100,0,0.10577797889709473
prove,noirky2-bits-nozk,xor/u16,100,1,0.11155223846435547
prove,noirky2-bits-nozk,xor/u16,100,2,0.09941840171813965
prove,noirky2-bits-nozk,xor/u16,100,3,0.11392021179199219
prove,noirky2-bits-nozk,xor/u16,100,4,0.10352087020874023
prove,noirky2-bits-nozk,xor/u16,100,5,0.09888958930969238
prove,noirky2-bits-nozk,xor/u16,100,6,0.09904623031616211
prove,noirky2-bits-nozk,xor/u16,100,7,0.09708285331726074
prove,noirky2-bits-nozk,xor/u16,100,8,0.09594249725341797
prove,noirky2-bits-nozk,xor/u16,100,9,0.11081886291503906
prove,noirky2-bits-nozk,xor/u16,100,10,0.10552358627319336
prove,noirky2-bits-nozk,xor/u16,100,11,0.137115478515625
prove,noirky2-bits-nozk,xor/u16,100,12,0.18213367462158203
prove,noirky2-bits-nozk,xor/u16,100,13,0.18839120864868164
prove,noirky2-bits-nozk,xor/u16,100,14,0.12402606010437012
prove,noirky2-bits-nozk,xor/u16,500,0,0.39417052268981934
prove,noirky2-bits-nozk,xor/u16,500,1,0.3881375789642334
prove,noirky2-bits-nozk,xor/u16,500,2,0.3880021572113037
prove,noirky2-bits-nozk,xor/u16,500,3,0.42087578773498535
prove,noirky2-bits-nozk,xor/u16,500,4,0.38608503341674805
prove,noirky2-bits-nozk,xor/u16,500,5,0.3934321403503418
prove,noirky2-bits-nozk,xor/u16,500,6,0.4600358009338379
prove,noirky2-bits-nozk,xor/u16,500,7,0.39691162109375
prove,noirky2-bits-nozk,xor/u16,500,8,0.3923921585083008
prove,noirky2-bits-nozk,xor/u16,500,9,0.38296008110046387
prove,noirky2-bits-nozk,xor/u16,500,10,0.37857484817504883
prove,noirky2-bits-nozk,xor/u16,500,11,0.4125661849975586
prove,noirky2-bits-nozk,xor/u16,500,12,0.44406795501708984
prove,noirky2-bits-nozk,xor/u16,500,13,0.37825608253479004
prove,noirky2-bits-nozk,xor/u16,500,14,0.396425724029541
prove,noirky2-bits-nozk,xor/u16,1000,0,0.7802984714508057
prove,noirky2-bits-nozk,xor/u16,1000,1,0.7557287216186523
prove,noirky2-bits-nozk,xor/u16,1000,2,0.7792608737945557
prove,noirky2-bits-nozk,xor/u16,1000,3,0.8406040668487549
prove,noirky2-bits-nozk,xor/u16,1000,4,0.7876780033111572
prove,noirky2-bits-nozk,xor/u16,1000,5,0.7606308460235596
prove,noirky2-bits-nozk,xor/u16,1000,6,0.7828686237335205
prove,noirky2-bits-nozk,xor/u16,1000,7,0.7781112194061279
prove,noirky2-bits-nozk,xor/u16,1000,8,0.7896606922149658
prove,noirky2-bits-nozk,xor/u16,1000,9,0.947559118270874
prove,noirky2-bits-nozk,xor/u16,1000,10,0.7909233570098877
prove,noirky2-bits-nozk,xor/u16,1000,11,0.75065016746521
prove,noirky2-bits-nozk,xor/u16,1000,12,0.7871346473693848
prove,noirky2-bits-nozk,xor/u16,1000,13,0.7618250846862793
prove,noirky2-bits-nozk,xor/u16,1000,14,0.8280138969421387
prove,noirky2-bits-nozk,xor/u16,2000,0,1.5391340255737305
prove,noirky2-bits-nozk,xor/u16,2000,1,1.581810712814331
prove,noirky2-bits-nozk,xor/u16,2000,2,1.5686564445495605
prove,noirky2-bits-nozk,xor/u16,2000,3,1.5230581760406494
prove,noirky2-bits-nozk,xor/u16,2000,4,1.5464088916778564
prove,noirky2-bits-nozk,xor/u16,2000,5,1.5222630500793457
prove,noirky2-bits-nozk,xor/u16,2000,6,1.523003101348877
prove,noirky2-bits-nozk,xor/u16,2000,7,1.5171799659729004
prove,noirky2-bits-nozk,xor/u16,2000,8,1.5224661827087402
prove,noirky2-bits-nozk,xor/u16,2000,9,1.5296335220336914
prove,noirky2-bits-nozk,xor/u16,2000,10,1.5340418815612793
prove,noirky2-bits-nozk,xor/u16,2000,11,1.5302543640136719
prove,noirky2-bits-nozk,xor/u16,2000,12,1.5497663021087646
prove,noirky2-bits-nozk,xor/u16,2000,13,1.5920836925506592
prove,noirky2-bits-nozk,xor/u16,2000,14,1.552583932876587
prove,bb,xor/u16,100,0,0.5784637928009033
prove,bb,xor/u16,100,1,0.5761353969573975
prove,bb,xor/u16,100,2,0.5772631168365479
prove,bb,xor/u16,100,3,0.5776245594024658
prove,bb,xor/u16,100,4,0.5831165313720703
prove,bb,xor/u16,100,5,0.5860755443572998
prove,bb,xor/u16,100,6,0.5813348293304443
prove,bb,xor/u16,100,7,0.5809028148651123
prove,bb,xor/u16,100,8,0.5811235904693604
prove,bb,xor/u16,100,9,0.5816199779510498
prove,bb,xor/u16,100,10,0.5804636478424072
prove,bb,xor/u16,100,11,0.5774080753326416
prove,bb,xor/u16,100,12,0.5827422142028809
prove,bb,xor/u16,100,13,0.586458683013916
prove,bb,xor/u16,100,14,0.5866866111755371
prove,bb,xor/u16,500,0,1.7031323909759521
prove,bb,xor/u16,500,1,1.7291488647460938
prove,bb,xor/u16,500,2,1.7451376914978027
prove,bb,xor/u16,500,3,1.7426483631134033
prove,bb,xor/u16,500,4,1.740433692932129
prove,bb,xor/u16,500,5,1.7338957786560059
prove,bb,xor/u16,500,6,1.739799976348877
prove,bb,xor/u16,500,7,1.730285406112671
prove,bb,xor/u16,500,8,1.7391588687896729
prove,bb,xor/u16,500,9,1.737928867340088
prove,bb,xor/u16,500,10,1.7377314567565918
prove,bb,xor/u16,500,11,1.7330434322357178
prove,bb,xor/u16,500,12,1.7598493099212646
prove,bb,xor/u16,500,13,1.7365999221801758
prove,bb,xor/u16,500,14,1.7435486316680908
prove,bb,xor/u16,1000,0,3.2263050079345703
prove,bb,xor/u16,1000,1,3.3360280990600586
prove,bb,xor/u16,1000,2,3.257338285446167
prove,bb,xor/u16,1000,3,3.2618398666381836
prove,bb,xor/u16,1000,4,3.2734525203704834
prove,bb,xor/u16,1000,5,3.2546162605285645
prove,bb,xor/u16,1000,6,3.263094425201416
prove,bb,xor/u16,1000,7,3.2689714431762695
prove,bb,xor/u16,1000,8,3.29396653175354
prove,bb,xor/u16,1000,9,3.2751898765563965
prove,bb,xor/u16,1000,10,3.2576427459716797
prove,bb,xor/u16,1000,11,3.27500319480896
prove,bb,xor/u16,1000,12,3.267146587371826
prove,bb,xor/u16,1000,13,3.2676150798797607
prove,bb,xor/u16,1000,14,3.263345241546631
prove,bb,xor/u16,2000,0,6.364207983016968
prove,bb,xor/u16,2000,1,6.460264205932617
prove,bb,xor/u16,2000,2,6.5296807289123535
prove,bb,xor/u16,2000,3,6.449726819992065
prove,bb,xor/u16,2000,4,6.434063196182251
prove,bb,xor/u16,2000,5,6.456480503082275
prove,bb,xor/u16,2000,6,6.470628499984741
prove,bb,xor/u16,2000,7,6.47184681892395
prove,bb,xor/u16,2000,8,6.441874265670776
prove,bb,xor/u16,2000,9,6.444147109985352
prove,bb,xor/u16,2000,10,6.452399015426636
prove,bb,xor/u16,2000,11,6.506207466125488
prove,bb,xor/u16,2000,12,6.437433481216431
prove,bb,xor/u16,2000,13,6.442932605743408
prove,bb,xor/u16,2000,14,6.44398832321167
prove,noirky2-limb,xor/u16,100,0,2.008451223373413
prove,noirky2-limb,xor/u16,100,1,1.9442362785339355
prove,noirky2-limb,xor/u16,100,2,1.9347100257873535
prove,noirky2-limb,xor/u16,100,3,1.9060285091400146
prove,noirky2-limb,xor/u16,100,4,1.8705718517303467
prove,noirky2-limb,xor/u16,100,5,1.8493242263793945
prove,noirky2-limb,xor/u16,100,6,1.8768229484558105
prove,noirky2-limb,xor/u16,100,7,1.87809157371521
prove,noirky2-limb,xor/u16,100,8,1.8669660091400146
prove,noirky2-limb,xor/u16,100,9,1.9043245315551758
prove,noirky2-limb,xor/u16,100,10,1.893449068069458
prove,noirky2-limb,xor/u16,100,11,1.8603222370147705
prove,noirky2-limb,xor/u16,100,12,1.8748199939727783
prove,noirky2-limb,xor/u16,100,13,1.9281566143035889
prove,noirky2-limb,xor/u16,100,14,1.8778157234191895
prove,noirky2-limb,xor/u16,500,0,1.867344856262207
prove,noirky2-limb,xor/u16,500,1,1.9228639602661133
prove,noirky2-limb,xor/u16,500,2,1.8712999820709229
prove,noirky2-limb,xor/u16,500,3,1.9095866680145264
prove,noirky2-limb,xor/u16,500,4,1.9812273979187012
prove,noirky2-limb,xor/u16,500,5,1.9435245990753174
prove,noirky2-limb,xor/u16,500,6,1.8863980770111084
prove,noirky2-limb,xor/u16,500,7,1.915374994277954
prove,noirky2-limb,xor/u16,500,8,1.9264800548553467
prove,noirky2-limb,xor/u16,500,9,1.8887443542480469
prove,noirky2-limb,xor/u16,500,10,1.8845114707946777
prove,noirky2-limb,xor/u16,500,11,1.9184660911560059
prove,noirky2-limb,xor/u16,500,12,1.9059171676635742
prove,noirky2-limb,xor/u16,500,13,1.9218792915344238
prove,noirky2-limb,xor/u16,500,14,1.9329988956451416
prove,noirky2-limb,xor/u16,1000,0,1.9072625637054443
prove,noirky2-limb,xor/u16,1000,1,1.8931221961975098
prove,noirky2-limb,xor/u16,1000,2,1.8928298950195312
prove,noirky2-limb,xor/u16,1000,3,1.9521167278289795
prove,noirky2-limb,xor/u16,1000,4,1.957685947418213
prove,noirky2-limb,xor/u16,1000,5,1.889847993850708
prove,noirky2-limb,xor/u16,1000,6,1.962876558303833
prove,noirky2-limb,xor/u16,1000,7,1.916985273361206
prove,noirky2-limb,xor/u16,1000,8,2.039287567138672
prove,noirky2-limb,xor/u16,1000,9,1.9904718399047852
prove,noirky2-limb,xor/u16,1000,10,1.937441110610962
prove,noirky2-limb,xor/u16,1000,11,1.9718773365020752
prove,noirky2-limb,xor/u16,1000,12,1.9141876697540283
prove,noirky2-limb,xor/u16,1000,13,1.9196949005126953
prove,noirky2-limb,xor/u16,1000,14,1.8796956539154053
prove,noirky2-limb,xor/u16,2000,0,1.9312121868133545
prove,noirky2-limb,xor/u16,2000,1,2.0268595218658447
prove,noirky2-limb,xor/u16,2000,2,1.924367904663086
prove,noirky2-limb,xor/u16,2000,3,1.873067855834961
prove,noirky2-limb,xor/u16,2000,4,1.8860366344451904
prove,noirky2-limb,xor/u16,2000,5,1.902754306793213
prove,noirky2-limb,xor/u16,2000,6,1.9447109699249268
prove,noirky2-limb,xor/u16,2000,7,1.8989224433898926
prove,noirky2-limb,xor/u16,2000,8,1.880889892578125
prove,noirky2-limb,xor/u16,2000,9,1.8758752346038818
prove,noirky2-limb,xor/u16,2000,10,1.8624274730682373
prove,noirky2-limb,xor/u16,2000,11,1.9191749095916748
prove,noirky2-limb,xor/u16,2000,12,1.9373836517333984
prove,noirky2-limb,xor/u16,2000,13,1.875713586807251
prove,noirky2-limb,xor/u16,2000,14,1.8750724792480469
prove,noirky2-limb-nozk,xor/u16,100,0,0.3586769104003906
prove,noirky2-limb-nozk,xor/u16,100,1,0.5290493965148926
prove,noirky2-limb-nozk,xor/u16,100,2,0.37841248512268066
prove,noirky2-limb-nozk,xor/u16,100,3,0.43166494369506836
prove,noirky2-limb-nozk,xor/u16,100,4,0.4399755001068115
prove,noirky2-limb-nozk,xor/u16,100,5,0.4253265857696533
prove,noirky2-limb-nozk,xor/u16,100,6,0.4191739559173584
prove,noirky2-limb-nozk,xor/u16,100,7,0.36728906631469727
prove,noirky2-limb-nozk,xor/u16,100,8,0.3849165439605713
prove,noirky2-limb-nozk,xor/u16,100,9,0.3591945171356201
prove,noirky2-limb-nozk,xor/u16,100,10,0.39716386795043945
prove,noirky2-limb-nozk,xor/u16,100,11,0.3738975524902344
prove,noirky2-limb-nozk,xor/u16,100,12,0.40790748596191406
prove,noirky2-limb-nozk,xor/u16,100,13,0.41446971893310547
prove,noirky2-limb-nozk,xor/u16,100,14,0.3726503849029541
prove,noirky2-limb-nozk,xor/u16,500,0,0.36461758613586426
prove,noirky2-limb-nozk,xor/u16,500,1,0.3694288730621338
prove,noirky2-limb-nozk,xor/u16,500,2,0.3826169967651367
prove,noirky2-limb-nozk,xor/u16,500,3,0.37349915504455566
prove,noirky2-limb-nozk,xor/u16,500,4,0.3889322280883789
prove,noirky2-limb-nozk,xor/u16,500,5,0.3852665424346924
prove,noirky2-limb-nozk,xor/u16,500,6,0.3976290225982666
prove,noirky2-limb-nozk,xor/u16,500,7,0.3867783546447754
prove,noirky2-limb-nozk,xor/u16,500,8,0.4573030471801758
prove,noirky2-limb-nozk,xor/u16,500,9,0.3970177173614502
prove,noirky2-limb-nozk,xor/u16,500,10,0.4290616512298584
prove,noirky2-limb-nozk,xor/u16,500,11,0.3864617347717285
prove,noirky2-limb-nozk,xor/u16,500,12,0.37889695167541504
prove,noirky2-limb-nozk,xor/u16,500,13,0.3768007755279541
prove,noirky2-limb-nozk,xor/u16,500,14,0.3871142864227295
prove,noirky2-limb-nozk,xor/u16,1000,0,0.3772289752960205
prove,noirky2-limb-nozk,xor/u16,1000,1,0.44014501571655273
prove,noirky2-limb-nozk,xor/u16,1000,2,0.3865182399749756
prove,noirky2-limb-nozk,xor/u16,1000,3,0.44804835319519043
prove,noirky2-limb-nozk,xor/u16,1000,4,0.3933405876159668
prove,noirky2-limb-nozk,xor/u16,1000,5,0.37534284591674805
prove,noirky2-limb-nozk,xor/u16,1000,6,0.3866434097290039
prove,noirky2-limb-nozk,xor/u16,1000,7,0.37640833854675293
prove,noirky2-limb-nozk,xor/u16,1000,8,0.3801538944244385
prove,noirky2-limb-nozk,xor/u16,1000,9,0.38005733489990234
prove,noirky2-limb-nozk,xor/u16,1000,10,0.3959810733795166
prove,noirky2-limb-nozk,xor/u16,1000,11,0.48643994331359863
prove,noirky2-limb-nozk,xor/u16,1000,12,0.40088772773742676
prove,noirky2-limb-nozk,xor/u16,1000,13,0.3817923069000244
prove,noirky2-limb-nozk,xor/u16,1000,14,0.3778727054595947
prove,noirky2-limb-nozk,xor/u16,2000,0,0.39604759216308594
prove,noirky2-limb-nozk,xor/u16,2000,1,0.389066219329834
prove,noirky2-limb-nozk,xor/u16,2000,2,0.48334598541259766
prove,noirky2-limb-nozk,xor/u16,2000,3,0.4233212471008301
prove,noirky2-limb-nozk,xor/u16,2000,4,0.43323206901550293
prove,noirky2-limb-nozk,xor/u16,2000,5,0.4264707565307617
prove,noirky2-limb-nozk,xor/u16,2000,6,0.39105844497680664
prove,noirky2-limb-nozk,xor/u16,2000,7,0.39890503883361816
prove,noirky2-limb-nozk,xor/u16,2000,8,0.4007105827331543
prove,noirky2-limb-nozk,xor/u16,2000,9,0.4033064842224121
prove,noirky2-limb-nozk,xor/u16,2000,10,0.4502537250518799
prove,noirky2-limb-nozk,xor/u16,2000,11,0.4123251438140869
prove,noirky2-limb-nozk,xor/u16,2000,12,0.39127349853515625
prove,noirky2-limb-nozk,xor/u16,2000,13,0.45766329765319824
prove,noirky2-limb-nozk,xor/u16,2000,14,0.44643449783325195
prove,noirky2-bits,xor/u32,100,0,1.6563479900360107
prove,noirky2-bits,xor/u32,100,1,1.6997478008270264
prove,noirky2-bits,xor/u32,100,2,1.6242036819458008
prove,noirky2-bits,xor/u32,100,3,1.774690866470337
prove,noirky2-bits,xor/u32,100,4,1.686141014099121
prove,noirky2-bits,xor/u32,100,5,1.6598567962646484
prove,noirky2-bits,xor/u32,100,6,1.6328294277191162
prove,noirky2-bits,xor/u32,100,7,1.6467318534851074
prove,noirky2-bits,xor/u32,100,8,1.6518266201019287
prove,noirky2-bits,xor/u32,100,9,1.692121982574463
prove,noirky2-bits,xor/u32,100,10,1.6996660232543945
prove,noirky2-bits,xor/u32,100,11,1.6446583271026611
prove,noirky2-bits,xor/u32,100,12,1.6430351734161377
prove,noirky2-bits,xor/u32,100,13,1.6612136363983154
prove,noirky2-bits,xor/u32,100,14,1.7005434036254883
prove,noirky2-bits,xor/u32,500,0,1.8686094284057617
prove,noirky2-bits,xor/u32,500,1,1.881533145904541
prove,noirky2-bits,xor/u32,500,2,1.7871179580688477
prove,noirky2-bits,xor/u32,500,3,1.7841339111328125
prove,noirky2-bits,xor/u32,500,4,1.797621250152588
prove,noirky2-bits,xor/u32,500,5,1.8237817287445068
prove,noirky2-bits,xor/u32,500,6,1.7813100814819336
prove,noirky2-bits,xor/u32,500,7,1.8247184753417969
prove,noirky2-bits,xor/u32,500,8,1.8158533573150635
prove,noirky2-bits,xor/u32,500,9,1.821648120880127
prove,noirky2-bits,xor/u32,500,10,1.7730958461761475
prove,noirky2-bits,xor/u32,500,11,1.922910213470459
prove,noirky2-bits,xor/u32,500,12,1.8265469074249268
prove,noirky2-bits,xor/u32,500,13,1.7946724891662598
prove,noirky2-bits,xor/u32,500,14,1.8288166522979736
prove,noirky2-bits,xor/u32,1000,0,3.333824872970581
prove,noirky2-bits,xor/u32,1000,1,3.3788845539093018
prove,noirky2-bits,xor/u32,1000,2,3.4054439067840576
prove,noirky2-bits,xor/u32,1000,3,3.44380784034729
prove,noirky2-bits,xor/u32,1000,4,3.4161643981933594
prove,noirky2-bits,xor/u32,1000,5,3.3510470390319824
prove,noirky2-bits,xor/u32,1000,6,3.409977674484253
prove,noirky2-bits,xor/u32,1000,7,3.4336330890655518
prove,noirky2-bits,xor/u32,1000,8,3.394124984741211
prove,noirky2-bits,xor/u32,1000,9,3.438551902770996
prove,noirky2-bits,xor/u32,1000,10,3.3803532123565674
prove,noirky2-bits,xor/u32,1000,11,3.4881927967071533
prove,noirky2-bits,xor/u32,1000,12,3.3860936164855957
prove,noirky2-bits,xor/u32,1000,13,3.4557390213012695
prove,noirky2-bits,xor/u32,1000,14,3.4261398315429688
prove,noirky2-bits,xor/u32,2000,0,3.714085817337036
prove,noirky2-bits,xor/u32,2000,1,3.7115774154663086
prove,noirky2-bits,xor/u32,2000,2,3.672132730484009
prove,noirky2-bits,xor/u32,2000,3,3.7112419605255127
prove,noirky2-bits,xor/u32,2000,4,3.7036263942718506
prove,noirky2-bits,xor/u32,2000,5,3.695838689804077
prove,noirky2-bits,xor/u32,2000,6,3.6873879432678223
prove,noirky2-bits,xor/u32,2000,7,3.7027673721313477
prove,noirky2-bits,xor/u32,2000,8,3.680335760116577
prove,noirky2-bits,xor/u32,2000,9,3.751586437225342
prove,noirky2-bits,xor/u32,2000,10,3.794266700744629
prove,noirky2-bits,xor/u32,2000,11,3.714749574661255
prove,noirky2-bits,xor/u32,2000,12,3.691918134689331
prove,noirky2-bits,xor/u32,2000,13,3.6810615062713623
prove,noirky2-bits,xor/u32,2000,14,3.673358678817749
prove,noirky2-bits-nozk,xor/u32,100,0,0.20169425010681152
prove,noirky2-bits-nozk,xor/u32,100,1,0.19473981857299805
prove,noirky2-bits-nozk,xor/u32,100,2,0.1824336051940918
prove,noirky2-bits-nozk,xor/u32,100,3,0.17715239524841309
prove,noirky2-bits-nozk,xor/u32,100,4,0.1832728385925293
prove,noirky2-bits-nozk,xor/u32,100,5,0.19831037521362305
prove,noirky2-bits-nozk,xor/u32,100,6,0.1768324375152588
prove,noirky2-bits-nozk,xor/u32,100,7,0.28936338424682617
prove,noirky2-bits-nozk,xor/u32,100,8,0.19103789329528809
prove,noirky2-bits-nozk,xor/u32,100,9,0.19736409187316895
prove,noirky2-bits-nozk,xor/u32,100,10,0.18800020217895508
prove,noirky2-bits-nozk,xor/u32,100,11,0.1941227912902832
prove,noirky2-bits-nozk,xor/u32,100,12,0.17502903938293457
prove,noirky2-bits-nozk,xor/u32,100,13,0.23184943199157715
prove,noirky2-bits-nozk,xor/u32,100,14,0.1807568073272705
prove,noirky2-bits-nozk,xor/u32,500,0,0.7565793991088867
prove,noirky2-bits-nozk,xor/u32,500,1,0.7421977519989014
prove,noirky2-bits-nozk,xor/u32,500,2,0.7457575798034668
prove,noirky2-bits-nozk,xor/u32,500,3,0.738304615020752
prove,noirky2-bits-nozk,xor/u32,500,4,0.7447750568389893
prove,noirky2-bits-nozk,xor/u32,500,5,0.7233755588531494
prove,noirky2-bits-nozk,xor/u32,500,6,0.7354569435119629
prove,noirky2-bits-nozk,xor/u32,500,7,0.7354304790496826
prove,noirky2-bits-nozk,xor/u32,500,8,0.7673242092132568
prove,noirky2-bits-nozk,xor/u32,500,9,0.7929339408874512
prove,noirky2-bits-nozk,xor/u32,500,10,0.7572529315948486
prove,noirky2-bits-nozk,xor/u32,500,11,0.7556593418121338
prove,noirky2-bits-nozk,xor/u32,500,12,0.749065637588501
prove,noirky2-bits-nozk,xor/u32,500,13,0.8548731803894043
prove,noirky2-bits-nozk,xor/u32,500,14,0.7470290660858154
prove,noirky2-bits-nozk,xor/u32,1000,0,1.4550483226776123
prove,noirky2-bits-nozk,xor/u32,1000,1,1.5170044898986816
prove,noirky2-bits-nozk,xor/u32,1000,2,1.5534403324127197
prove,noirky2-bits-nozk,xor/u32,1000,3,1.4932467937469482
prove,noirky2-bits-nozk,xor/u32,1000,4,1.4911987781524658
prove,noirky2-bits-nozk,xor/u32,1000,5,1.4753360748291016
prove,noirky2-bits-nozk,xor/u32,1000,6,1.4799580574035645
prove,noirky2-bits-nozk,xor/u32,1000,7,1.4874131679534912
prove,noirky2-bits-nozk,xor/u32,1000,8,1.5165791511535645
prove,noirky2-bits-nozk,xor/u32,1000,9,1.5789642333984375
prove,noirky2-bits-nozk,xor/u32,1000,10,1.5059435367584229
prove,noirky2-bits-nozk,xor/u32,1000,11,1.4644219875335693
prove,noirky2-bits-nozk,xor/u32,1000,12,1.4556639194488525
prove,noirky2-bits-nozk,xor/u32,1000,13,1.4839563369750977
prove,noirky2-bits-nozk,xor/u32,1000,14,1.4956893920898438
prove,noirky2-bits-nozk,xor/u32,2000,0,3.0278210639953613
prove,noirky2-bits-nozk,xor/u32,2000,1,3.018873691558838
prove,noirky2-bits-nozk,xor/u32,2000,2,3.0646605491638184
prove,noirky2-bits-nozk,xor/u32,2000,3,3.0513858795166016
prove,noirky2-bits-nozk,xor/u32,2000,4,3.0383803844451904
prove,noirky2-bits-nozk,xor/u32,2000,5,3.047126531600952
prove,noirky2-bits-nozk,xor/u32,2000,6,3.118748188018799
prove,noirky2-bits-nozk,xor/u32,2000,7,3.1360647678375244
prove,noirky2-bits-nozk,xor/u32,2000,8,3.07157564163208
prove,noirky2-bits-nozk,xor/u32,2000,9,3.06089448928833
prove,noirky2-bits-nozk,xor/u32,2000,10,3.0542078018188477
prove,noirky2-bits-nozk,xor/u32,2000,11,3.035729169845581
prove,noirky2-bits-nozk,xor/u32,2000,12,3.061626672744751
prove,noirky2-bits-nozk,xor/u32,2000,13,3.0672850608825684
prove,noirky2-bits-nozk,xor/u32,2000,14,3.051769256591797
prove,bb,xor/u32,100,0,0.6145591735839844
prove,bb,xor/u32,100,1,0.5802755355834961
prove,bb,xor/u32,100,2,0.5807414054870605
prove,bb,xor/u32,100,3,0.5838489532470703
prove,bb,xor/u32,100,4,0.5851798057556152
prove,bb,xor/u32,100,5,0.5820767879486084
prove,bb,xor/u32,100,6,0.5830519199371338
prove,bb,xor/u32,100,7,0.5794198513031006
prove,bb,xor/u32,100,8,0.5853657722473145
prove,bb,xor/u32,100,9,0.5791723728179932
prove,bb,xor/u32,100,10,0.5809891223907471
prove,bb,xor/u32,100,11,0.5769257545471191
prove,bb,xor/u32,100,12,0.5912942886352539
prove,bb,xor/u32,100,13,0.5816080570220947
prove,bb,xor/u32,100,14,0.5793919563293457
prove,bb,xor/u32,500,0,1.7097423076629639
prove,bb,xor/u32,500,1,1.7378208637237549
prove,bb,xor/u32,500,2,1.746387243270874
prove,bb,xor/u32,500,3,1.7971017360687256
prove,bb,xor/u32,500,4,1.752366542816162
prove,bb,xor/u32,500,5,1.7455003261566162
prove,bb,xor/u32,500,6,1.7434346675872803
prove,bb,xor/u32,500,7,1.7431402206420898
prove,bb,xor/u32,500,8,1.7456202507019043
prove,bb,xor/u32,500,9,1.7404873371124268
prove,bb,xor/u32,500,10,1.7390844821929932
prove,bb,xor/u32,500,11,1.747206687927246
prove,bb,xor/u32,500,12,1.7375729084014893
prove,bb,xor/u32,500,13,1.7407934665679932
prove,bb,xor/u32,500,14,1.7606139183044434
prove,bb,xor/u32,1000,0,3.2217822074890137
prove,bb,xor/u32,1000,1,3.262903928756714
prove,bb,xor/u32,1000,2,3.2796263694763184
prove,bb,xor/u32,1000,3,3.266303777694702
prove,bb,xor/u32,1000,4,3.270953416824341
prove,bb,xor/u32,1000,5,3.2614195346832275
prove,bb,xor/u32,1000,6,3.270432949066162
prove,bb,xor/u32,1000,7,3.260903835296631
prove,bb,xor/u32,1000,8,3.2758471965789795
prove,bb,xor/u32,1000,9,3.260611057281494
prove,bb,xor/u32,1000,10,3.28001070022583
prove,bb,xor/u32,1000,11,3.3174705505371094
prove,bb,xor/u32,1000,12,3.256160020828247
prove,bb,xor/u32,1000,13,3.261923313140869
prove,bb,xor/u32,1000,14,3.264577627182007
prove,bb,xor/u32,2000,0,6.354663610458374
prove,bb,xor/u32,2000,1,6.4592602252960205
prove,bb,xor/u32,2000,2,6.450094223022461
prove,bb,xor/u32,2000,3,6.451765298843384
prove,bb,xor/u32,2000,4,6.44332218170166
prove,bb,xor/u32,2000,5,6.4379119873046875
prove,bb,xor/u32,2000,6,6.452092885971069
prove,bb,xor/u32,2000,7,6.5102152824401855
prove,bb,xor/u32,2000,8,6.422907590866089
prove,bb,xor/u32,2000,9,6.437536954879761
prove,bb,xor/u32,2000,10,6.445803642272949
prove,bb,xor/u32,2000,11,6.446009874343872
prove,bb,xor/u32,2000,12,6.447875022888184
prove,bb,xor/u32,2000,13,6.440332651138306
prove,bb,xor/u32,2000,14,6.46860146522522
prove,noirky2-limb,xor/u32,100,0,2.0474460124969482
prove,noirky2-limb,xor/u32,100,1,1.8662264347076416
prove,noirky2-limb,xor/u32,100,2,1.8322737216949463
prove,noirky2-limb,xor/u32,100,3,1.8532016277313232
prove,noirky2-limb,xor/u32,100,4,1.8509941101074219
prove,noirky2-limb,xor/u32,100,5,1.8587455749511719
prove,noirky2-limb,xor/u32,100,6,1.897193431854248
prove,noirky2-limb,xor/u32,100,7,1.8887357711791992
prove,noirky2-limb,xor/u32,100,8,1.9464876651763916
prove,noirky2-limb,xor/u32,100,9,1.863288402557373
prove,noirky2-limb,xor/u32,100,10,1.9231669902801514
prove,noirky2-limb,xor/u32,100,11,1.871786117553711
prove,noirky2-limb,xor/u32,100,12,1.8558154106140137
prove,noirky2-limb,xor/u32,100,13,1.8550364971160889
prove,noirky2-limb,xor/u32,100,14,1.8544039726257324
prove,noirky2-limb,xor/u32,500,0,1.86305832862854
prove,noirky2-limb,xor/u32,500,1,1.8704967498779297
prove,noirky2-limb,xor/u32,500,2,1.8558628559112549
prove,noirky2-limb,xor/u32,500,3,1.8584437370300293
prove,noirky2-limb,xor/u32,500,4,1.9375956058502197
prove,noirky2-limb,xor/u32,500,5,1.8720006942749023
prove,noirky2-limb,xor/u32,500,6,1.8583457469940186
prove,noirky2-limb,xor/u32,500,7,1.929800271987915
prove,noirky2-limb,xor/u32,500,8,1.8767378330230713
prove,noirky2-limb,xor/u32,500,9,1.854001522064209
prove,noirky2-limb,xor/u32,500,10,1.8915464878082275
prove,noirky2-limb,xor/u32,500,11,1.8976798057556152
prove,noirky2-limb,xor/u32,500,12,1.8613028526306152
prove,noirky2-limb,xor/u32,500,13,1.9577889442443848
prove,noirky2-limb,xor/u32,500,14,1.8910980224609375
prove,noirky2-limb,xor/u32,1000,0,1.8686258792877197
prove,noirky2-limb,xor/u32,1000,1,1.924462080001831
prove,noirky2-limb,xor/u32,1000,2,1.89219331741333
prove,noirky2-limb,xor/u32,1000,3,1.8850314617156982
prove,noirky2-limb,xor/u32,1000,4,1.902064323425293
prove,noirky2-limb,xor/u32,1000,5,1.9239964485168457
prove,noirky2-limb,xor/u32,1000,6,1.892228364944458
prove,noirky2-limb,xor/u32,1000,7,1.8956754207611084
prove,noirky2-limb,xor/u32,1000,8,1.902601957321167
prove,noirky2-limb,xor/u32,1000,9,1.9002487659454346
prove,noirky2-limb,xor/u32,1000,10,1.8662891387939453
prove,noirky2-limb,xor/u32,1000,11,1.9117162227630615
prove,noirky2-limb,xor/u32,1000,12,1.855787754058838
prove,noirky2-limb,xor/u32,1000,13,1.9346959590911865
prove,noirky2-limb,xor/u32,1000,14,1.9597158432006836
prove,noirky2-limb,xor/u32,2000,0,1.98331618309021
prove,noirky2-limb,xor/u32,2000,1,1.9542770385742188
prove,noirky2-limb,xor/u32,2000,2,1.9292597770690918
prove,noirky2-limb,xor/u32,2000,3,1.9340453147888184
prove,noirky2-limb,xor/u32,2000,4,1.9472482204437256
prove,noirky2-limb,xor/u32,2000,5,1.936741828918457
prove,noirky2-limb,xor/u32,2000,6,1.9180967807769775
prove,noirky2-limb,xor/u32,2000,7,1.928382396697998
prove,noirky2-limb,xor/u32,2000,8,1.9375462532043457
prove,noirky2-limb,xor/u32,2000,9,1.9740900993347168
prove,noirky2-limb,xor/u32,2000,10,1.949242115020752
prove,noirky2-limb,xor/u32,2000,11,1.9332811832427979
prove,noirky2-limb,xor/u32,2000,12,1.9444694519042969
prove,noirky2-limb,xor/u32,2000,13,1.9353139400482178
prove,noirky2-limb,xor/u32,2000,14,1.9524140357971191
prove,noirky2-limb-nozk,xor/u32,100,0,0.3881242275238037
prove,noirky2-limb-nozk,xor/u32,100,1,0.4073796272277832
prove,noirky2-limb-nozk,xor/u32,100,2,0.3742337226867676
prove,noirky2-limb-nozk,xor/u32,100,3,0.3999629020690918
prove,noirky2-limb-nozk,xor/u32,100,4,0.38800048828125
prove,noirky2-limb-nozk,xor/u32,100,5,0.37058138847351074
prove,noirky2-limb-nozk,xor/u32,100,6,0.3617990016937256
prove,noirky2-limb-nozk,xor/u32,100,7,0.4071927070617676
prove,noirky2-limb-nozk,xor/u32,100,8,0.4360964298248291
prove,noirky2-limb-nozk,xor/u32,100,9,0.3755626678466797
prove,noirky2-limb-nozk,xor/u32,100,10,0.41813230514526367
prove,noirky2-limb-nozk,xor/u32,100,11,0.3937997817993164
prove,noirky2-limb-nozk,xor/u32,100,12,0.39207983016967773
prove,noirky2-limb-nozk,xor/u32,100,13,0.42157506942749023
prove,noirky2-limb-nozk,xor/u32,100,14,0.38205981254577637
prove,noirky2-limb-nozk,xor/u32,500,0,0.43670010566711426
prove,noirky2-limb-nozk,xor/u32,500,1,0.4093000888824463
prove,noirky2-limb-nozk,xor/u32,500,2,0.4046440124511719
prove,noirky2-limb-nozk,xor/u32,500,3,0.4125936031341553
prove,noirky2-limb-nozk,xor/u32,500,4,0.40863585472106934
prove,noirky2-limb-nozk,xor/u32,500,5,0.4254283905029297
prove,noirky2-limb-nozk,xor/u32,500,6,0.39389872550964355
prove,noirky2-limb-nozk,xor/u32,500,7,0.3907339572906494
prove,noirky2-limb-nozk,xor/u32,500,8,0.3831179141998291
prove,noirky2-limb-nozk,xor/u32,500,9,0.4047825336456299
prove,noirky2-limb-nozk,xor/u32,500,10,0.3851456642150879
prove,noirky2-limb-nozk,xor/u32,500,11,0.3903348445892334
prove,noirky2-limb-nozk,xor/u32,500,12,0.3866147994995117
prove,noirky2-limb-nozk,xor/u32,500,13,0.4085536003112793
prove,noirky2-limb-nozk,xor/u32,500,14,0.38027215003967285
prove,noirky2-limb-nozk,xor/u32,1000,0,0.39860081672668457
prove,noirky2-limb-nozk,xor/u32,1000,1,0.4246785640716553
prove,noirky2-limb-nozk,xor/u32,1000,2,0.4278123378753662
prove,noirky2-limb-nozk,xor/u32,1000,3,0.40798044204711914
prove,noirky2-limb-nozk,xor/u32,1000,4,0.4016427993774414
prove,noirky2-limb-nozk,xor/u32,1000,5,0.41773366928100586
prove,noirky2-limb-nozk,xor/u32,1000,6,0.4491722583770752
prove,noirky2-limb-nozk,xor/u32,1000,7,0.45740604400634766
prove,noirky2-limb-nozk,xor/u32,1000,8,0.43734288215637207
prove,noirky2-limb-nozk,xor/u32,1000,9,0.4188058376312256
prove,noirky2-limb-nozk,xor/u32,1000,10,0.4185619354248047
prove,noirky2-limb-nozk,xor/u32,1000,11,0.4828817844390869
prove,noirky2-limb-nozk,xor/u32,1000,12,0.4808826446533203
prove,noirky2-limb-nozk,xor/u32,1000,13,0.41479039192199707
prove,noirky2-limb-nozk,xor/u32,1000,14,0.3973102569580078
prove,noirky2-limb-nozk,xor/u32,2000,0,0.7657599449157715
prove,noirky2-limb-nozk,xor/u32,2000,1,0.7698543071746826
prove,noirky2-limb-nozk,xor/u32,2000,2,0.7768228054046631
prove,noirky2-limb-nozk,xor/u32,2000,3,0.7894515991210938
prove,noirky2-limb-nozk,xor/u32,2000,4,0.8290390968322754
prove,noirky2-limb-nozk,xor/u32,2000,5,0.7792820930480957
prove,noirky2-limb-nozk,xor/u32,2000,6,0.7986676692962646
prove,noirky2-limb-nozk,xor/u32,2000,7,0.7817573547363281
prove,noirky2-limb-nozk,xor/u32,2000,8,0.8188273906707764
prove,noirky2-limb-nozk,xor/u32,2000,9,0.7896056175231934
prove,noirky2-limb-nozk,xor/u32,2000,10,0.7680332660675049
prove,noirky2-limb-nozk,xor/u32,2000,11,0.8135349750518799
prove,noirky2-limb-nozk,xor/u32,2000,12,0.7791943550109863
prove,noirky2-limb-nozk,xor/u32,2000,13,0.7687203884124756
prove,noirky2-limb-nozk,xor/u32,2000,14,0.7732367515563965
write_vk,noirky2-bits,assert_zero,100,0,0.6271486282348633
write_vk,noirky2-bits,assert_zero,100,1,0.5846951007843018
write_vk,noirky2-bits,assert_zero,100,2,0.5866391658782959
write_vk,noirky2-bits,assert_zero,100,3,0.5867793560028076
write_vk,noirky2-bits,assert_zero,100,4,0.5863571166992188
write_vk,noirky2-bits,assert_zero,100,5,0.5922389030456543
write_vk,noirky2-bits,assert_zero,100,6,0.5919444561004639
write_vk,noirky2-bits,assert_zero,100,7,0.5894303321838379
write_vk,noirky2-bits,assert_zero,100,8,0.5909688472747803
write_vk,noirky2-bits,assert_zero,100,9,0.5887315273284912
write_vk,noirky2-bits,assert_zero,100,10,0.585791826248169
write_vk,noirky2-bits,assert_zero,100,11,0.5894534587860107
write_vk,noirky2-bits,assert_zero,100,12,0.5906274318695068
write_vk,noirky2-bits,assert_zero,100,13,0.5907375812530518
write_vk,noirky2-bits,assert_zero,100,14,0.5971784591674805
write_vk,noirky2-bits,assert_zero,1000,0,0.6058506965637207
write_vk,noirky2-bits,assert_zero,1000,1,0.5989327430725098
write_vk,noirky2-bits,assert_zero,1000,2,0.5944275856018066
write_vk,noirky2-bits,assert_zero,1000,3,0.5922698974609375
write_vk,noirky2-bits,assert_zero,1000,4,0.5982339382171631
write_vk,noirky2-bits,assert_zero,1000,5,0.5990386009216309
write_vk,noirky2-bits,assert_zero,1000,6,0.5992708206176758
write_vk,noirky2-bits,assert_zero,1000,7,0.6013598442077637
write_vk,noirky2-bits,assert_zero,1000,8,0.601205587387085
write_vk,noirky2-bits,assert_zero,1000,9,0.5982332229614258
write_vk,noirky2-bits,assert_zero,1000,10,0.5981779098510742
write_vk,noirky2-bits,assert_zero,1000,11,0.6005449295043945
write_vk,noirky2-bits,assert_zero,1000,12,0.5999743938446045
write_vk,noirky2-bits,assert_zero,1000,13,0.5999903678894043
write_vk,noirky2-bits,assert_zero,1000,14,0.5959744453430176
write_vk,noirky2-bits,assert_zero,10000,0,0.6755044460296631
write_vk,noirky2-bits,assert_zero,10000,1,0.672173023223877
write_vk,noirky2-bits,assert_zero,10000,2,0.6724779605865479
write_vk,noirky2-bits,assert_zero,10000,3,0.6753008365631104
write_vk,noirky2-bits,assert_zero,10000,4,0.6705484390258789
write_vk,noirky2-bits,assert_zero,10000,5,0.6778950691223145
write_vk,noirky2-bits,assert_zero,10000,6,0.6740636825561523
write_vk,noirky2-bits,assert_zero,10000,7,0.671515941619873
write_vk,noirky2-bits,assert_zero,10000,8,0.6760826110839844
write_vk,noirky2-bits,assert_zero,10000,9,0.6703684329986572
write_vk,noirky2-bits,assert_zero,10000,10,0.6690373420715332
write_vk,noirky2-bits,assert_zero,10000,11,0.6721749305725098
write_vk,noirky2-bits,assert_zero,10000,12,0.6732809543609619
write_vk,noirky2-bits,assert_zero,10000,13,0.6698212623596191
write_vk,noirky2-bits,assert_zero,10000,14,0.6667459011077881
write_vk,noirky2-bits,assert_zero,100000,0,2.0413143634796143
write_vk,noirky2-bits,assert_zero,100000,1,2.0108656883239746
write_vk,noirky2-bits,assert_zero,100000,2,2.031890869140625
write_vk,noirky2-bits,assert_zero,100000,3,2.01310658454895
write_vk,noirky2-bits,assert_zero,100000,4,2.032837390899658
write_vk,noirky2-bits,assert_zero,100000,5,2.029857873916626
write_vk,noirky2-bits,assert_zero,100000,6,2.034188747406006
write_vk,noirky2-bits,assert_zero,100000,7,2.010260820388794
write_vk,noirky2-bits,assert_zero,100000,8,2.025501012802124
write_vk,noirky2-bits,assert_zero,100000,9,2.039860963821411
write_vk,noirky2-bits,assert_zero,100000,10,2.017685651779175
write_vk,noirky2-bits,assert_zero,100000,11,2.038468837738037
write_vk,noirky2-bits,assert_zero,100000,12,2.0114543437957764
write_vk,noirky2-bits,assert_zero,100000,13,2.0174975395202637
write_vk,noirky2-bits,assert_zero,100000,14,2.0264205932617188
write_vk,noirky2-bits,assert_zero,1000000,0,20.40815281867981
write_vk,noirky2-bits,assert_zero,1000000,1,20.894339323043823
write_vk,noirky2-bits,assert_zero,1000000,2,20.82420825958252
write_vk,noirky2-bits,assert_zero,1000000,3,20.71198844909668
write_vk,noirky2-bits,assert_zero,1000000,4,20.843117237091064
write_vk,noirky2-bits,assert_zero,1000000,5,20.683242797851562
write_vk,noirky2-bits,assert_zero,1000000,6,20.80051016807556
write_vk,noirky2-bits,assert_zero,1000000,7,21.368176460266113
write_vk,noirky2-bits,assert_zero,1000000,8,20.737361907958984
write_vk,noirky2-bits,assert_zero,1000000,9,20.887015342712402
write_vk,noirky2-bits,assert_zero,1000000,10,20.7780601978302
write_vk,noirky2-bits,assert_zero,1000000,11,20.768296003341675
write_vk,noirky2-bits,assert_zero,1000000,12,20.6840181350708
write_vk,noirky2-bits,assert_zero,1000000,13,20.769805431365967
write_vk,noirky2-bits,assert_zero,1000000,14,20.768295764923096
write_vk,noirky2-bits-nozk,assert_zero,100,0,0.004381418228149414
write_vk,noirky2-bits-nozk,assert_zero,100,1,0.003877401351928711
write_vk,noirky2-bits-nozk,assert_zero,100,2,0.004961729049682617
write_vk,noirky2-bits-nozk,assert_zero,100,3,0.003834247589111328
write_vk,noirky2-bits-nozk,assert_zero,100,4,0.003781557083129883
write_vk,noirky2-bits-nozk,assert_zero,100,5,0.0038759708404541016
write_vk,noirky2-bits-nozk,assert_zero,100,6,0.003857851028442383
write_vk,noirky2-bits-nozk,assert_zero,100,7,0.00396275520324707
write_vk,noirky2-bits-nozk,assert_zero,100,8,0.003897428512573242
write_vk,noirky2-bits-nozk,assert_zero,100,9,0.003972291946411133
write_vk,noirky2-bits-nozk,assert_zero,100,10,0.0038230419158935547
write_vk,noirky2-bits-nozk,assert_zero,100,11,0.0038399696350097656
write_vk,noirky2-bits-nozk,assert_zero,100,12,0.0036394596099853516
write_vk,noirky2-bits-nozk,assert_zero,100,13,0.0038678646087646484
write_vk,noirky2-bits-nozk,assert_zero,100,14,0.003946781158447266
write_vk,noirky2-bits-nozk,assert_zero,1000,0,0.01630544662475586
write_vk,noirky2-bits-nozk,assert_zero,1000,1,0.016576528549194336
write_vk,noirky2-bits-nozk,assert_zero,1000,2,0.01637101173400879
write_vk,noirky2-bits-nozk,assert_zero,1000,3,0.016357421875
write_vk,noirky2-bits-nozk,assert_zero,1000,4,0.016615629196166992
write_vk,noirky2-bits-nozk,assert_zero,1000,5,0.017656803131103516
write_vk,noirky2-bits-nozk,assert_zero,1000,6,0.016878366470336914
write_vk,noirky2-bits-nozk,assert_zero,1000,7,0.01786637306213379
write_vk,noirky2-bits-nozk,assert_zero,1000,8,0.01778435707092285
write_vk,noirky2-bits-nozk,assert_zero,1000,9,0.018167734146118164
write_vk,noirky2-bits-nozk,assert_zero,1000,10,0.017997264862060547
write_vk,noirky2-bits-nozk,assert_zero,1000,11,0.0180051326751709
write_vk,noirky2-bits-nozk,assert_zero,1000,12,0.01819014549255371
write_vk,noirky2-bits-nozk,assert_zero,1000,13,0.018439769744873047
write_vk,noirky2-bits-nozk,assert_zero,1000,14,0.018671035766601562
write_vk,noirky2-bits-nozk,assert_zero,10000,0,0.14786195755004883
write_vk,noirky2-bits-nozk,assert_zero,10000,1,0.14487004280090332
write_vk,noirky2-bits-nozk,assert_zero,10000,2,0.14786887168884277
write_vk,noirky2-bits-nozk,assert_zero,10000,3,0.14652562141418457
write_vk,noirky2-bits-nozk,assert_zero,10000,4,0.14707636833190918
write_vk,noirky2-bits-nozk,assert_zero,10000,5,0.14649009704589844
write_vk,noirky2-bits-nozk,assert_zero,10000,6,0.14664840698242188
write_vk,noirky2-bits-nozk,assert_zero,10000,7,0.14764952659606934
write_vk,noirky2-bits-nozk,assert_zero,10000,8,0.1449294090270996
write_vk,noirky2-bits-nozk,assert_zero,10000,9,0.14658236503601074
write_vk,noirky2-bits-nozk,assert_zero,10000,10,0.14696192741394043
write_vk,noirky2-bits-nozk,assert_zero,10000,11,0.1457509994506836
write_vk,noirky2-bits-nozk,assert_zero,10000,12,0.14600539207458496
write_vk,noirky2-bits-nozk,assert_zero,10000,13,0.1460728645324707
write_vk,noirky2-bits-nozk,assert_zero,10000,14,0.14460372924804688
write_vk,noirky2-bits-nozk,assert_zero,100000,0,1.9588897228240967
write_vk,noirky2-bits-nozk,assert_zero,100000,1,1.9586355686187744
write_vk,noirky2-bits-nozk,assert_zero,100000,2,1.9580509662628174
write_vk,noirky2-bits-nozk,assert_zero,100000,3,1.9670648574829102
write_vk,noirky2-bits-nozk,assert_zero,100000,4,1.9524962902069092
write_vk,noirky2-bits-nozk,assert_zero,100000,5,1.9618637561798096
write_vk,noirky2-bits-nozk,assert_zero,100000,6,1.959378719329834
write_vk,noirky2-bits-nozk,assert_zero,100000,7,1.9589283466339111
write_vk,noirky2-bits-nozk,assert_zero,100000,8,1.9558415412902832
write_vk,noirky2-bits-nozk,assert_zero,100000,9,1.9673917293548584
write_vk,noirky2-bits-nozk,assert_zero,100000,10,1.956859827041626
write_vk,noirky2-bits-nozk,assert_zero,100000,11,1.9330379962921143
write_vk,noirky2-bits-nozk,assert_zero,100000,12,1.9597752094268799
write_vk,noirky2-bits-nozk,assert_zero,100000,13,1.946845531463623
write_vk,noirky2-bits-nozk,assert_zero,100000,14,1.941180944442749
write_vk,noirky2-bits-nozk,assert_zero,1000000,0,20.42245650291443
write_vk,noirky2-bits-nozk,assert_zero,1000000,1,20.6070818901062
write_vk,noirky2-bits-nozk,assert_zero,1000000,2,20.834202766418457
write_vk,noirky2-bits-nozk,assert_zero,1000000,3,20.697670698165894
write_vk,noirky2-bits-nozk,assert_zero,1000000,4,20.63554310798645
write_vk,noirky2-bits-nozk,assert_zero,1000000,5,20.77018427848816
write_vk,noirky2-bits-nozk,assert_zero,1000000,6,20.470880270004272
write_vk,noirky2-bits-nozk,assert_zero,1000000,7,20.4966561794281
write_vk,noirky2-bits-nozk,assert_zero,1000000,8,20.532243013381958
write_vk,noirky2-bits-nozk,assert_zero,1000000,9,20.67954969406128
write_vk,noirky2-bits-nozk,assert_zero,1000000,10,20.66234517097473
write_vk,noirky2-bits-nozk,assert_zero,1000000,11,20.885931253433228
write_vk,noirky2-bits-nozk,assert_zero,1000000,12,20.64635705947876
write_vk,noirky2-bits-nozk,assert_zero,1000000,13,20.743454217910767
write_vk,noirky2-bits-nozk,assert_zero,1000000,14,20.635056495666504
write_vk,bb,assert_zero,100,0,0.16628289222717285
write_vk,bb,assert_zero,100,1,0.16942501068115234
write_vk,bb,assert_zero,100,2,0.1850903034210205
write_vk,bb,assert_zero,100,3,0.18492841720581055
write_vk,bb,assert_zero,100,4,0.18946361541748047
write_vk,bb,assert_zero,100,5,0.19140338897705078
write_vk,bb,assert_zero,100,6,0.19574308395385742
write_vk,bb,assert_zero,100,7,0.190385103225708
write_vk,bb,assert_zero,100,8,0.1908566951751709
write_vk,bb,assert_zero,100,9,0.190321683883667
write_vk,bb,assert_zero,100,10,0.1947464942932129
write_vk,bb,assert_zero,100,11,0.19327330589294434
write_vk,bb,assert_zero,100,12,0.19098114967346191
write_vk,bb,assert_zero,100,13,0.19130325317382812
write_vk,bb,assert_zero,100,14,0.19060707092285156
write_vk,bb,assert_zero,1000,0,0.24271178245544434
write_vk,bb,assert_zero,1000,1,0.2512552738189697
write_vk,bb,assert_zero,1000,2,0.255847692489624
write_vk,bb,assert_zero,1000,3,0.2575349807739258
write_vk,bb,assert_zero,1000,4,0.25893473625183105
write_vk,bb,assert_zero,1000,5,0.262378454208374
write_vk,bb,assert_zero,1000,6,0.26583409309387207
write_vk,bb,assert_zero,1000,7,0.2579832077026367
write_vk,bb,assert_zero,1000,8,0.25885534286499023
write_vk,bb,assert_zero,1000,9,0.2578303813934326
write_vk,bb,assert_zero,1000,10,0.258697509765625
write_vk,bb,assert_zero,1000,11,0.25752687454223633
write_vk,bb,assert_zero,1000,12,0.25866007804870605
write_vk,bb,assert_zero,1000,13,0.2596557140350342
write_vk,bb,assert_zero,1000,14,0.2578129768371582
write_vk,bb,assert_zero,10000,0,1.0454435348510742
write_vk,bb,assert_zero,10000,1,1.0958492755889893
write_vk,bb,assert_zero,10000,2,1.1080920696258545
write_vk,bb,assert_zero,10000,3,1.1027603149414062
write_vk,bb,assert_zero,10000,4,1.0971498489379883
write_vk,bb,assert_zero,10000,5,1.103600025177002
write_vk,bb,assert_zero,10000,6,1.0992240905761719
write_vk,bb,assert_zero,10000,7,1.0967702865600586
write_vk,bb,assert_zero,10000,8,1.1031315326690674
write_vk,bb,assert_zero,10000,9,1.0937519073486328
write_vk,bb,assert_zero,10000,10,1.0908262729644775
write_vk,bb,assert_zero,10000,11,1.09651780128479
write_vk,bb,assert_zero,10000,12,1.0986707210540771
write_vk,bb,assert_zero,10000,13,1.0914182662963867
write_vk,bb,assert_zero,10000,14,1.095421314239502
write_vk,bb,assert_zero,100000,0,7.006150960922241
write_vk,bb,assert_zero,100000,1,7.297626495361328
write_vk,bb,assert_zero,100000,2,7.269795179367065
write_vk,bb,assert_zero,100000,3,7.271524906158447
write_vk,bb,assert_zero,100000,4,7.2065043449401855
write_vk,bb,assert_zero,100000,5,7.240604400634766
write_vk,bb,assert_zero,100000,6,7.2169189453125
write_vk,bb,assert_zero,100000,7,7.201806306838989
write_vk,bb,assert_zero,100000,8,7.209536552429199
write_vk,bb,assert_zero,100000,9,7.23831844329834
write_vk,bb,assert_zero,100000,10,7.209260940551758
write_vk,bb,assert_zero,100000,11,7.225172996520996
write_vk,bb,assert_zero,100000,12,7.228466749191284
write_vk,bb,assert_zero,100000,13,7.228553533554077
write_vk,bb,assert_zero,100000,14,7.263345241546631
write_vk,bb,assert_zero,1000000,0,51.22027921676636
write_vk,bb,assert_zero,1000000,1,52.53234887123108
write_vk,bb,assert_zero,1000000,2,52.528268814086914
write_vk,bb,assert_zero,1000000,3,52.47773551940918
write_vk,bb,assert_zero,1000000,4,52.48613739013672
write_vk,bb,assert_zero,1000000,5,52.53506803512573
write_vk,bb,assert_zero,1000000,6,52.58129668235779
write_vk,bb,assert_zero,1000000,7,52.5403573513031
write_vk,bb,assert_zero,1000000,8,52.537556648254395
write_vk,bb,assert_zero,1000000,9,52.472452878952026
write_vk,bb,assert_zero,1000000,10,52.624844789505005
write_vk,bb,assert_zero,1000000,11,52.58300042152405
write_vk,bb,assert_zero,1000000,12,52.70878767967224
write_vk,bb,assert_zero,1000000,13,52.656747817993164
write_vk,bb,assert_zero,1000000,14,52.631938219070435
write_vk,noirky2-bits,memory,100,0,1.0478851795196533
write_vk,noirky2-bits,memory,100,1,1.0371041297912598
write_vk,noirky2-bits,memory,100,2,1.0330142974853516
write_vk,noirky2-bits,memory,100,3,1.034433126449585
write_vk,noirky2-bits,memory,100,4,1.0464286804199219
write_vk,noirky2-bits,memory,100,5,1.0420172214508057
write_vk,noirky2-bits,memory,100,6,1.0442299842834473
write_vk,noirky2-bits,memory,100,7,0.8794665336608887
write_vk,noirky2-bits,memory,100,8,0.7955400943756104
write_vk,noirky2-bits,memory,100,9,0.7855343818664551
write_vk,noirky2-bits,memory,100,10,0.784721851348877
write_vk,noirky2-bits,memory,100,11,0.785773754119873
write_vk,noirky2-bits,memory,100,12,0.7890245914459229
write_vk,noirky2-bits,memory,100,13,0.7864818572998047
write_vk,noirky2-bits,memory,100,14,0.7911579608917236
write_vk,noirky2-bits,memory,200,0,3.4112298488616943
write_vk,noirky2-bits,memory,200,1,3.4293606281280518
write_vk,noirky2-bits,memory,200,2,3.4617092609405518
write_vk,noirky2-bits,memory,200,3,3.494206190109253
write_vk,noirky2-bits,memory,200,4,3.46928071975708
write_vk,noirky2-bits,memory,200,5,3.460287570953369
write_vk,noirky2-bits,memory,200,6,3.4661903381347656
write_vk,noirky2-bits,memory,200,7,3.459336757659912
write_vk,noirky2-bits,memory,200,8,3.4635887145996094
write_vk,noirky2-bits,memory,200,9,3.4713056087493896
write_vk,noirky2-bits,memory,200,10,3.495166063308716
write_vk,noirky2-bits,memory,200,11,3.486002206802368
write_vk,noirky2-bits,memory,200,12,3.48244309425354
write_vk,noirky2-bits,memory,200,13,3.477449893951416
write_vk,noirky2-bits,memory,200,14,3.476330041885376
write_vk,noirky2-bits,memory,300,0,4.475268840789795
write_vk,noirky2-bits,memory,300,1,4.433785915374756
write_vk,noirky2-bits,memory,300,2,4.452712059020996
write_vk,noirky2-bits,memory,300,3,4.47885537147522
write_vk,noirky2-bits,memory,300,4,4.473207235336304
write_vk,noirky2-bits,memory,300,5,4.45023250579834
write_vk,noirky2-bits,memory,300,6,4.4347710609436035
write_vk,noirky2-bits,memory,300,7,4.4506683349609375
write_vk,noirky2-bits,memory,300,8,4.449276924133301
write_vk,noirky2-bits,memory,300,9,4.446372985839844
write_vk,noirky2-bits,memory,300,10,4.442737340927124
write_vk,noirky2-bits,memory,300,11,4.442458629608154
write_vk,noirky2-bits,memory,300,12,4.433635234832764
write_vk,noirky2-bits,memory,300,13,4.422285795211792
write_vk,noirky2-bits,memory,300,14,4.451975107192993
write_vk,noirky2-bits,memory,400,0,8.603116273880005
write_vk,noirky2-bits,memory,400,1,8.94929051399231
write_vk,noirky2-bits,memory,400,2,8.995114088058472
write_vk,noirky2-bits,memory,400,3,8.835350036621094
write_vk,noirky2-bits,memory,400,4,8.84963083267212
write_vk,noirky2-bits,memory,400,5,8.618361473083496
write_vk,noirky2-bits,memory,400,6,8.943131446838379
write_vk,noirky2-bits,memory,400,7,8.843446969985962
write_vk,noirky2-bits,memory,400,8,8.871802568435669
write_vk,noirky2-bits,memory,400,9,8.833862066268921
write_vk,noirky2-bits,memory,400,10,8.849845170974731
write_vk,noirky2-bits,memory,400,11,8.645681858062744
write_vk,noirky2-bits,memory,400,12,8.964063167572021
write_vk,noirky2-bits,memory,400,13,8.73708701133728
write_vk,noirky2-bits,memory,400,14,8.986185073852539
write_vk,noirky2-bits,memory,500,0,17.046336889266968
write_vk,noirky2-bits,memory,500,1,17.07832980155945
write_vk,noirky2-bits,memory,500,2,17.091256856918335
write_vk,noirky2-bits,memory,500,3,17.19974160194397
write_vk,noirky2-bits,memory,500,4,17.052714347839355
write_vk,noirky2-bits,memory,500,5,17.117708206176758
write_vk,noirky2-bits,memory,500,6,17.13574481010437
write_vk,noirky2-bits,memory,500,7,17.064706802368164
write_vk,noirky2-bits,memory,500,8,17.150634288787842
write_vk,noirky2-bits,memory,500,9,17.126487731933594
write_vk,noirky2-bits,memory,500,10,17.19079303741455
write_vk,noirky2-bits,memory,500,11,17.16444444656372
write_vk,noirky2-bits,memory,500,12,17.181394338607788
write_vk,noirky2-bits,memory,500,13,17.112162351608276
write_vk,noirky2-bits,memory,500,14,16.932538986206055
write_vk,noirky2-bits-nozk,memory,100,0,0.4462769031524658
write_vk,noirky2-bits-nozk,memory,100,1,0.4630413055419922
write_vk,noirky2-bits-nozk,memory,100,2,0.46773838996887207
write_vk,noirky2-bits-nozk,memory,100,3,0.4714162349700928
write_vk,noirky2-bits-nozk,memory,100,4,0.47705602645874023
write_vk,noirky2-bits-nozk,memory,100,5,0.4729604721069336
write_vk,noirky2-bits-nozk,memory,100,6,0.47220373153686523
write_vk,noirky2-bits-nozk,memory,100,7,0.47121334075927734
write_vk,noirky2-bits-nozk,memory,100,8,0.47116613388061523
write_vk,noirky2-bits-nozk,memory,100,9,0.47168993949890137
write_vk,noirky2-bits-nozk,memory,100,10,0.46552252769470215
write_vk,noirky2-bits-nozk,memory,100,11,0.47147083282470703
write_vk,noirky2-bits-nozk,memory,100,12,0.46993494033813477
write_vk,noirky2-bits-nozk,memory,100,13,0.4688417911529541
write_vk,noirky2-bits-nozk,memory,100,14,0.465592622756958
write_vk,noirky2-bits-nozk,memory,200,0,1.9571082592010498
write_vk,noirky2-bits-nozk,memory,200,1,1.9547998905181885
write_vk,noirky2-bits-nozk,memory,200,2,1.9697654247283936
write_vk,noirky2-bits-nozk,memory,200,3,1.962324857711792
write_vk,noirky2-bits-nozk,memory,200,4,1.9551312923431396
write_vk,noirky2-bits-nozk,memory,200,5,1.9475066661834717
write_vk,noirky2-bits-nozk,memory,200,6,1.9623494148254395
write_vk,noirky2-bits-nozk,memory,200,7,1.957345724105835
write_vk,noirky2-bits-nozk,memory,200,8,1.9627957344055176
write_vk,noirky2-bits-nozk,memory,200,9,1.952484130859375
write_vk,noirky2-bits-nozk,memory,200,10,1.9594030380249023
write_vk,noirky2-bits-nozk,memory,200,11,1.9498541355133057
write_vk,noirky2-bits-nozk,memory,200,12,1.9498753547668457
write_vk,noirky2-bits-nozk,memory,200,13,1.9551973342895508
write_vk,noirky2-bits-nozk,memory,200,14,1.9569964408874512
write_vk,noirky2-bits-nozk,memory,300,0,4.385389089584351
write_vk,noirky2-bits-nozk,memory,300,1,4.369102954864502
write_vk,noirky2-bits-nozk,memory,300,2,4.3508141040802
write_vk,noirky2-bits-nozk,memory,300,3,4.355223178863525
write_vk,noirky2-bits-nozk,memory,300,4,4.358199596405029
write_vk,noirky2-bits-nozk,memory,300,5,4.354400396347046
write_vk,noirky2-bits-nozk,memory,300,6,4.356278419494629
write_vk,noirky2-bits-nozk,memory,300,7,4.368932008743286
write_vk,noirky2-bits-nozk,memory,300,8,4.356912612915039
write_vk,noirky2-bits-nozk,memory,300,9,4.361336708068848
write_vk,noirky2-bits-nozk,memory,300,10,4.376398324966431
write_vk,noirky2-bits-nozk,memory,300,11,4.369600057601929
write_vk,noirky2-bits-nozk,memory,300,12,4.351886034011841
write_vk,noirky2-bits-nozk,memory,300,13,4.349140167236328
write_vk,noirky2-bits-nozk,memory,300,14,4.400822877883911
write_vk,noirky2-bits-nozk,memory,400,0,8.691580057144165
write_vk,noirky2-bits-nozk,memory,400,1,8.472283363342285
write_vk,noirky2-bits-nozk,memory,400,2,8.826562404632568
write_vk,noirky2-bits-nozk,memory,400,3,8.569753646850586
write_vk,noirky2-bits-nozk,memory,400,4,8.856687307357788
write_vk,noirky2-bits-nozk,memory,400,5,8.741295337677002
write_vk,noirky2-bits-nozk,memory,400,6,8.554993391036987
write_vk,noirky2-bits-nozk,memory,400,7,8.798966407775879
write_vk,noirky2-bits-nozk,memory,400,8,8.525209665298462
write_vk,noirky2-bits-nozk,memory,400,9,8.79822063446045
write_vk,noirky2-bits-nozk,memory,400,10,8.567212104797363
write_vk,noirky2-bits-nozk,memory,400,11,8.824641227722168
write_vk,noirky2-bits-nozk,memory,400,12,8.57430362701416
write_vk,noirky2-bits-nozk,memory,400,13,8.871346235275269
write_vk,noirky2-bits-nozk,memory,400,14,8.603486061096191
write_vk,noirky2-bits-nozk,memory,500,0,16.989779233932495
write_vk,noirky2-bits-nozk,memory,500,1,16.871942043304443
write_vk,noirky2-bits-nozk,memory,500,2,16.86998462677002
write_vk,noirky2-bits-nozk,memory,500,3,16.8334903717041
write_vk,noirky2-bits-nozk,memory,500,4,16.863458395004272
write_vk,noirky2-bits-nozk,memory,500,5,16.986331701278687
write_vk,noirky2-bits-nozk,memory,500,6,17.05918526649475
write_vk,noirky2-bits-nozk,memory,500,7,16.8823082447052
write_vk,noirky2-bits-nozk,memory,500,8,17.056822061538696
write_vk,noirky2-bits-nozk,memory,500,9,16.990865230560303
write_vk,noirky2-bits-nozk,memory,500,10,16.950603008270264
write_vk,noirky2-bits-nozk,memory,500,11,16.975000381469727
write_vk,noirky2-bits-nozk,memory,500,12,16.89952039718628
write_vk,noirky2-bits-nozk,memory,500,13,16.942283391952515
write_vk,noirky2-bits-nozk,memory,500,14,16.833221435546875
write_vk,bb,memory,100,0,0.2676100730895996
write_vk,bb,memory,100,1,0.3063232898712158
write_vk,bb,memory,100,2,0.3268008232116699
write_vk,bb,memory,100,3,0.33046579360961914
write_vk,bb,memory,100,4,0.3314394950866699
write_vk,bb,memory,100,5,0.33357691764831543
write_vk,bb,memory,100,6,0.33219122886657715
write_vk,bb,memory,100,7,0.3313155174255371
write_vk,bb,memory,100,8,0.32807302474975586
write_vk,bb,memory,100,9,0.32998132705688477
write_vk,bb,memory,100,10,0.3292689323425293
write_vk,bb,memory,100,11,0.32851672172546387
write_vk,bb,memory,100,12,0.32660865783691406
write_vk,bb,memory,100,13,0.33258533477783203
write_vk,bb,memory,100,14,0.3300189971923828
write_vk,bb,memory,200,0,0.41576600074768066
write_vk,bb,memory,200,1,0.42142510414123535
write_vk,bb,memory,200,2,0.42561769485473633
write_vk,bb,memory,200,3,0.4248054027557373
write_vk,bb,memory,200,4,0.4314751625061035
write_vk,bb,memory,200,5,0.43155598640441895
write_vk,bb,memory,200,6,0.43018579483032227
write_vk,bb,memory,200,7,0.4302031993865967
write_vk,bb,memory,200,8,0.42780518531799316
write_vk,bb,memory,200,9,0.4255988597869873
write_vk,bb,memory,200,10,0.4237077236175537
write_vk,bb,memory,200,11,0.4293820858001709
write_vk,bb,memory,200,12,0.4233722686767578
write_vk,bb,memory,200,13,0.4247744083404541
write_vk,bb,memory,200,14,0.4260063171386719
write_vk,bb,memory,300,0,0.6350760459899902
write_vk,bb,memory,300,1,0.6396558284759521
write_vk,bb,memory,300,2,0.6395683288574219
write_vk,bb,memory,300,3,0.6460762023925781
write_vk,bb,memory,300,4,0.6356589794158936
write_vk,bb,memory,300,5,0.6477036476135254
write_vk,bb,memory,300,6,0.654141902923584
write_vk,bb,memory,300,7,0.6506502628326416
write_vk,bb,memory,300,8,0.6391372680664062
write_vk,bb,memory,300,9,0.6419610977172852
write_vk,bb,memory,300,10,0.6334817409515381
write_vk,bb,memory,300,11,0.638460636138916
write_vk,bb,memory,300,12,0.6351890563964844
write_vk,bb,memory,300,13,0.6385688781738281
write_vk,bb,memory,300,14,0.6419112682342529
write_vk,bb,memory,400,0,0.6470770835876465
write_vk,bb,memory,400,1,0.6398501396179199
write_vk,bb,memory,400,2,0.6495330333709717
write_vk,bb,memory,400,3,0.6454267501831055
write_vk,bb,memory,400,4,0.6401305198669434
write_vk,bb,memory,400,5,0.6455428600311279
write_vk,bb,memory,400,6,0.6497006416320801
write_vk,bb,memory,400,7,0.6546721458435059
write_vk,bb,memory,400,8,0.6417620182037354
write_vk,bb,memory,400,9,0.6475918292999268
write_vk,bb,memory,400,10,0.6448416709899902
write_vk,bb,memory,400,11,0.6478121280670166
write_vk,bb,memory,400,12,0.6374034881591797
write_vk,bb,memory,400,13,0.6445932388305664
write_vk,bb,memory,400,14,0.6545846462249756
write_vk,bb,memory,500,0,0.6620378494262695
write_vk,bb,memory,500,1,0.6392261981964111
write_vk,bb,memory,500,2,0.6406862735748291
write_vk,bb,memory,500,3,0.6508491039276123
write_vk,bb,memory,500,4,0.6460399627685547
write_vk,bb,memory,500,5,0.6472816467285156
write_vk,bb,memory,500,6,0.6461563110351562
write_vk,bb,memory,500,7,0.6483888626098633
write_vk,bb,memory,500,8,0.6491491794586182
write_vk,bb,memory,500,9,0.6540319919586182
write_vk,bb,memory,500,10,0.6446936130523682
write_vk,bb,memory,500,11,0.6538577079772949
write_vk,bb,memory,500,12,0.6462223529815674
write_vk,bb,memory,500,13,0.640446662902832
write_vk,bb,memory,500,14,0.6480669975280762
write_vk,noirky2-bits,range/u8,100,0,0.625072717666626
write_vk,noirky2-bits,range/u8,100,1,0.5888774394989014
write_vk,noirky2-bits,range/u8,100,2,0.588555097579956
write_vk,noirky2-bits,range/u8,100,3,0.5892825126647949
write_vk,noirky2-bits,range/u8,100,4,0.582484245300293
write_vk,noirky2-bits,range/u8,100,5,0.587350606918335
write_vk,noirky2-bits,range/u8,100,6,0.5896182060241699
write_vk,noirky2-bits,range/u8,100,7,0.5859956741333008
write_vk,noirky2-bits,range/u8,100,8,0.5857241153717041
write_vk,noirky2-bits,range/u8,100,9,0.5898783206939697
write_vk,noirky2-bits,range/u8,100,10,0.5904960632324219
write_vk,noirky2-bits,range/u8,100,11,0.5869526863098145
write_vk,noirky2-bits,range/u8,100,12,0.5873205661773682
write_vk,noirky2-bits,range/u8,100,13,0.5912179946899414
write_vk,noirky2-bits,range/u8,100,14,0.5902447700500488
write_vk,noirky2-bits,range/u8,500,0,0.5893628597259521
write_vk,noirky2-bits,range/u8,500,1,0.5859572887420654
write_vk,noirky2-bits,range/u8,500,2,0.5861268043518066
write_vk,noirky2-bits,range/u8,500,3,0.5885410308837891
write_vk,noirky2-bits,range/u8,500,4,0.5882270336151123
write_vk,noirky2-bits,range/u8,500,5,0.5888411998748779
write_vk,noirky2-bits,range/u8,500,6,0.5894224643707275
write_vk,noirky2-bits,range/u8,500,7,0.5882918834686279
write_vk,noirky2-bits,range/u8,500,8,0.5892252922058105
write_vk,noirky2-bits,range/u8,500,9,0.5891008377075195
write_vk,noirky2-bits,range/u8,500,10,0.588141679763794
write_vk,noirky2-bits,range/u8,500,11,0.5898740291595459
write_vk,noirky2-bits,range/u8,500,12,0.5878334045410156
write_vk,noirky2-bits,range/u8,500,13,0.5889956951141357
write_vk,noirky2-bits,range/u8,500,14,0.5883462429046631
write_vk,noirky2-bits,range/u8,1000,0,0.5923061370849609
write_vk,noirky2-bits,range/u8,1000,1,0.5829558372497559
write_vk,noirky2-bits,range/u8,1000,2,0.5901949405670166
write_vk,noirky2-bits,range/u8,1000,3,0.5866439342498779
write_vk,noirky2-bits,range/u8,1000,4,0.587730884552002
write_vk,noirky2-bits,range/u8,1000,5,0.5873334407806396
write_vk,noirky2-bits,range/u8,1000,6,0.5903844833374023
write_vk,noirky2-bits,range/u8,1000,7,0.5892946720123291
write_vk,noirky2-bits,range/u8,1000,8,0.5851302146911621
write_vk,noirky2-bits,range/u8,1000,9,0.5879199504852295
write_vk,noirky2-bits,range/u8,1000,10,0.595719575881958
write_vk,noirky2-bits,range/u8,1000,11,0.5910704135894775
write_vk,noirky2-bits,range/u8,1000,12,0.5926401615142822
write_vk,noirky2-bits,range/u8,1000,13,0.5920140743255615
write_vk,noirky2-bits,range/u8,1000,14,0.5875308513641357
write_vk,noirky2-bits,range/u8,2000,0,0.5887022018432617
write_vk,noirky2-bits,range/u8,2000,1,0.5868875980377197
write_vk,noirky2-bits,range/u8,2000,2,0.590003252029419
write_vk,noirky2-bits,range/u8,2000,3,0.5892646312713623
write_vk,noirky2-bits,range/u8,2000,4,0.5907204151153564
write_vk,noirky2-bits,range/u8,2000,5,0.5876212120056152
write_vk,noirky2-bits,range/u8,2000,6,0.5883824825286865
write_vk,noirky2-bits,range/u8,2000,7,0.5904247760772705
write_vk,noirky2-bits,range/u8,2000,8,0.5881133079528809
write_vk,noirky2-bits,range/u8,2000,9,0.5876750946044922
write_vk,noirky2-bits,range/u8,2000,10,0.5963246822357178
write_vk,noirky2-bits,range/u8,2000,11,0.5924854278564453
write_vk,noirky2-bits,range/u8,2000,12,0.5872015953063965
write_vk,noirky2-bits,range/u8,2000,13,0.5857765674591064
write_vk,noirky2-bits,range/u8,2000,14,0.5865523815155029
write_vk,noirky2-bits-nozk,range/u8,100,0,0.0065765380859375
write_vk,noirky2-bits-nozk,range/u8,100,1,0.007110118865966797
write_vk,noirky2-bits-nozk,range/u8,100,2,0.007014036178588867
write_vk,noirky2-bits-nozk,range/u8,100,3,0.0068700313568115234
write_vk,noirky2-bits-nozk,range/u8,100,4,0.0064737796783447266
write_vk,noirky2-bits-nozk,range/u8,100,5,0.006465435028076172
write_vk,noirky2-bits-nozk,range/u8,100,6,0.006497621536254883
write_vk,noirky2-bits-nozk,range/u8,100,7,0.006398439407348633
write_vk,noirky2-bits-nozk,range/u8,100,8,0.007489919662475586
write_vk,noirky2-bits-nozk,range/u8,100,9,0.0066683292388916016
write_vk,noirky2-bits-nozk,range/u8,100,10,0.006451845169067383
write_vk,noirky2-bits-nozk,range/u8,100,11,0.006508827209472656
write_vk,noirky2-bits-nozk,range/u8,100,12,0.006674289703369141
write_vk,noirky2-bits-nozk,range/u8,100,13,0.006960868835449219
write_vk,noirky2-bits-nozk,range/u8,100,14,0.007021665573120117
write_vk,noirky2-bits-nozk,range/u8,500,0,0.018829822540283203
write_vk,noirky2-bits-nozk,range/u8,500,1,0.019034147262573242
write_vk,noirky2-bits-nozk,range/u8,500,2,0.02001214027404785
write_vk,noirky2-bits-nozk,range/u8,500,3,0.019156694412231445
write_vk,noirky2-bits-nozk,range/u8,500,4,0.019092321395874023
write_vk,noirky2-bits-nozk,range/u8,500,5,0.019315242767333984
write_vk,noirky2-bits-nozk,range/u8,500,6,0.018857240676879883
write_vk,noirky2-bits-nozk,range/u8,500,7,0.020525455474853516
write_vk,noirky2-bits-nozk,range/u8,500,8,0.019537687301635742
write_vk,noirky2-bits-nozk,range/u8,500,9,0.019933700561523438
write_vk,noirky2-bits-nozk,range/u8,500,10,0.020032405853271484
write_vk,noirky2-bits-nozk,range/u8,500,11,0.019877195358276367
write_vk,noirky2-bits-nozk,range/u8,500,12,0.020414352416992188
write_vk,noirky2-bits-nozk,range/u8,500,13,0.019955158233642578
write_vk,noirky2-bits-nozk,range/u8,500,14,0.019989728927612305
write_vk,noirky2-bits-nozk,range/u8,1000,0,0.03596758842468262
write_vk,noirky2-bits-nozk,range/u8,1000,1,0.036310672760009766
write_vk,noirky2-bits-nozk,range/u8,1000,2,0.03663063049316406
write_vk,noirky2-bits-nozk,range/u8,1000,3,0.03794741630554199
write_vk,noirky2-bits-nozk,range/u8,1000,4,0.0357973575592041
write_vk,noirky2-bits-nozk,range/u8,1000,5,0.036809682846069336
write_vk,noirky2-bits-nozk,range/u8,1000,6,0.03597116470336914
write_vk,noirky2-bits-nozk,range/u8,1000,7,0.03604912757873535
write_vk,noirky2-bits-nozk,range/u8,1000,8,0.03581714630126953
write_vk,noirky2-bits-nozk,range/u8,1000,9,0.03644251823425293
write_vk,noirky2-bits-nozk,range/u8,1000,10,0.0360262393951416
write_vk,noirky2-bits-nozk,range/u8,1000,11,0.0360417366027832
write_vk,noirky2-bits-nozk,range/u8,1000,12,0.03712582588195801
write_vk,noirky2-bits-nozk,range/u8,1000,13,0.03628182411193848
write_vk,noirky2-bits-nozk,range/u8,1000,14,0.03678274154663086
write_vk,noirky2-bits-nozk,range/u8,2000,0,0.06656670570373535
write_vk,noirky2-bits-nozk,range/u8,2000,1,0.06628870964050293
write_vk,noirky2-bits-nozk,range/u8,2000,2,0.06639814376831055
write_vk,noirky2-bits-nozk,range/u8,2000,3,0.06721735000610352
write_vk,noirky2-bits-nozk,range/u8,2000,4,0.06565046310424805
write_vk,noirky2-bits-nozk,range/u8,2000,5,0.06638336181640625
write_vk,noirky2-bits-nozk,range/u8,2000,6,0.06718158721923828
write_vk,noirky2-bits-nozk,range/u8,2000,7,0.06717395782470703
write_vk,noirky2-bits-nozk,range/u8,2000,8,0.06642746925354004
write_vk,noirky2-bits-nozk,range/u8,2000,9,0.0664372444152832
write_vk,noirky2-bits-nozk,range/u8,2000,10,0.06689715385437012
write_vk,noirky2-bits-nozk,range/u8,2000,11,0.06754255294799805
write_vk,noirky2-bits-nozk,range/u8,2000,12,0.06665468215942383
write_vk,noirky2-bits-nozk,range/u8,2000,13,0.06690073013305664
write_vk,noirky2-bits-nozk,range/u8,2000,14,0.06642007827758789
write_vk,bb,range/u8,100,0,0.21170759201049805
write_vk,bb,range/u8,100,1,0.20075249671936035
write_vk,bb,range/u8,100,2,0.19602131843566895
write_vk,bb,range/u8,100,3,0.19354772567749023
write_vk,bb,range/u8,100,4,0.19431233406066895
write_vk,bb,range/u8,100,5,0.19483447074890137
write_vk,bb,range/u8,100,6,0.1943802833557129
write_vk,bb,range/u8,100,7,0.1947927474975586
write_vk,bb,range/u8,100,8,0.19453024864196777
write_vk,bb,range/u8,100,9,0.19357609748840332
write_vk,bb,range/u8,100,10,0.19399738311767578
write_vk,bb,range/u8,100,11,0.19350409507751465
write_vk,bb,range/u8,100,12,0.194563627243042
write_vk,bb,range/u8,100,13,0.19414019584655762
write_vk,bb,range/u8,100,14,0.19412469863891602
write_vk,bb,range/u8,500,0,0.23771405220031738
write_vk,bb,range/u8,500,1,0.24492931365966797
write_vk,bb,range/u8,500,2,0.24932408332824707
write_vk,bb,range/u8,500,3,0.25031614303588867
write_vk,bb,range/u8,500,4,0.2505531311035156
write_vk,bb,range/u8,500,5,0.25078868865966797
write_vk,bb,range/u8,500,6,0.251511812210083
write_vk,bb,range/u8,500,7,0.25118064880371094
write_vk,bb,range/u8,500,8,0.2500922679901123
write_vk,bb,range/u8,500,9,0.25139689445495605
write_vk,bb,range/u8,500,10,0.2505371570587158
write_vk,bb,range/u8,500,11,0.25072598457336426
write_vk,bb,range/u8,500,12,0.24974298477172852
write_vk,bb,range/u8,500,13,0.25212645530700684
write_vk,bb,range/u8,500,14,0.2521023750305176
write_vk,bb,range/u8,1000,0,0.3114187717437744
write_vk,bb,range/u8,1000,1,0.3178250789642334
write_vk,bb,range/u8,1000,2,0.3244156837463379
write_vk,bb,range/u8,1000,3,0.32358288764953613
write_vk,bb,range/u8,1000,4,0.32654833793640137
write_vk,bb,range/u8,1000,5,0.32895374298095703
write_vk,bb,range/u8,1000,6,0.3221926689147949
write_vk,bb,range/u8,1000,7,0.32313966751098633
write_vk,bb,range/u8,1000,8,0.3217649459838867
write_vk,bb,range/u8,1000,9,0.32550716400146484
write_vk,bb,range/u8,1000,10,0.32103991508483887
write_vk,bb,range/u8,1000,11,0.32793426513671875
write_vk,bb,range/u8,1000,12,0.3250308036804199
write_vk,bb,range/u8,1000,13,0.32213473320007324
write_vk,bb,range/u8,1000,14,0.3222808837890625
write_vk,bb,range/u8,2000,0,0.4080624580383301
write_vk,bb,range/u8,2000,1,0.4200446605682373
write_vk,bb,range/u8,2000,2,0.44859790802001953
write_vk,bb,range/u8,2000,3,0.4229772090911865
write_vk,bb,range/u8,2000,4,0.42526841163635254
write_vk,bb,range/u8,2000,5,0.42099738121032715
write_vk,bb,range/u8,2000,6,0.42604827880859375
write_vk,bb,range/u8,2000,7,0.4249532222747803
write_vk,bb,range/u8,2000,8,0.4174621105194092
write_vk,bb,range/u8,2000,9,0.42376136779785156
write_vk,bb,range/u8,2000,10,0.4252150058746338
write_vk,bb,range/u8,2000,11,0.42079877853393555
write_vk,bb,range/u8,2000,12,0.41881346702575684
write_vk,bb,range/u8,2000,13,0.42466235160827637
write_vk,bb,range/u8,2000,14,0.42343783378601074
write_vk,noirky2-limb,range/u8,100,0,0.6560938358306885
write_vk,noirky2-limb,range/u8,100,1,0.6297447681427002
write_vk,noirky2-limb,range/u8,100,2,0.6261932849884033
write_vk,noirky2-limb,range/u8,100,3,0.6248860359191895
write_vk,noirky2-limb,range/u8,100,4,0.6277239322662354
write_vk,noirky2-limb,range/u8,100,5,0.626197338104248
write_vk,noirky2-limb,range/u8,100,6,0.6252782344818115
write_vk,noirky2-limb,range/u8,100,7,0.6243298053741455
write_vk,noirky2-limb,range/u8,100,8,0.6224312782287598
write_vk,noirky2-limb,range/u8,100,9,0.6302223205566406
write_vk,noirky2-limb,range/u8,100,10,0.6248760223388672
write_vk,noirky2-limb,range/u8,100,11,0.6224715709686279
write_vk,noirky2-limb,range/u8,100,12,0.6276431083679199
write_vk,noirky2-limb,range/u8,100,13,0.6249573230743408
write_vk,noirky2-limb,range/u8,100,14,0.6255970001220703
write_vk,noirky2-limb,range/u8,500,0,0.6263508796691895
write_vk,noirky2-limb,range/u8,500,1,0.6172733306884766
write_vk,noirky2-limb,range/u8,500,2,0.6198751926422119
write_vk,noirky2-limb,range/u8,500,3,0.6226563453674316
write_vk,noirky2-limb,range/u8,500,4,0.6266014575958252
write_vk,noirky2-limb,range/u8,500,5,0.6233100891113281
write_vk,noirky2-limb,range/u8,500,6,0.6311721801757812
write_vk,noirky2-limb,range/u8,500,7,0.6220660209655762
write_vk,noirky2-limb,range/u8,500,8,0.6222188472747803
write_vk,noirky2-limb,range/u8,500,9,0.6244633197784424
write_vk,noirky2-limb,range/u8,500,10,0.6214067935943604
write_vk,noirky2-limb,range/u8,500,11,0.6245629787445068
write_vk,noirky2-limb,range/u8,500,12,0.6263294219970703
write_vk,noirky2-limb,range/u8,500,13,0.6286258697509766
write_vk,noirky2-limb,range/u8,500,14,0.6287157535552979
write_vk,noirky2-limb,range/u8,1000,0,0.625640869140625
write_vk,noirky2-limb,range/u8,1000,1,0.6226496696472168
write_vk,noirky2-limb,range/u8,1000,2,0.6272590160369873
write_vk,noirky2-limb,range/u8,1000,3,0.6267242431640625
write_vk,noirky2-limb,range/u8,1000,4,0.623687744140625
write_vk,noirky2-limb,range/u8,1000,5,0.6265213489532471
write_vk,noirky2-limb,range/u8,1000,6,0.6221578121185303
write_vk,noirky2-limb,range/u8,1000,7,0.6264750957489014
write_vk,noirky2-limb,range/u8,1000,8,0.6250300407409668
write_vk,noirky2-limb,range/u8,1000,9,0.6256918907165527
write_vk,noirky2-limb,range/u8,1000,10,0.6258244514465332
write_vk,noirky2-limb,range/u8,1000,11,0.6271822452545166
write_vk,noirky2-limb,range/u8,1000,12,0.6264584064483643
write_vk,noirky2-limb,range/u8,1000,13,0.6285943984985352
write_vk,noirky2-limb,range/u8,1000,14,0.6309447288513184
write_vk,noirky2-limb,range/u8,2000,0,0.6268494129180908
write_vk,noirky2-limb,range/u8,2000,1,0.6206834316253662
write_vk,noirky2-limb,range/u8,2000,2,0.6258025169372559
write_vk,noirky2-limb,range/u8,2000,3,0.6253848075866699
write_vk,noirky2-limb,range/u8,2000,4,0.6295058727264404
write_vk,noirky2-limb,range/u8,2000,5,0.6279890537261963
write_vk,noirky2-limb,range/u8,2000,6,0.630486011505127
write_vk,noirky2-limb,range/u8,2000,7,0.6263604164123535
write_vk,noirky2-limb,range/u8,2000,8,0.6298348903656006
write_vk,noirky2-limb,range/u8,2000,9,0.6291260719299316
write_vk,noirky2-limb,range/u8,2000,10,0.630964994430542
write_vk,noirky2-limb,range/u8,2000,11,0.629218339920044
write_vk,noirky2-limb,range/u8,2000,12,0.6246316432952881
write_vk,noirky2-limb,range/u8,2000,13,0.6303815841674805
write_vk,noirky2-limb,range/u8,2000,14,0.6285057067871094
write_vk,noirky2-limb-nozk,range/u8,100,0,0.003640413284301758
write_vk,noirky2-limb-nozk,range/u8,100,1,0.0033881664276123047
write_vk,noirky2-limb-nozk,range/u8,100,2,0.0032601356506347656
write_vk,noirky2-limb-nozk,range/u8,100,3,0.0033349990844726562
write_vk,noirky2-limb-nozk,range/u8,100,4,0.0031485557556152344
write_vk,noirky2-limb-nozk,range/u8,100,5,0.003109455108642578
write_vk,noirky2-limb-nozk,range/u8,100,6,0.003454923629760742
write_vk,noirky2-limb-nozk,range/u8,100,7,0.0035467147827148438
write_vk,noirky2-limb-nozk,range/u8,100,8,0.0034728050231933594
write_vk,noirky2-limb-nozk,range/u8,100,9,0.0033445358276367188
write_vk,noirky2-limb-nozk,range/u8,100,10,0.003340482711791992
write_vk,noirky2-limb-nozk,range/u8,100,11,0.0033974647521972656
write_vk,noirky2-limb-nozk,range/u8,100,12,0.0033495426177978516
write_vk,noirky2-limb-nozk,range/u8,100,13,0.0033321380615234375
write_vk,noirky2-limb-nozk,range/u8,100,14,0.003566741943359375
write_vk,noirky2-limb-nozk,range/u8,500,0,0.004330158233642578
write_vk,noirky2-limb-nozk,range/u8,500,1,0.004969596862792969
write_vk,noirky2-limb-nozk,range/u8,500,2,0.004573345184326172
write_vk,noirky2-limb-nozk,range/u8,500,3,0.0043218135833740234
write_vk,noirky2-limb-nozk,range/u8,500,4,0.004326343536376953
write_vk,noirky2-limb-nozk,range/u8,500,5,0.004305839538574219
write_vk,noirky2-limb-nozk,range/u8,500,6,0.0041828155517578125
write_vk,noirky2-limb-nozk,range/u8,500,7,0.004372596740722656
write_vk,noirky2-limb-nozk,range/u8,500,8,0.004633426666259766
write_vk,noirky2-limb-nozk,range/u8,500,9,0.004492998123168945
write_vk,noirky2-limb-nozk,range/u8,500,10,0.004404783248901367
write_vk,noirky2-limb-nozk,range/u8,500,11,0.004557609558105469
write_vk,noirky2-limb-nozk,range/u8,500,12,0.004608869552612305
write_vk,noirky2-limb-nozk,range/u8,500,13,0.004449367523193359
write_vk,noirky2-limb-nozk,range/u8,500,14,0.004364490509033203
write_vk,noirky2-limb-nozk,range/u8,1000,0,0.0062618255615234375
write_vk,noirky2-limb-nozk,range/u8,1000,1,0.006197214126586914
write_vk,noirky2-limb-nozk,range/u8,1000,2,0.006103992462158203
write_vk,noirky2-limb-nozk,range/u8,1000,3,0.00602412223815918
write_vk,noirky2-limb-nozk,range/u8,1000,4,0.005943775177001953
write_vk,noirky2-limb-nozk,range/u8,1000,5,0.006718873977661133
write_vk,noirky2-limb-nozk,range/u8,1000,6,0.0061910152435302734
write_vk,noirky2-limb-nozk,range/u8,1000,7,0.005995035171508789
write_vk,noirky2-limb-nozk,range/u8,1000,8,0.006127119064331055
write_vk,noirky2-limb-nozk,range/u8,1000,9,0.005990266799926758
write_vk,noirky2-limb-nozk,range/u8,1000,10,0.006241321563720703
write_vk,noirky2-limb-nozk,range/u8,1000,11,0.006155729293823242
write_vk,noirky2-limb-nozk,range/u8,1000,12,0.006131172180175781
write_vk,noirky2-limb-nozk,range/u8,1000,13,0.006258487701416016
write_vk,noirky2-limb-nozk,range/u8,1000,14,0.0060389041900634766
write_vk,noirky2-limb-nozk,range/u8,2000,0,0.007543325424194336
write_vk,noirky2-limb-nozk,range/u8,2000,1,0.007441997528076172
write_vk,noirky2-limb-nozk,range/u8,2000,2,0.007517337799072266
write_vk,noirky2-limb-nozk,range/u8,2000,3,0.0072596073150634766
write_vk,noirky2-limb-nozk,range/u8,2000,4,0.00739288330078125
write_vk,noirky2-limb-nozk,range/u8,2000,5,0.007570981979370117
write_vk,noirky2-limb-nozk,range/u8,2000,6,0.007536172866821289
write_vk,noirky2-limb-nozk,range/u8,2000,7,0.007413625717163086
write_vk,noirky2-limb-nozk,range/u8,2000,8,0.0075342655181884766
write_vk,noirky2-limb-nozk,range/u8,2000,9,0.0076830387115478516
write_vk,noirky2-limb-nozk,range/u8,2000,10,0.007629871368408203
write_vk,noirky2-limb-nozk,range/u8,2000,11,0.007835626602172852
write_vk,noirky2-limb-nozk,range/u8,2000,12,0.008110761642456055
write_vk,noirky2-limb-nozk,range/u8,2000,13,0.007678031921386719
write_vk,noirky2-limb-nozk,range/u8,2000,14,0.007719993591308594
write_vk,noirky2-bits,range/u16,100,0,0.6048102378845215
write_vk,noirky2-bits,range/u16,100,1,0.5865411758422852
write_vk,noirky2-bits,range/u16,100,2,0.5874683856964111
write_vk,noirky2-bits,range/u16,100,3,0.5843267440795898
write_vk,noirky2-bits,range/u16,100,4,0.5909297466278076
write_vk,noirky2-bits,range/u16,100,5,0.587749719619751
write_vk,noirky2-bits,range/u16,100,6,0.5951015949249268
write_vk,noirky2-bits,range/u16,100,7,0.5886015892028809
write_vk,noirky2-bits,range/u16,100,8,0.5818910598754883
write_vk,noirky2-bits,range/u16,100,9,0.5870537757873535
write_vk,noirky2-bits,range/u16,100,10,0.5902955532073975
write_vk,noirky2-bits,range/u16,100,11,0.5851287841796875
write_vk,noirky2-bits,range/u16,100,12,0.5889005661010742
write_vk,noirky2-bits,range/u16,100,13,0.5872585773468018
write_vk,noirky2-bits,range/u16,100,14,0.5891740322113037
write_vk,noirky2-bits,range/u16,500,0,0.5865750312805176
write_vk,noirky2-bits,range/u16,500,1,0.5845630168914795
write_vk,noirky2-bits,range/u16,500,2,0.5876214504241943
write_vk,noirky2-bits,range/u16,500,3,0.5880496501922607
write_vk,noirky2-bits,range/u16,500,4,0.5933182239532471
write_vk,noirky2-bits,range/u16,500,5,0.5886178016662598
write_vk,noirky2-bits,range/u16,500,6,0.5856761932373047
write_vk,noirky2-bits,range/u16,500,7,0.5921387672424316
write_vk,noirky2-bits,range/u16,500,8,0.5857996940612793
write_vk,noirky2-bits,range/u16,500,9,0.5851325988769531
write_vk,noirky2-bits,range/u16,500,10,0.5830292701721191
write_vk,noirky2-bits,range/u16,500,11,0.5826725959777832
write_vk,noirky2-bits,range/u16,500,12,0.6234028339385986
write_vk,noirky2-bits,range/u16,500,13,0.5934445858001709
write_vk,noirky2-bits,range/u16,500,14,0.5914254188537598
write_vk,noirky2-bits,range/u16,1000,0,0.5929222106933594
write_vk,noirky2-bits,range/u16,1000,1,0.587376594543457
write_vk,noirky2-bits,range/u16,1000,2,0.5915050506591797
write_vk,noirky2-bits,range/u16,1000,3,0.5921614170074463
write_vk,noirky2-bits,range/u16,1000,4,0.5878369808197021
write_vk,noirky2-bits,range/u16,1000,5,0.5852274894714355
write_vk,noirky2-bits,range/u16,1000,6,0.5894179344177246
write_vk,noirky2-bits,range/u16,1000,7,0.5915279388427734
write_vk,noirky2-bits,range/u16,1000,8,0.5884289741516113
write_vk,noirky2-bits,range/u16,1000,9,0.5885317325592041
write_vk,noirky2-bits,range/u16,1000,10,0.592994213104248
write_vk,noirky2-bits,range/u16,1000,11,0.5870785713195801
write_vk,noirky2-bits,range/u16,1000,12,0.588134765625
write_vk,noirky2-bits,range/u16,1000,13,0.5877518653869629
write_vk,noirky2-bits,range/u16,1000,14,0.5837140083312988
write_vk,noirky2-bits,range/u16,2000,0,0.5909562110900879
write_vk,noirky2-bits,range/u16,2000,1,0.5880331993103027
write_vk,noirky2-bits,range/u16,2000,2,0.588425874710083
write_vk,noirky2-bits,range/u16,2000,3,0.5919582843780518
write_vk,noirky2-bits,range/u16,2000,4,0.5910518169403076
write_vk,noirky2-bits,range/u16,2000,5,0.5882420539855957
write_vk,noirky2-bits,range/u16,2000,6,0.5863959789276123
write_vk,noirky2-bits,range/u16,2000,7,0.5895521640777588
write_vk,noirky2-bits,range/u16,2000,8,0.5888166427612305
write_vk,noirky2-bits,range/u16,2000,9,0.5908763408660889
write_vk,noirky2-bits,range/u16,2000,10,0.5915663242340088
write_vk,noirky2-bits,range/u16,2000,11,0.5870335102081299
write_vk,noirky2-bits,range/u16,2000,12,0.5925319194793701
write_vk,noirky2-bits,range/u16,2000,13,0.5914061069488525
write_vk,noirky2-bits,range/u16,2000,14,0.5882713794708252
write_vk,noirky2-bits-nozk,range/u16,100,0,0.006475687026977539
write_vk,noirky2-bits-nozk,range/u16,100,1,0.006952762603759766
write_vk,noirky2-bits-nozk,range/u16,100,2,0.006390810012817383
write_vk,noirky2-bits-nozk,range/u16,100,3,0.006403684616088867
write_vk,noirky2-bits-nozk,range/u16,100,4,0.006285905838012695
write_vk,noirky2-bits-nozk,range/u16,100,5,0.006654024124145508
write_vk,noirky2-bits-nozk,range/u16,100,6,0.0065877437591552734
write_vk,noirky2-bits-nozk,range/u16,100,7,0.006557464599609375
write_vk,noirky2-bits-nozk,range/u16,100,8,0.007186412811279297
write_vk,noirky2-bits-nozk,range/u16,100,9,0.006482362747192383
write_vk,noirky2-bits-nozk,range/u16,100,10,0.006475210189819336
write_vk,noirky2-bits-nozk,range/u16,100,11,0.006692409515380859
write_vk,noirky2-bits-nozk,range/u16,100,12,0.006667375564575195
write_vk,noirky2-bits-nozk,range/u16,100,13,0.007212400436401367
write_vk,noirky2-bits-nozk,range/u16,100,14,0.006751298904418945
write_vk,noirky2-bits-nozk,range/u16,500,0,0.018071413040161133
write_vk,noirky2-bits-nozk,range/u16,500,1,0.018674612045288086
write_vk,noirky2-bits-nozk,range/u16,500,2,0.01922750473022461
write_vk,noirky2-bits-nozk,range/u16,500,3,0.018970966339111328
write_vk,noirky2-bits-nozk,range/u16,500,4,0.01887655258178711
write_vk,noirky2-bits-nozk,range/u16,500,5,0.01920914649963379
write_vk,noirky2-bits-nozk,range/u16,500,6,0.018709659576416016
write_vk,noirky2-bits-nozk,range/u16,500,7,0.01935410499572754
write_vk,noirky2-bits-nozk,range/u16,500,8,0.019182920455932617
write_vk,noirky2-bits-nozk,range/u16,500,9,0.01912546157836914
write_vk,noirky2-bits-nozk,range/u16,500,10,0.01942896842956543
write_vk,noirky2-bits-nozk,range/u16,500,11,0.019125938415527344
write_vk,noirky2-bits-nozk,range/u16,500,12,0.02045726776123047
write_vk,noirky2-bits-nozk,range/u16,500,13,0.019422054290771484
write_vk,noirky2-bits-nozk,range/u16,500,14,0.019385814666748047
write_vk,noirky2-bits-nozk,range/u16,1000,0,0.03654670715332031
write_vk,noirky2-bits-nozk,range/u16,1000,1,0.03528738021850586
write_vk,noirky2-bits-nozk,range/u16,1000,2,0.03605794906616211
write_vk,noirky2-bits-nozk,range/u16,1000,3,0.0358881950378418
write_vk,noirky2-bits-nozk,range/u16,1000,4,0.03630709648132324
write_vk,noirky2-bits-nozk,range/u16,1000,5,0.03564572334289551
write_vk,noirky2-bits-nozk,range/u16,1000,6,0.035767316818237305
write_vk,noirky2-bits-nozk,range/u16,1000,7,0.03528714179992676
write_vk,noirky2-bits-nozk,range/u16,1000,8,0.0355224609375
write_vk,noirky2-bits-nozk,range/u16,1000,9,0.037962913513183594
write_vk,noirky2-bits-nozk,range/u16,1000,10,0.03532123565673828
write_vk,noirky2-bits-nozk,range/u16,1000,11,0.03552746772766113
write_vk,noirky2-bits-nozk,range/u16,1000,12,0.03589463233947754
write_vk,noirky2-bits-nozk,range/u16,1000,13,0.03551435470581055
write_vk,noirky2-bits-nozk,range/u16,1000,14,0.035837411880493164
write_vk,noirky2-bits-nozk,range/u16,2000,0,0.06715846061706543
write_vk,noirky2-bits-nozk,range/u16,2000,1,0.0668790340423584
write_vk,noirky2-bits-nozk,range/u16,2000,2,0.06597590446472168
write_vk,noirky2-bits-nozk,range/u16,2000,3,0.06765079498291016
write_vk,noirky2-bits-nozk,range/u16,2000,4,0.06646418571472168
write_vk,noirky2-bits-nozk,range/u16,2000,5,0.06730318069458008
write_vk,noirky2-bits-nozk,range/u16,2000,6,0.0688784122467041
write_vk,noirky2-bits-nozk,range/u16,2000,7,0.06709098815917969
write_vk,noirky2-bits-nozk,range/u16,2000,8,0.06787943840026855
write_vk,noirky2-bits-nozk,range/u16,2000,9,0.06828951835632324
write_vk,noirky2-bits-nozk,range/u16,2000,10,0.06666398048400879
write_vk,noirky2-bits-nozk,range/u16,2000,11,0.06870579719543457
write_vk,noirky2-bits-nozk,range/u16,2000,12,0.06760692596435547
write_vk,noirky2-bits-nozk,range/u16,2000,13,0.06766963005065918
write_vk,noirky2-bits-nozk,range/u16,2000,14,0.07783126831054688
write_vk,bb,range/u16,100,0,0.40546202659606934
write_vk,bb,range/u16,100,1,0.4230966567993164
write_vk,bb,range/u16,100,2,0.4236123561859131
write_vk,bb,range/u16,100,3,0.4197041988372803
write_vk,bb,range/u16,100,4,0.4251291751861572
write_vk,bb,range/u16,100,5,0.4296441078186035
write_vk,bb,range/u16,100,6,0.4237558841705322
write_vk,bb,range/u16,100,7,0.4251561164855957
write_vk,bb,range/u16,100,8,0.41880130767822266
write_vk,bb,range/u16,100,9,0.42058682441711426
write_vk,bb,range/u16,100,10,0.41944456100463867
write_vk,bb,range/u16,100,11,0.4197969436645508
write_vk,bb,range/u16,100,12,0.4165334701538086
write_vk,bb,range/u16,100,13,0.4179532527923584
write_vk,bb,range/u16,100,14,0.42000675201416016
write_vk,bb,range/u16,500,0,0.41983866691589355
write_vk,bb,range/u16,500,1,0.4169924259185791
write_vk,bb,range/u16,500,2,0.4222562313079834
write_vk,bb,range/u16,500,3,0.4240598678588867
write_vk,bb,range/u16,500,4,0.4237782955169678
write_vk,bb,range/u16,500,5,0.4268503189086914
write_vk,bb,range/u16,500,6,0.4185612201690674
write_vk,bb,range/u16,500,7,0.41686081886291504
write_vk,bb,range/u16,500,8,0.418349027633667
write_vk,bb,range/u16,500,9,0.4242548942565918
write_vk,bb,range/u16,500,10,0.42455005645751953
write_vk,bb,range/u16,500,11,0.4232149124145508
write_vk,bb,range/u16,500,12,0.4167039394378662
write_vk,bb,range/u16,500,13,0.41876673698425293
write_vk,bb,range/u16,500,14,0.42737460136413574
write_vk,bb,range/u16,1000,0,0.630582332611084
write_vk,bb,range/u16,1000,1,0.631413459777832
write_vk,bb,range/u16,1000,2,0.6362037658691406
write_vk,bb,range/u16,1000,3,0.6419532299041748
write_vk,bb,range/u16,1000,4,0.6287262439727783
write_vk,bb,range/u16,1000,5,0.6347980499267578
write_vk,bb,range/u16,1000,6,0.6348176002502441
write_vk,bb,range/u16,1000,7,0.6413450241088867
write_vk,bb,range/u16,1000,8,0.6327664852142334
write_vk,bb,range/u16,1000,9,0.6351938247680664
write_vk,bb,range/u16,1000,10,0.6292202472686768
write_vk,bb,range/u16,1000,11,0.6370198726654053
write_vk,bb,range/u16,1000,12,0.6315104961395264
write_vk,bb,range/u16,1000,13,0.630347490310669
write_vk,bb,range/u16,1000,14,0.6314756870269775
write_vk,bb,range/u16,2000,0,0.638679027557373
write_vk,bb,range/u16,2000,1,0.6350021362304688
write_vk,bb,range/u16,2000,2,0.6324868202209473
write_vk,bb,range/u16,2000,3,0.6405858993530273
write_vk,bb,range/u16,2000,4,0.6346478462219238
write_vk,bb,range/u16,2000,5,0.6358399391174316
write_vk,bb,range/u16,2000,6,0.6337141990661621
write_vk,bb,range/u16,2000,7,0.6359410285949707
write_vk,bb,range/u16,2000,8,0.6429610252380371
write_vk,bb,range/u16,2000,9,0.6433444023132324
write_vk,bb,range/u16,2000,10,0.63443922996521
write_vk,bb,range/u16,2000,11,0.6379437446594238
write_vk,bb,range/u16,2000,12,0.6397006511688232
write_vk,bb,range/u16,2000,13,0.6380844116210938
write_vk,bb,range/u16,2000,14,0.6328775882720947
write_vk,noirky2-limb,range/u16,100,0,0.658944845199585
write_vk,noirky2-limb,range/u16,100,1,0.6272482872009277
write_vk,noirky2-limb,range/u16,100,2,0.6239898204803467
write_vk,noirky2-limb,range/u16,100,3,0.6298792362213135
write_vk,noirky2-limb,range/u16,100,4,0.6248295307159424
write_vk,noirky2-limb,range/u16,100,5,0.6246404647827148
write_vk,noirky2-limb,range/u16,100,6,0.6274852752685547
write_vk,noirky2-limb,range/u16,100,7,0.6314818859100342
write_vk,noirky2-limb,range/u16,100,8,0.6246435642242432
write_vk,noirky2-limb,range/u16,100,9,0.6244621276855469
write_vk,noirky2-limb,range/u16,100,10,0.6538968086242676
write_vk,noirky2-limb,range/u16,100,11,0.6393280029296875
write_vk,noirky2-limb,range/u16,100,12,0.6271753311157227
write_vk,noirky2-limb,range/u16,100,13,0.6274442672729492
write_vk,noirky2-limb,range/u16,100,14,0.6294186115264893
write_vk,noirky2-limb,range/u16,500,0,0.6246287822723389
write_vk,noirky2-limb,range/u16,500,1,0.6283338069915771
write_vk,noirky2-limb,range/u16,500,2,0.630448579788208
write_vk,noirky2-limb,range/u16,500,3,0.6283388137817383
write_vk,noirky2-limb,range/u16,500,4,0.6288065910339355
write_vk,noirky2-limb,range/u16,500,5,0.6296494007110596
write_vk,noirky2-limb,range/u16,500,6,0.6255278587341309
write_vk,noirky2-limb,range/u16,500,7,0.62689208984375
write_vk,noirky2-limb,range/u16,500,8,0.628244161605835
write_vk,noirky2-limb,range/u16,500,9,0.6221539974212646
write_vk,noirky2-limb,range/u16,500,10,0.6259543895721436
write_vk,noirky2-limb,range/u16,500,11,0.6286966800689697
write_vk,noirky2-limb,range/u16,500,12,0.6267318725585938
write_vk,noirky2-limb,range/u16,500,13,0.631986141204834
write_vk,noirky2-limb,range/u16,500,14,0.6308467388153076
write_vk,noirky2-limb,range/u16,1000,0,0.6283786296844482
write_vk,noirky2-limb,range/u16,1000,1,0.6249582767486572
write_vk,noirky2-limb,range/u16,1000,2,0.631166934967041
write_vk,noirky2-limb,range/u16,1000,3,0.6325721740722656
write_vk,noirky2-limb,range/u16,1000,4,0.6335909366607666
write_vk,noirky2-limb,range/u16,1000,5,0.6290855407714844
write_vk,noirky2-limb,range/u16,1000,6,0.6309895515441895
write_vk,noirky2-limb,range/u16,1000,7,0.6368281841278076
write_vk,noirky2-limb,range/u16,1000,8,0.62941575050354
write_vk,noirky2-limb,range/u16,1000,9,0.6299760341644287
write_vk,noirky2-limb,range/u16,1000,10,0.6308863162994385
write_vk,noirky2-limb,range/u16,1000,11,0.6285362243652344
write_vk,noirky2-limb,range/u16,1000,12,0.6375217437744141
write_vk,noirky2-limb,range/u16,1000,13,0.6296727657318115
write_vk,noirky2-limb,range/u16,1000,14,0.626488447189331
write_vk,noirky2-limb,range/u16,2000,0,0.6314737796783447
write_vk,noirky2-limb,range/u16,2000,1,0.6321344375610352
write_vk,noirky2-limb,range/u16,2000,2,0.6337764263153076
write_vk,noirky2-limb,range/u16,2000,3,0.6363072395324707
write_vk,noirky2-limb,range/u16,2000,4,0.6301531791687012
write_vk,noirky2-limb,range/u16,2000,5,0.6348462104797363
write_vk,noirky2-limb,range/u16,2000,6,0.6325161457061768
write_vk,noirky2-limb,range/u16,2000,7,0.6388003826141357
write_vk,noirky2-limb,range/u16,2000,8,0.6335513591766357
write_vk,noirky2-limb,range/u16,2000,9,0.6388578414916992
write_vk,noirky2-limb,range/u16,2000,10,0.6360123157501221
write_vk,noirky2-limb,range/u16,2000,11,0.6387357711791992
write_vk,noirky2-limb,range/u16,2000,12,0.6307318210601807
write_vk,noirky2-limb,range/u16,2000,13,0.6377410888671875
write_vk,noirky2-limb,range/u16,2000,14,0.6358473300933838
write_vk,noirky2-limb-nozk,range/u16,100,0,0.004304409027099609
write_vk,noirky2-limb-nozk,range/u16,100,1,0.004021883010864258
write_vk,noirky2-limb-nozk,range/u16,100,2,0.004059553146362305
write_vk,noirky2-limb-nozk,range/u16,100,3,0.004030466079711914
write_vk,noirky2-limb-nozk,range/u16,100,4,0.004047870635986328
write_vk,noirky2-limb-nozk,range/u16,100,5,0.004072666168212891
write_vk,noirky2-limb-nozk,range/u16,100,6,0.004064798355102539
write_vk,noirky2-limb-nozk,range/u16,100,7,0.00408935546875
write_vk,noirky2-limb-nozk,range/u16,100,8,0.003984212875366211
write_vk,noirky2-limb-nozk,range/u16,100,9,0.004082441329956055
write_vk,noirky2-limb-nozk,range/u16,100,10,0.004265308380126953
write_vk,noirky2-limb-nozk,range/u16,100,11,0.004109382629394531
write_vk,noirky2-limb-nozk,range/u16,100,12,0.004002094268798828
write_vk,noirky2-limb-nozk,range/u16,100,13,0.004639625549316406
write_vk,noirky2-limb-nozk,range/u16,100,14,0.0040378570556640625
write_vk,noirky2-limb-nozk,range/u16,500,0,0.00687408447265625
write_vk,noirky2-limb-nozk,range/u16,500,1,0.0066187381744384766
write_vk,noirky2-limb-nozk,range/u16,500,2,0.006779193878173828
write_vk,noirky2-limb-nozk,range/u16,500,3,0.0072863101959228516
write_vk,noirky2-limb-nozk,range/u16,500,4,0.00702667236328125
write_vk,noirky2-limb-nozk,range/u16,500,5,0.006916046142578125
write_vk,noirky2-limb-nozk,range/u16,500,6,0.006973981857299805
write_vk,noirky2-limb-nozk,range/u16,500,7,0.0069921016693115234
write_vk,noirky2-limb-nozk,range/u16,500,8,0.007520914077758789
write_vk,noirky2-limb-nozk,range/u16,500,9,0.0071260929107666016
write_vk,noirky2-limb-nozk,range/u16,500,10,0.007014751434326172
write_vk,noirky2-limb-nozk,range/u16,500,11,0.006867885589599609
write_vk,noirky2-limb-nozk,range/u16,500,12,0.007851839065551758
write_vk,noirky2-limb-nozk,range/u16,500,13,0.007200002670288086
write_vk,noirky2-limb-nozk,range/u16,500,14,0.007280588150024414
write_vk,noirky2-limb-nozk,range/u16,1000,0,0.010949134826660156
write_vk,noirky2-limb-nozk,range/u16,1000,1,0.010998010635375977
write_vk,noirky2-limb-nozk,range/u16,1000,2,0.011174440383911133
write_vk,noirky2-limb-nozk,range/u16,1000,3,0.011219978332519531
write_vk,noirky2-limb-nozk,range/u16,1000,4,0.01121068000793457
write_vk,noirky2-limb-nozk,range/u16,1000,5,0.010579109191894531
write_vk,noirky2-limb-nozk,range/u16,1000,6,0.011585235595703125
write_vk,noirky2-limb-nozk,range/u16,1000,7,0.010857820510864258
write_vk,noirky2-limb-nozk,range/u16,1000,8,0.011023521423339844
write_vk,noirky2-limb-nozk,range/u16,1000,9,0.011186599731445312
write_vk,noirky2-limb-nozk,range/u16,1000,10,0.010568857192993164
write_vk,noirky2-limb-nozk,range/u16,1000,11,0.011012792587280273
write_vk,noirky2-limb-nozk,range/u16,1000,12,0.010675430297851562
write_vk,noirky2-limb-nozk,range/u16,1000,13,0.010971307754516602
write_vk,noirky2-limb-nozk,range/u16,1000,14,0.010787725448608398
write_vk,noirky2-limb-nozk,range/u16,2000,0,0.0187985897064209
write_vk,noirky2-limb-nozk,range/u16,2000,1,0.018697738647460938
write_vk,noirky2-limb-nozk,range/u16,2000,2,0.018552780151367188
write_vk,noirky2-limb-nozk,range/u16,2000,3,0.01876688003540039
write_vk,noirky2-limb-nozk,range/u16,2000,4,0.018506526947021484
write_vk,noirky2-limb-nozk,range/u16,2000,5,0.01910710334777832
write_vk,noirky2-limb-nozk,range/u16,2000,6,0.018602371215820312
write_vk,noirky2-limb-nozk,range/u16,2000,7,0.018815994262695312
write_vk,noirky2-limb-nozk,range/u16,2000,8,0.018778085708618164
write_vk,noirky2-limb-nozk,range/u16,2000,9,0.018518447875976562
write_vk,noirky2-limb-nozk,range/u16,2000,10,0.018546581268310547
write_vk,noirky2-limb-nozk,range/u16,2000,11,0.01873183250427246
write_vk,noirky2-limb-nozk,range/u16,2000,12,0.01867222785949707
write_vk,noirky2-limb-nozk,range/u16,2000,13,0.018627643585205078
write_vk,noirky2-limb-nozk,range/u16,2000,14,0.01852583885192871
write_vk,noirky2-bits,range/u32,100,0,0.604637861251831
write_vk,noirky2-bits,range/u32,100,1,0.5897595882415771
write_vk,noirky2-bits,range/u32,100,2,0.5927259922027588
write_vk,noirky2-bits,range/u32,100,3,0.5952534675598145
write_vk,noirky2-bits,range/u32,100,4,0.5928547382354736
write_vk,noirky2-bits,range/u32,100,5,0.591806173324585
write_vk,noirky2-bits,range/u32,100,6,0.5951995849609375
write_vk,noirky2-bits,range/u32,100,7,0.5908350944519043
write_vk,noirky2-bits,range/u32,100,8,0.5956261157989502
write_vk,noirky2-bits,range/u32,100,9,0.5944533348083496
write_vk,noirky2-bits,range/u32,100,10,0.5936899185180664
write_vk,noirky2-bits,range/u32,100,11,0.5879559516906738
write_vk,noirky2-bits,range/u32,100,12,0.5859174728393555
write_vk,noirky2-bits,range/u32,100,13,0.5876343250274658
write_vk,noirky2-bits,range/u32,100,14,0.5920934677124023
write_vk,noirky2-bits,range/u32,500,0,0.5913741588592529
write_vk,noirky2-bits,range/u32,500,1,0.5846383571624756
write_vk,noirky2-bits,range/u32,500,2,0.5906498432159424
write_vk,noirky2-bits,range/u32,500,3,0.5913968086242676
write_vk,noirky2-bits,range/u32,500,4,0.5897862911224365
write_vk,noirky2-bits,range/u32,500,5,0.6083052158355713
write_vk,noirky2-bits,range/u32,500,6,0.5948162078857422
write_vk,noirky2-bits,range/u32,500,7,0.5911126136779785
write_vk,noirky2-bits,range/u32,500,8,0.5930593013763428
write_vk,noirky2-bits,range/u32,500,9,0.5905325412750244
write_vk,noirky2-bits,range/u32,500,10,0.590374231338501
write_vk,noirky2-bits,range/u32,500,11,0.5904815196990967
write_vk,noirky2-bits,range/u32,500,12,0.5897958278656006
write_vk,noirky2-bits,range/u32,500,13,0.5891344547271729
write_vk,noirky2-bits,range/u32,500,14,0.5885491371154785
write_vk,noirky2-bits,range/u32,1000,0,0.5937154293060303
write_vk,noirky2-bits,range/u32,1000,1,0.5929124355316162
write_vk,noirky2-bits,range/u32,1000,2,0.5895984172821045
write_vk,noirky2-bits,range/u32,1000,3,0.5884253978729248
write_vk,noirky2-bits,range/u32,1000,4,0.5902421474456787
write_vk,noirky2-bits,range/u32,1000,5,0.5896244049072266
write_vk,noirky2-bits,range/u32,1000,6,0.5878043174743652
write_vk,noirky2-bits,range/u32,1000,7,0.59236741065979
write_vk,noirky2-bits,range/u32,1000,8,0.5922858715057373
write_vk,noirky2-bits,range/u32,1000,9,0.5880031585693359
write_vk,noirky2-bits,range/u32,1000,10,0.5937926769256592
write_vk,noirky2-bits,range/u32,1000,11,0.5884881019592285
write_vk,noirky2-bits,range/u32,1000,12,0.5889384746551514
write_vk,noirky2-bits,range/u32,1000,13,0.5904555320739746
write_vk,noirky2-bits,range/u32,1000,14,0.5941205024719238
write_vk,noirky2-bits,range/u32,2000,0,0.5954267978668213
write_vk,noirky2-bits,range/u32,2000,1,0.593907356262207
write_vk,noirky2-bits,range/u32,2000,2,0.6129179000854492
write_vk,noirky2-bits,range/u32,2000,3,0.5950243473052979
write_vk,noirky2-bits,range/u32,2000,4,0.5928518772125244
write_vk,noirky2-bits,range/u32,2000,5,0.5960419178009033
write_vk,noirky2-bits,range/u32,2000,6,0.5933730602264404
write_vk,noirky2-bits,range/u32,2000,7,0.5931689739227295
write_vk,noirky2-bits,range/u32,2000,8,0.5902717113494873
write_vk,noirky2-bits,range/u32,2000,9,0.5974535942077637
write_vk,noirky2-bits,range/u32,2000,10,0.5900275707244873
write_vk,noirky2-bits,range/u32,2000,11,0.5995891094207764
write_vk,noirky2-bits,range/u32,2000,12,0.5975677967071533
write_vk,noirky2-bits,range/u32,2000,13,0.5933153629302979
write_vk,noirky2-bits,range/u32,2000,14,0.593700647354126
write_vk,noirky2-bits-nozk,range/u32,100,0,0.006427288055419922
write_vk,noirky2-bits-nozk,range/u32,100,1,0.006813764572143555
write_vk,noirky2-bits-nozk,range/u32,100,2,0.006193399429321289
write_vk,noirky2-bits-nozk,range/u32,100,3,0.0063114166259765625
write_vk,noirky2-bits-nozk,range/u32,100,4,0.006451845169067383
write_vk,noirky2-bits-nozk,range/u32,100,5,0.006140708923339844
write_vk,noirky2-bits-nozk,range/u32,100,6,0.0062978267669677734
write_vk,noirky2-bits-nozk,range/u32,100,7,0.006194114685058594
write_vk,noirky2-bits-nozk,range/u32,100,8,0.00638890266418457
write_vk,noirky2-bits-nozk,range/u32,100,9,0.0065174102783203125
write_vk,noirky2-bits-nozk,range/u32,100,10,0.006343364715576172
write_vk,noirky2-bits-nozk,range/u32,100,11,0.006364345550537109
write_vk,noirky2-bits-nozk,range/u32,100,12,0.006448268890380859
write_vk,noirky2-bits-nozk,range/u32,100,13,0.006501197814941406
write_vk,noirky2-bits-nozk,range/u32,100,14,0.006669759750366211
write_vk,noirky2-bits-nozk,range/u32,500,0,0.01748061180114746
write_vk,noirky2-bits-nozk,range/u32,500,1,0.018685102462768555
write_vk,noirky2-bits-nozk,range/u32,500,2,0.01782059669494629
write_vk,noirky2-bits-nozk,range/u32,500,3,0.018568754196166992
write_vk,noirky2-bits-nozk,range/u32,500,4,0.019090652465820312
write_vk,noirky2-bits-nozk,range/u32,500,5,0.018311738967895508
write_vk,noirky2-bits-nozk,range/u32,500,6,0.0196533203125
write_vk,noirky2-bits-nozk,range/u32,500,7,0.018342018127441406
write_vk,noirky2-bits-nozk,range/u32,500,8,0.01819300651550293
write_vk,noirky2-bits-nozk,range/u32,500,9,0.018034934997558594
write_vk,noirky2-bits-nozk,range/u32,500,10,0.018503904342651367
write_vk,noirky2-bits-nozk,range/u32,500,11,0.019309520721435547
write_vk,noirky2-bits-nozk,range/u32,500,12,0.0187375545501709
write_vk,noirky2-bits-nozk,range/u32,500,13,0.018893003463745117
write_vk,noirky2-bits-nozk,range/u32,500,14,0.018917322158813477
write_vk,noirky2-bits-nozk,range/u32,1000,0,0.03481268882751465
write_vk,noirky2-bits-nozk,range/u32,1000,1,0.034894466400146484
write_vk,noirky2-bits-nozk,range/u32,1000,2,0.034853458404541016
write_vk,noirky2-bits-nozk,range/u32,1000,3,0.034337759017944336
write_vk,noirky2-bits-nozk,range/u32,1000,4,0.03466486930847168
write_vk,noirky2-bits-nozk,range/u32,1000,5,0.03419613838195801
write_vk,noirky2-bits-nozk,range/u32,1000,6,0.03539609909057617
write_vk,noirky2-bits-nozk,range/u32,1000,7,0.03380846977233887
write_vk,noirky2-bits-nozk,range/u32,1000,8,0.03400158882141113
write_vk,noirky2-bits-nozk,range/u32,1000,9,0.03391432762145996
write_vk,noirky2-bits-nozk,range/u32,1000,10,0.034516096115112305
write_vk,noirky2-bits-nozk,range/u32,1000,11,0.034685373306274414
write_vk,noirky2-bits-nozk,range/u32,1000,12,0.035652875900268555
write_vk,noirky2-bits-nozk,range/u32,1000,13,0.03594207763671875
write_vk,noirky2-bits-nozk,range/u32,1000,14,0.034427642822265625
write_vk,noirky2-bits-nozk,range/u32,2000,0,0.06482172012329102
write_vk,noirky2-bits-nozk,range/u32,2000,1,0.06624889373779297
write_vk,noirky2-bits-nozk,range/u32,2000,2,0.06475496292114258
write_vk,noirky2-bits-nozk,range/u32,2000,3,0.06499600410461426
write_vk,noirky2-bits-nozk,range/u32,2000,4,0.06587409973144531
write_vk,noirky2-bits-nozk,range/u32,2000,5,0.06567049026489258
write_vk,noirky2-bits-nozk,range/u32,2000,6,0.06656813621520996
write_vk,noirky2-bits-nozk,range/u32,2000,7,0.06513643264770508
write_vk,noirky2-bits-nozk,range/u32,2000,8,0.06473278999328613
write_vk,noirky2-bits-nozk,range/u32,2000,9,0.06675052642822266
write_vk,noirky2-bits-nozk,range/u32,2000,10,0.06534194946289062
write_vk,noirky2-bits-nozk,range/u32,2000,11,0.06501317024230957
write_vk,noirky2-bits-nozk,range/u32,2000,12,0.06532788276672363
write_vk,noirky2-bits-nozk,range/u32,2000,13,0.06617522239685059
write_vk,noirky2-bits-nozk,range/u32,2000,14,0.06573605537414551
write_vk,bb,range/u32,100,0,0.4092228412628174
write_vk,bb,range/u32,100,1,0.420682430267334
write_vk,bb,range/u32,100,2,0.4243476390838623
write_vk,bb,range/u32,100,3,0.4241373538970947
write_vk,bb,range/u32,100,4,0.4186539649963379
write_vk,bb,range/u32,100,5,0.42478132247924805
write_vk,bb,range/u32,100,6,0.4251070022583008
write_vk,bb,range/u32,100,7,0.4233424663543701
write_vk,bb,range/u32,100,8,0.41945314407348633
write_vk,bb,range/u32,100,9,0.42532825469970703
write_vk,bb,range/u32,100,10,0.4254264831542969
write_vk,bb,range/u32,100,11,0.41979098320007324
write_vk,bb,range/u32,100,12,0.4225881099700928
write_vk,bb,range/u32,100,13,0.4298090934753418
write_vk,bb,range/u32,100,14,0.42447423934936523
write_vk,bb,range/u32,500,0,0.42588186264038086
write_vk,bb,range/u32,500,1,0.41811561584472656
write_vk,bb,range/u32,500,2,0.42929577827453613
write_vk,bb,range/u32,500,3,0.4237656593322754
write_vk,bb,range/u32,500,4,0.4211127758026123
write_vk,bb,range/u32,500,5,0.4249739646911621
write_vk,bb,range/u32,500,6,0.4247150421142578
write_vk,bb,range/u32,500,7,0.4192624092102051
write_vk,bb,range/u32,500,8,0.42605066299438477
write_vk,bb,range/u32,500,9,0.42502474784851074
write_vk,bb,range/u32,500,10,0.4260532855987549
write_vk,bb,range/u32,500,11,0.4191455841064453
write_vk,bb,range/u32,500,12,0.418562650680542
write_vk,bb,range/u32,500,13,0.4202690124511719
write_vk,bb,range/u32,500,14,0.4250967502593994
write_vk,bb,range/u32,1000,0,0.6259503364562988
write_vk,bb,range/u32,1000,1,0.6336121559143066
write_vk,bb,range/u32,1000,2,0.6330506801605225
write_vk,bb,range/u32,1000,3,0.6320409774780273
write_vk,bb,range/u32,1000,4,0.635488748550415
write_vk,bb,range/u32,1000,5,0.6392669677734375
write_vk,bb,range/u32,1000,6,0.632767915725708
write_vk,bb,range/u32,1000,7,0.6418726444244385
write_vk,bb,range/u32,1000,8,0.6313247680664062
write_vk,bb,range/u32,1000,9,0.6391441822052002
write_vk,bb,range/u32,1000,10,0.6386678218841553
write_vk,bb,range/u32,1000,11,0.6385564804077148
write_vk,bb,range/u32,1000,12,0.6383070945739746
write_vk,bb,range/u32,1000,13,0.6384873390197754
write_vk,bb,range/u32,1000,14,0.637134313583374
write_vk,bb,range/u32,2000,0,0.6484508514404297
write_vk,bb,range/u32,2000,1,0.6409561634063721
write_vk,bb,range/u32,2000,2,0.6358451843261719
write_vk,bb,range/u32,2000,3,0.6369602680206299
write_vk,bb,range/u32,2000,4,0.6429240703582764
write_vk,bb,range/u32,2000,5,0.6463689804077148
write_vk,bb,range/u32,2000,6,0.6458730697631836
write_vk,bb,range/u32,2000,7,0.6443979740142822
write_vk,bb,range/u32,2000,8,0.637723445892334
write_vk,bb,range/u32,2000,9,0.6516985893249512
write_vk,bb,range/u32,2000,10,0.6390714645385742
write_vk,bb,range/u32,2000,11,0.6379532814025879
write_vk,bb,range/u32,2000,12,0.6369373798370361
write_vk,bb,range/u32,2000,13,0.6381394863128662
write_vk,bb,range/u32,2000,14,0.6367456912994385
write_vk,noirky2-limb,range/u32,100,0,0.6630740165710449
write_vk,noirky2-limb,range/u32,100,1,0.6281890869140625
write_vk,noirky2-limb,range/u32,100,2,0.6286401748657227
write_vk,noirky2-limb,range/u32,100,3,0.6261391639709473
write_vk,noirky2-limb,range/u32,100,4,0.6281793117523193
write_vk,noirky2-limb,range/u32,100,5,0.6234138011932373
write_vk,noirky2-limb,range/u32,100,6,0.6242382526397705
write_vk,noirky2-limb,range/u32,100,7,0.6335341930389404
write_vk,noirky2-limb,range/u32,100,8,0.632871150970459
write_vk,noirky2-limb,range/u32,100,9,0.6313838958740234
write_vk,noirky2-limb,range/u32,100,10,0.6318671703338623
write_vk,noirky2-limb,range/u32,100,11,0.6244769096374512
write_vk,noirky2-limb,range/u32,100,12,0.6271488666534424
write_vk,noirky2-limb,range/u32,100,13,0.6270875930786133
write_vk,noirky2-limb,range/u32,100,14,0.6246602535247803
write_vk,noirky2-limb,range/u32,500,0,0.6277132034301758
write_vk,noirky2-limb,range/u32,500,1,0.6302909851074219
write_vk,noirky2-limb,range/u32,500,2,0.6325750350952148
write_vk,noirky2-limb,range/u32,500,3,0.6323072910308838
write_vk,noirky2-limb,range/u32,500,4,0.633634090423584
write_vk,noirky2-limb,range/u32,500,5,0.6303815841674805
write_vk,noirky2-limb,range/u32,500,6,0.6300227642059326
write_vk,noirky2-limb,range/u32,500,7,0.6286060810089111
write_vk,noirky2-limb,range/u32,500,8,0.6371519565582275
write_vk,noirky2-limb,range/u32,500,9,0.6345970630645752
write_vk,noirky2-limb,range/u32,500,10,0.6332576274871826
write_vk,noirky2-limb,range/u32,500,11,0.6286969184875488
write_vk,noirky2-limb,range/u32,500,12,0.6313152313232422
write_vk,noirky2-limb,range/u32,500,13,0.6614382266998291
write_vk,noirky2-limb,range/u32,500,14,0.6364564895629883
write_vk,noirky2-limb,range/u32,1000,0,0.6338028907775879
write_vk,noirky2-limb,range/u32,1000,1,0.6325709819793701
write_vk,noirky2-limb,range/u32,1000,2,0.6346750259399414
write_vk,noirky2-limb,range/u32,1000,3,0.6387214660644531
write_vk,noirky2-limb,range/u32,1000,4,0.6390509605407715
write_vk,noirky2-limb,range/u32,1000,5,0.6372134685516357
write_vk,noirky2-limb,range/u32,1000,6,0.6342794895172119
write_vk,noirky2-limb,range/u32,1000,7,0.6401851177215576
write_vk,noirky2-limb,range/u32,1000,8,0.6334824562072754
write_vk,noirky2-limb,range/u32,1000,9,0.6344935894012451
write_vk,noirky2-limb,range/u32,1000,10,0.639854907989502
write_vk,noirky2-limb,range/u32,1000,11,0.636225700378418
write_vk,noirky2-limb,range/u32,1000,12,0.6364777088165283
write_vk,noirky2-limb,range/u32,1000,13,0.6348164081573486
write_vk,noirky2-limb,range/u32,1000,14,0.6380088329315186
write_vk,noirky2-limb,range/u32,2000,0,0.6536555290222168
write_vk,noirky2-limb,range/u32,2000,1,0.6459639072418213
write_vk,noirky2-limb,range/u32,2000,2,0.6453158855438232
write_vk,noirky2-limb,range/u32,2000,3,0.6402063369750977
write_vk,noirky2-limb,range/u32,2000,4,0.6453194618225098
write_vk,noirky2-limb,range/u32,2000,5,0.6468198299407959
write_vk,noirky2-limb,range/u32,2000,6,0.6492283344268799
write_vk,noirky2-limb,range/u32,2000,7,0.6421585083007812
write_vk,noirky2-limb,range/u32,2000,8,0.6448178291320801
write_vk,noirky2-limb,range/u32,2000,9,0.641272783279419
write_vk,noirky2-limb,range/u32,2000,10,0.6379752159118652
write_vk,noirky2-limb,range/u32,2000,11,0.650947093963623
write_vk,noirky2-limb,range/u32,2000,12,0.6472334861755371
write_vk,noirky2-limb,range/u32,2000,13,0.6422750949859619
write_vk,noirky2-limb,range/u32,2000,14,0.6473560333251953
write_vk,noirky2-limb-nozk,range/u32,100,0,0.005797386169433594
write_vk,noirky2-limb-nozk,range/u32,100,1,0.0057218074798583984
write_vk,noirky2-limb-nozk,range/u32,100,2,0.005633831024169922
write_vk,noirky2-limb-nozk,range/u32,100,3,0.0055844783782958984
write_vk,noirky2-limb-nozk,range/u32,100,4,0.005621671676635742
write_vk,noirky2-limb-nozk,range/u32,100,5,0.005811929702758789
write_vk,noirky2-limb-nozk,range/u32,100,6,0.00590205192565918
write_vk,noirky2-limb-nozk,range/u32,100,7,0.005864620208740234
write_vk,noirky2-limb-nozk,range/u32,100,8,0.005540132522583008
write_vk,noirky2-limb-nozk,range/u32,100,9,0.005597114562988281
write_vk,noirky2-limb-nozk,range/u32,100,10,0.005628347396850586
write_vk,noirky2-limb-nozk,range/u32,100,11,0.0057375431060791016
write_vk,noirky2-limb-nozk,range/u32,100,12,0.0056285858154296875
write_vk,noirky2-limb-nozk,range/u32,100,13,0.0053942203521728516
write_vk,noirky2-limb-nozk,range/u32,100,14,0.0055370330810546875
write_vk,noirky2-limb-nozk,range/u32,500,0,0.015486478805541992
write_vk,noirky2-limb-nozk,range/u32,500,1,0.015112161636352539
write_vk,noirky2-limb-nozk,range/u32,500,2,0.014936208724975586
write_vk,noirky2-limb-nozk,range/u32,500,3,0.014955759048461914
write_vk,noirky2-limb-nozk,range/u32,500,4,0.016018390655517578
write_vk,noirky2-limb-nozk,range/u32,500,5,0.015328407287597656
write_vk,noirky2-limb-nozk,range/u32,500,6,0.015365362167358398
write_vk,noirky2-limb-nozk,range/u32,500,7,0.015529394149780273
write_vk,noirky2-limb-nozk,range/u32,500,8,0.015258550643920898
write_vk,noirky2-limb-nozk,range/u32,500,9,0.01584911346435547
write_vk,noirky2-limb-nozk,range/u32,500,10,0.01541590690612793
write_vk,noirky2-limb-nozk,range/u32,500,11,0.015859365463256836
write_vk,noirky2-limb-nozk,range/u32,500,12,0.015082359313964844
write_vk,noirky2-limb-nozk,range/u32,500,13,0.01525425910949707
write_vk,noirky2-limb-nozk,range/u32,500,14,0.015593767166137695
write_vk,noirky2-limb-nozk,range/u32,1000,0,0.027454376220703125
write_vk,noirky2-limb-nozk,range/u32,1000,1,0.027459144592285156
write_vk,noirky2-limb-nozk,range/u32,1000,2,0.027170419692993164
write_vk,noirky2-limb-nozk,range/u32,1000,3,0.027770042419433594
write_vk,noirky2-limb-nozk,range/u32,1000,4,0.02743816375732422
write_vk,noirky2-limb-nozk,range/u32,1000,5,0.02722620964050293
write_vk,noirky2-limb-nozk,range/u32,1000,6,0.027498960494995117
write_vk,noirky2-limb-nozk,range/u32,1000,7,0.02848196029663086
write_vk,noirky2-limb-nozk,range/u32,1000,8,0.027742385864257812
write_vk,noirky2-limb-nozk,range/u32,1000,9,0.02756214141845703
write_vk,noirky2-limb-nozk,range/u32,1000,10,0.027415990829467773
write_vk,noirky2-limb-nozk,range/u32,1000,11,0.02727794647216797
write_vk,noirky2-limb-nozk,range/u32,1000,12,0.02736210823059082
write_vk,noirky2-limb-nozk,range/u32,1000,13,0.02718830108642578
write_vk,noirky2-limb-nozk,range/u32,1000,14,0.027601242065429688
write_vk,noirky2-limb-nozk,range/u32,2000,0,0.05293083190917969
write_vk,noirky2-limb-nozk,range/u32,2000,1,0.05255389213562012
write_vk,noirky2-limb-nozk,range/u32,2000,2,0.05169868469238281
write_vk,noirky2-limb-nozk,range/u32,2000,3,0.05193901062011719
write_vk,noirky2-limb-nozk,range/u32,2000,4,0.0508275032043457
write_vk,noirky2-limb-nozk,range/u32,2000,5,0.050905704498291016
write_vk,noirky2-limb-nozk,range/u32,2000,6,0.05211019515991211
write_vk,noirky2-limb-nozk,range/u32,2000,7,0.05134463310241699
write_vk,noirky2-limb-nozk,range/u32,2000,8,0.050928354263305664
write_vk,noirky2-limb-nozk,range/u32,2000,9,0.05101180076599121
write_vk,noirky2-limb-nozk,range/u32,2000,10,0.05077075958251953
write_vk,noirky2-limb-nozk,range/u32,2000,11,0.05063748359680176
write_vk,noirky2-limb-nozk,range/u32,2000,12,0.05153155326843262
write_vk,noirky2-limb-nozk,range/u32,2000,13,0.0510101318359375
write_vk,noirky2-limb-nozk,range/u32,2000,14,0.05068039894104004
write_vk,noirky2-bits,xor/u8,100,0,0.6113412380218506
write_vk,noirky2-bits,xor/u8,100,1,0.5987210273742676
write_vk,noirky2-bits,xor/u8,100,2,0.6012923717498779
write_vk,noirky2-bits,xor/u8,100,3,0.597822904586792
write_vk,noirky2-bits,xor/u8,100,4,0.5979785919189453
write_vk,noirky2-bits,xor/u8,100,5,0.598158597946167
write_vk,noirky2-bits,xor/u8,100,6,0.5999696254730225
write_vk,noirky2-bits,xor/u8,100,7,0.5972304344177246
write_vk,noirky2-bits,xor/u8,100,8,0.5973212718963623
write_vk,noirky2-bits,xor/u8,100,9,0.6003239154815674
write_vk,noirky2-bits,xor/u8,100,10,0.6009509563446045
write_vk,noirky2-bits,xor/u8,100,11,0.5976858139038086
write_vk,noirky2-bits,xor/u8,100,12,0.5972387790679932
write_vk,noirky2-bits,xor/u8,100,13,0.6027295589447021
write_vk,noirky2-bits,xor/u8,100,14,0.5990722179412842
write_vk,noirky2-bits,xor/u8,500,0,0.6302258968353271
write_vk,noirky2-bits,xor/u8,500,1,0.6221358776092529
write_vk,noirky2-bits,xor/u8,500,2,0.6274657249450684
write_vk,noirky2-bits,xor/u8,500,3,0.6259756088256836
write_vk,noirky2-bits,xor/u8,500,4,0.6296327114105225
write_vk,noirky2-bits,xor/u8,500,5,0.6317775249481201
write_vk,noirky2-bits,xor/u8,500,6,0.6308820247650146
write_vk,noirky2-bits,xor/u8,500,7,0.6305253505706787
write_vk,noirky2-bits,xor/u8,500,8,0.6299123764038086
write_vk,noirky2-bits,xor/u8,500,9,0.6266748905181885
write_vk,noirky2-bits,xor/u8,500,10,0.6286885738372803
write_vk,noirky2-bits,xor/u8,500,11,0.6259152889251709
write_vk,noirky2-bits,xor/u8,500,12,0.6223549842834473
write_vk,noirky2-bits,xor/u8,500,13,0.6252720355987549
write_vk,noirky2-bits,xor/u8,500,14,0.6242210865020752
write_vk,noirky2-bits,xor/u8,1000,0,0.6708102226257324
write_vk,noirky2-bits,xor/u8,1000,1,0.6669695377349854
write_vk,noirky2-bits,xor/u8,1000,2,0.6732585430145264
write_vk,noirky2-bits,xor/u8,1000,3,0.6698267459869385
write_vk,noirky2-bits,xor/u8,1000,4,0.6702182292938232
write_vk,noirky2-bits,xor/u8,1000,5,0.665837287902832
write_vk,noirky2-bits,xor/u8,1000,6,0.6724133491516113
write_vk,noirky2-bits,xor/u8,1000,7,0.6679115295410156
write_vk,noirky2-bits,xor/u8,1000,8,0.6713430881500244
write_vk,noirky2-bits,xor/u8,1000,9,0.6731884479522705
write_vk,noirky2-bits,xor/u8,1000,10,0.6683943271636963
write_vk,noirky2-bits,xor/u8,1000,11,0.668126106262207
write_vk,noirky2-bits,xor/u8,1000,12,0.6698241233825684
write_vk,noirky2-bits,xor/u8,1000,13,0.669940710067749
write_vk,noirky2-bits,xor/u8,1000,14,0.674004316329956
write_vk,noirky2-bits,xor/u8,2000,0,1.33182692527771
write_vk,noirky2-bits,xor/u8,2000,1,1.3351664543151855
write_vk,noirky2-bits,xor/u8,2000,2,1.3432610034942627
write_vk,noirky2-bits,xor/u8,2000,3,1.338308572769165
write_vk,noirky2-bits,xor/u8,2000,4,1.3385584354400635
write_vk,noirky2-bits,xor/u8,2000,5,1.3369777202606201
write_vk,noirky2-bits,xor/u8,2000,6,1.336249828338623
write_vk,noirky2-bits,xor/u8,2000,7,1.3645122051239014
write_vk,noirky2-bits,xor/u8,2000,8,1.3436310291290283
write_vk,noirky2-bits,xor/u8,2000,9,1.3539938926696777
write_vk,noirky2-bits,xor/u8,2000,10,1.3427753448486328
write_vk,noirky2-bits,xor/u8,2000,11,1.3516285419464111
write_vk,noirky2-bits,xor/u8,2000,12,1.3422060012817383
write_vk,noirky2-bits,xor/u8,2000,13,1.3369700908660889
write_vk,noirky2-bits,xor/u8,2000,14,1.3427810668945312
write_vk,noirky2-bits-nozk,xor/u8,100,0,0.02651834487915039
write_vk,noirky2-bits-nozk,xor/u8,100,1,0.02666497230529785
write_vk,noirky2-bits-nozk,xor/u8,100,2,0.02725839614868164
write_vk,noirky2-bits-nozk,xor/u8,100,3,0.02731037139892578
write_vk,noirky2-bits-nozk,xor/u8,100,4,0.026281118392944336
write_vk,noirky2-bits-nozk,xor/u8,100,5,0.026914358139038086
write_vk,noirky2-bits-nozk,xor/u8,100,6,0.026914358139038086
write_vk,noirky2-bits-nozk,xor/u8,100,7,0.027150630950927734
write_vk,noirky2-bits-nozk,xor/u8,100,8,0.02704620361328125
write_vk,noirky2-bits-nozk,xor/u8,100,9,0.027408599853515625
write_vk,noirky2-bits-nozk,xor/u8,100,10,0.027731895446777344
write_vk,noirky2-bits-nozk,xor/u8,100,11,0.027518510818481445
write_vk,noirky2-bits-nozk,xor/u8,100,12,0.027776002883911133
write_vk,noirky2-bits-nozk,xor/u8,100,13,0.028208494186401367
write_vk,noirky2-bits-nozk,xor/u8,100,14,0.027245283126831055
write_vk,noirky2-bits-nozk,xor/u8,500,0,0.16690587997436523
write_vk,noirky2-bits-nozk,xor/u8,500,1,0.16231632232666016
write_vk,noirky2-bits-nozk,xor/u8,500,2,0.16782498359680176
write_vk,noirky2-bits-nozk,xor/u8,500,3,0.15986037254333496
write_vk,noirky2-bits-nozk,xor/u8,500,4,0.16161203384399414
write_vk,noirky2-bits-nozk,xor/u8,500,5,0.16292905807495117
write_vk,noirky2-bits-nozk,xor/u8,500,6,0.1604137420654297
write_vk,noirky2-bits-nozk,xor/u8,500,7,0.1613764762878418
write_vk,noirky2-bits-nozk,xor/u8,500,8,0.16301774978637695
write_vk,noirky2-bits-nozk,xor/u8,500,9,0.16159987449645996
write_vk,noirky2-bits-nozk,xor/u8,500,10,0.1607036590576172
write_vk,noirky2-bits-nozk,xor/u8,500,11,0.16187715530395508
write_vk,noirky2-bits-nozk,xor/u8,500,12,0.16080403327941895
write_vk,noirky2-bits-nozk,xor/u8,500,13,0.15996837615966797
write_vk,noirky2-bits-nozk,xor/u8,500,14,0.15978217124938965
write_vk,noirky2-bits-nozk,xor/u8,1000,0,0.3282351493835449
write_vk,noirky2-bits-nozk,xor/u8,1000,1,0.32496213912963867
write_vk,noirky2-bits-nozk,xor/u8,1000,2,0.32633495330810547
write_vk,noirky2-bits-nozk,xor/u8,1000,3,0.32866549491882324
write_vk,noirky2-bits-nozk,xor/u8,1000,4,0.32945752143859863
write_vk,noirky2-bits-nozk,xor/u8,1000,5,0.32560014724731445
write_vk,noirky2-bits-nozk,xor/u8,1000,6,0.32639431953430176
write_vk,noirky2-bits-nozk,xor/u8,1000,7,0.32492804527282715
write_vk,noirky2-bits-nozk,xor/u8,1000,8,0.32741427421569824
write_vk,noirky2-bits-nozk,xor/u8,1000,9,0.3306882381439209
write_vk,noirky2-bits-nozk,xor/u8,1000,10,0.32361292839050293
write_vk,noirky2-bits-nozk,xor/u8,1000,11,0.3259148597717285
write_vk,noirky2-bits-nozk,xor/u8,1000,12,0.3309633731842041
write_vk,noirky2-bits-nozk,xor/u8,1000,13,0.3298375606536865
write_vk,noirky2-bits-nozk,xor/u8,1000,14,0.32985901832580566
write_vk,noirky2-bits-nozk,xor/u8,2000,0,0.662717342376709
write_vk,noirky2-bits-nozk,xor/u8,2000,1,0.666348934173584
write_vk,noirky2-bits-nozk,xor/u8,2000,2,0.6692166328430176
write_vk,noirky2-bits-nozk,xor/u8,2000,3,0.6684575080871582
write_vk,noirky2-bits-nozk,xor/u8,2000,4,0.6736373901367188
write_vk,noirky2-bits-nozk,xor/u8,2000,5,0.6727550029754639
write_vk,noirky2-bits-nozk,xor/u8,2000,6,0.6674444675445557
write_vk,noirky2-bits-nozk,xor/u8,2000,7,0.6714041233062744
write_vk,noirky2-bits-nozk,xor/u8,2000,8,0.6705615520477295
write_vk,noirky2-bits-nozk,xor/u8,2000,9,0.6696202754974365
write_vk,noirky2-bits-nozk,xor/u8,2000,10,0.6662280559539795
write_vk,noirky2-bits-nozk,xor/u8,2000,11,0.6707072257995605
write_vk,noirky2-bits-nozk,xor/u8,2000,12,0.6672756671905518
write_vk,noirky2-bits-nozk,xor/u8,2000,13,0.6675870418548584
write_vk,noirky2-bits-nozk,xor/u8,2000,14,0.6690196990966797
write_vk,bb,xor/u8,100,0,0.592578649520874
write_vk,bb,xor/u8,100,1,0.6297924518585205
write_vk,bb,xor/u8,100,2,0.6359248161315918
write_vk,bb,xor/u8,100,3,0.6452019214630127
write_vk,bb,xor/u8,100,4,0.6420872211456299
write_vk,bb,xor/u8,100,5,0.6380825042724609
write_vk,bb,xor/u8,100,6,0.635404109954834
write_vk,bb,xor/u8,100,7,0.6366217136383057
write_vk,bb,xor/u8,100,8,0.637197732925415
write_vk,bb,xor/u8,100,9,0.6364274024963379
write_vk,bb,xor/u8,100,10,0.6431586742401123
write_vk,bb,xor/u8,100,11,0.6380295753479004
write_vk,bb,xor/u8,100,12,0.645146369934082
write_vk,bb,xor/u8,100,13,0.6433453559875488
write_vk,bb,xor/u8,100,14,0.6341204643249512
write_vk,bb,xor/u8,500,0,1.799304485321045
write_vk,bb,xor/u8,500,1,1.835986614227295
write_vk,bb,xor/u8,500,2,1.8468987941741943
write_vk,bb,xor/u8,500,3,1.8437738418579102
write_vk,bb,xor/u8,500,4,1.838808536529541
write_vk,bb,xor/u8,500,5,1.8371055126190186
write_vk,bb,xor/u8,500,6,1.8397459983825684
write_vk,bb,xor/u8,500,7,1.8338708877563477
write_vk,bb,xor/u8,500,8,1.8371012210845947
write_vk,bb,xor/u8,500,9,1.8418574333190918
write_vk,bb,xor/u8,500,10,1.8332290649414062
write_vk,bb,xor/u8,500,11,1.9061949253082275
write_vk,bb,xor/u8,500,12,1.8373501300811768
write_vk,bb,xor/u8,500,13,1.838205099105835
write_vk,bb,xor/u8,500,14,1.8322949409484863
write_vk,bb,xor/u8,1000,0,3.3338630199432373
write_vk,bb,xor/u8,1000,1,3.391335964202881
write_vk,bb,xor/u8,1000,2,3.397728443145752
write_vk,bb,xor/u8,1000,3,3.4001479148864746
write_vk,bb,xor/u8,1000,4,3.39493989944458
write_vk,bb,xor/u8,1000,5,3.398101329803467
write_vk,bb,xor/u8,1000,6,3.3857038021087646
write_vk,bb,xor/u8,1000,7,3.3867623805999756
write_vk,bb,xor/u8,1000,8,3.400085687637329
write_vk,bb,xor/u8,1000,9,3.3930788040161133
write_vk,bb,xor/u8,1000,10,3.3943991661071777
write_vk,bb,xor/u8,1000,11,3.412020444869995
write_vk,bb,xor/u8,1000,12,3.391831159591675
write_vk,bb,xor/u8,1000,13,3.4022324085235596
write_vk,bb,xor/u8,1000,14,3.3834331035614014
write_vk,bb,xor/u8,2000,0,6.556239604949951
write_vk,bb,xor/u8,2000,1,6.580557584762573
write_vk,bb,xor/u8,2000,2,6.549855470657349
write_vk,bb,xor/u8,2000,3,6.576232194900513
write_vk,bb,xor/u8,2000,4,6.5747230052948
write_vk,bb,xor/u8,2000,5,6.557490348815918
write_vk,bb,xor/u8,2000,6,6.578800439834595
write_vk,bb,xor/u8,2000,7,6.5667431354522705
write_vk,bb,xor/u8,2000,8,6.566997289657593
write_vk,bb,xor/u8,2000,9,6.606013536453247
write_vk,bb,xor/u8,2000,10,6.56512451171875
write_vk,bb,xor/u8,2000,11,6.567701578140259
write_vk,bb,xor/u8,2000,12,6.562605142593384
write_vk,bb,xor/u8,2000,13,6.566128253936768
write_vk,bb,xor/u8,2000,14,6.577579975128174
write_vk,noirky2-limb,xor/u8,100,0,0.8252999782562256
write_vk,noirky2-limb,xor/u8,100,1,0.8119697570800781
write_vk,noirky2-limb,xor/u8,100,2,0.8123443126678467
write_vk,noirky2-limb,xor/u8,100,3,0.8147101402282715
write_vk,noirky2-limb,xor/u8,100,4,0.7397897243499756
write_vk,noirky2-limb,xor/u8,100,5,0.6618890762329102
write_vk,noirky2-limb,xor/u8,100,6,0.6537868976593018
write_vk,noirky2-limb,xor/u8,100,7,0.6469793319702148
write_vk,noirky2-limb,xor/u8,100,8,0.643531322479248
write_vk,noirky2-limb,xor/u8,100,9,0.648308515548706
write_vk,noirky2-limb,xor/u8,100,10,0.6518542766571045
write_vk,noirky2-limb,xor/u8,100,11,0.649019718170166
write_vk,noirky2-limb,xor/u8,100,12,0.6522216796875
write_vk,noirky2-limb,xor/u8,100,13,0.6572036743164062
write_vk,noirky2-limb,xor/u8,100,14,0.666083574295044
write_vk,noirky2-limb,xor/u8,500,0,0.658085823059082
write_vk,noirky2-limb,xor/u8,500,1,0.6532115936279297
write_vk,noirky2-limb,xor/u8,500,2,0.6541256904602051
write_vk,noirky2-limb,xor/u8,500,3,0.6620712280273438
write_vk,noirky2-limb,xor/u8,500,4,0.6627678871154785
write_vk,noirky2-limb,xor/u8,500,5,0.6628270149230957
write_vk,noirky2-limb,xor/u8,500,6,0.6586499214172363
write_vk,noirky2-limb,xor/u8,500,7,0.6823844909667969
write_vk,noirky2-limb,xor/u8,500,8,0.6805200576782227
write_vk,noirky2-limb,xor/u8,500,9,0.6681044101715088
write_vk,noirky2-limb,xor/u8,500,10,0.6647820472717285
write_vk,noirky2-limb,xor/u8,500,11,0.6618292331695557
write_vk,noirky2-limb,xor/u8,500,12,0.6626918315887451
write_vk,noirky2-limb,xor/u8,500,13,0.656430721282959
write_vk,noirky2-limb,xor/u8,500,14,0.659010648727417
write_vk,noirky2-limb,xor/u8,1000,0,0.6591699123382568
write_vk,noirky2-limb,xor/u8,1000,1,0.6637446880340576
write_vk,noirky2-limb,xor/u8,1000,2,0.6599109172821045
write_vk,noirky2-limb,xor/u8,1000,3,0.6619961261749268
write_vk,noirky2-limb,xor/u8,1000,4,0.6963052749633789
write_vk,noirky2-limb,xor/u8,1000,5,0.6645755767822266
write_vk,noirky2-limb,xor/u8,1000,6,0.6647970676422119
write_vk,noirky2-limb,xor/u8,1000,7,0.665522575378418
write_vk,noirky2-limb,xor/u8,1000,8,0.6650791168212891
write_vk,noirky2-limb,xor/u8,1000,9,0.6627912521362305
write_vk,noirky2-limb,xor/u8,1000,10,0.664527177810669
write_vk,noirky2-limb,xor/u8,1000,11,0.6677649021148682
write_vk,noirky2-limb,xor/u8,1000,12,0.6666510105133057
write_vk,noirky2-limb,xor/u8,1000,13,0.6620359420776367
write_vk,noirky2-limb,xor/u8,1000,14,0.6615555286407471
write_vk,noirky2-limb,xor/u8,2000,0,0.658515453338623
write_vk,noirky2-limb,xor/u8,2000,1,0.6585798263549805
write_vk,noirky2-limb,xor/u8,2000,2,0.6736063957214355
write_vk,noirky2-limb,xor/u8,2000,3,0.6683769226074219
write_vk,noirky2-limb,xor/u8,2000,4,0.6666653156280518
write_vk,noirky2-limb,xor/u8,2000,5,0.669919490814209
write_vk,noirky2-limb,xor/u8,2000,6,0.6661872863769531
write_vk,noirky2-limb,xor/u8,2000,7,0.6633951663970947
write_vk,noirky2-limb,xor/u8,2000,8,0.6650378704071045
write_vk,noirky2-limb,xor/u8,2000,9,0.6626613140106201
write_vk,noirky2-limb,xor/u8,2000,10,0.6684823036193848
write_vk,noirky2-limb,xor/u8,2000,11,0.6673924922943115
write_vk,noirky2-limb,xor/u8,2000,12,0.672875165939331
write_vk,noirky2-limb,xor/u8,2000,13,0.6651763916015625
write_vk,noirky2-limb,xor/u8,2000,14,0.66609787940979
write_vk,noirky2-limb-nozk,xor/u8,100,0,0.14783000946044922
write_vk,noirky2-limb-nozk,xor/u8,100,1,0.14695286750793457
write_vk,noirky2-limb-nozk,xor/u8,100,2,0.14846086502075195
write_vk,noirky2-limb-nozk,xor/u8,100,3,0.15197420120239258
write_vk,noirky2-limb-nozk,xor/u8,100,4,0.149519681930542
write_vk,noirky2-limb-nozk,xor/u8,100,5,0.14858269691467285
write_vk,noirky2-limb-nozk,xor/u8,100,6,0.15095138549804688
write_vk,noirky2-limb-nozk,xor/u8,100,7,0.15019941329956055
write_vk,noirky2-limb-nozk,xor/u8,100,8,0.14965200424194336
write_vk,noirky2-limb-nozk,xor/u8,100,9,0.15119242668151855
write_vk,noirky2-limb-nozk,xor/u8,100,10,0.15076708793640137
write_vk,noirky2-limb-nozk,xor/u8,100,11,0.1492147445678711
write_vk,noirky2-limb-nozk,xor/u8,100,12,0.14906692504882812
write_vk,noirky2-limb-nozk,xor/u8,100,13,0.15115094184875488
write_vk,noirky2-limb-nozk,xor/u8,100,14,0.15236687660217285
write_vk,noirky2-limb-nozk,xor/u8,500,0,0.15060758590698242
write_vk,noirky2-limb-nozk,xor/u8,500,1,0.149855375289917
write_vk,noirky2-limb-nozk,xor/u8,500,2,0.15069937705993652
write_vk,noirky2-limb-nozk,xor/u8,500,3,0.15090203285217285
write_vk,noirky2-limb-nozk,xor/u8,500,4,0.1532430648803711
write_vk,noirky2-limb-nozk,xor/u8,500,5,0.14967894554138184
write_vk,noirky2-limb-nozk,xor/u8,500,6,0.1503603458404541
write_vk,noirky2-limb-nozk,xor/u8,500,7,0.15122413635253906
write_vk,noirky2-limb-nozk,xor/u8,500,8,0.148468017578125
write_vk,noirky2-limb-nozk,xor/u8,500,9,0.15447783470153809
write_vk,noirky2-limb-nozk,xor/u8,500,10,0.15121054649353027
write_vk,noirky2-limb-nozk,xor/u8,500,11,0.1517353057861328
write_vk,noirky2-limb-nozk,xor/u8,500,12,0.1500840187072754
write_vk,noirky2-limb-nozk,xor/u8,500,13,0.15099358558654785
write_vk,noirky2-limb-nozk,xor/u8,500,14,0.15125465393066406
write_vk,noirky2-limb-nozk,xor/u8,1000,0,0.15176820755004883
write_vk,noirky2-limb-nozk,xor/u8,1000,1,0.15008306503295898
write_vk,noirky2-limb-nozk,xor/u8,1000,2,0.1486823558807373
write_vk,noirky2-limb-nozk,xor/u8,1000,3,0.15256214141845703
write_vk,noirky2-limb-nozk,xor/u8,1000,4,0.15123248100280762
write_vk,noirky2-limb-nozk,xor/u8,1000,5,0.15182280540466309
write_vk,noirky2-limb-nozk,xor/u8,1000,6,0.15042686462402344
write_vk,noirky2-limb-nozk,xor/u8,1000,7,0.15088319778442383
write_vk,noirky2-limb-nozk,xor/u8,1000,8,0.1516726016998291
write_vk,noirky2-limb-nozk,xor/u8,1000,9,0.15153074264526367
write_vk,noirky2-limb-nozk,xor/u8,1000,10,0.1517925262451172
write_vk,noirky2-limb-nozk,xor/u8,1000,11,0.15113329887390137
write_vk,noirky2-limb-nozk,xor/u8,1000,12,0.15337824821472168
write_vk,noirky2-limb-nozk,xor/u8,1000,13,0.1510002613067627
write_vk,noirky2-limb-nozk,xor/u8,1000,14,0.1499946117401123
write_vk,noirky2-limb-nozk,xor/u8,2000,0,0.15337562561035156
write_vk,noirky2-limb-nozk,xor/u8,2000,1,0.1523754596710205
write_vk,noirky2-limb-nozk,xor/u8,2000,2,0.15271425247192383
write_vk,noirky2-limb-nozk,xor/u8,2000,3,0.1539607048034668
write_vk,noirky2-limb-nozk,xor/u8,2000,4,0.1557612419128418
write_vk,noirky2-limb-nozk,xor/u8,2000,5,0.15277433395385742
write_vk,noirky2-limb-nozk,xor/u8,2000,6,0.15453290939331055
write_vk,noirky2-limb-nozk,xor/u8,2000,7,0.15440082550048828
write_vk,noirky2-limb-nozk,xor/u8,2000,8,0.15585899353027344
write_vk,noirky2-limb-nozk,xor/u8,2000,9,0.1528012752532959
write_vk,noirky2-limb-nozk,xor/u8,2000,10,0.15284085273742676
write_vk,noirky2-limb-nozk,xor/u8,2000,11,0.15531468391418457
write_vk,noirky2-limb-nozk,xor/u8,2000,12,0.1582801342010498
write_vk,noirky2-limb-nozk,xor/u8,2000,13,0.15334606170654297
write_vk,noirky2-limb-nozk,xor/u8,2000,14,0.15324616432189941
write_vk,noirky2-bits,xor/u16,100,0,0.6053564548492432
write_vk,noirky2-bits,xor/u16,100,1,0.6029014587402344
write_vk,noirky2-bits,xor/u16,100,2,0.6082556247711182
write_vk,noirky2-bits,xor/u16,100,3,0.6104316711425781
write_vk,noirky2-bits,xor/u16,100,4,0.6064629554748535
write_vk,noirky2-bits,xor/u16,100,5,0.6062829494476318
write_vk,noirky2-bits,xor/u16,100,6,0.6066358089447021
write_vk,noirky2-bits,xor/u16,100,7,0.6075396537780762
write_vk,noirky2-bits,xor/u16,100,8,0.6095848083496094
write_vk,noirky2-bits,xor/u16,100,9,0.608555793762207
write_vk,noirky2-bits,xor/u16,100,10,0.6069386005401611
write_vk,noirky2-bits,xor/u16,100,11,0.6045615673065186
write_vk,noirky2-bits,xor/u16,100,12,0.6063127517700195
write_vk,noirky2-bits,xor/u16,100,13,0.6058175563812256
write_vk,noirky2-bits,xor/u16,100,14,0.6059846878051758
write_vk,noirky2-bits,xor/u16,500,0,0.6722238063812256
write_vk,noirky2-bits,xor/u16,500,1,0.661656379699707
write_vk,noirky2-bits,xor/u16,500,2,0.6660583019256592
write_vk,noirky2-bits,xor/u16,500,3,0.6642334461212158
write_vk,noirky2-bits,xor/u16,500,4,0.6710832118988037
write_vk,noirky2-bits,xor/u16,500,5,0.6724503040313721
write_vk,noirky2-bits,xor/u16,500,6,0.668534517288208
write_vk,noirky2-bits,xor/u16,500,7,0.6698944568634033
write_vk,noirky2-bits,xor/u16,500,8,0.6822798252105713
write_vk,noirky2-bits,xor/u16,500,9,0.6761841773986816
write_vk,noirky2-bits,xor/u16,500,10,0.6688487529754639
write_vk,noirky2-bits,xor/u16,500,11,0.6734697818756104
write_vk,noirky2-bits,xor/u16,500,12,0.6770942211151123
write_vk,noirky2-bits,xor/u16,500,13,0.6742007732391357
write_vk,noirky2-bits,xor/u16,500,14,0.6707735061645508
write_vk,noirky2-bits,xor/u16,1000,0,0.7560327053070068
write_vk,noirky2-bits,xor/u16,1000,1,0.7560555934906006
write_vk,noirky2-bits,xor/u16,1000,2,0.7526915073394775
write_vk,noirky2-bits,xor/u16,1000,3,0.7582645416259766
write_vk,noirky2-bits,xor/u16,1000,4,0.7549440860748291
write_vk,noirky2-bits,xor/u16,1000,5,0.7500312328338623
write_vk,noirky2-bits,xor/u16,1000,6,0.7489621639251709
write_vk,noirky2-bits,xor/u16,1000,7,0.7518813610076904
write_vk,noirky2-bits,xor/u16,1000,8,0.7525646686553955
write_vk,noirky2-bits,xor/u16,1000,9,0.7553095817565918
write_vk,noirky2-bits,xor/u16,1000,10,0.7529432773590088
write_vk,noirky2-bits,xor/u16,1000,11,0.7557783126831055
write_vk,noirky2-bits,xor/u16,1000,12,0.7510890960693359
write_vk,noirky2-bits,xor/u16,1000,13,0.7537214756011963
write_vk,noirky2-bits,xor/u16,1000,14,0.7562570571899414
write_vk,noirky2-bits,xor/u16,2000,0,1.4998929500579834
write_vk,noirky2-bits,xor/u16,2000,1,1.5024981498718262
write_vk,noirky2-bits,xor/u16,2000,2,1.5295746326446533
write_vk,noirky2-bits,xor/u16,2000,3,1.511176347732544
write_vk,noirky2-bits,xor/u16,2000,4,1.5025873184204102
write_vk,noirky2-bits,xor/u16,2000,5,1.5068254470825195
write_vk,noirky2-bits,xor/u16,2000,6,1.5098869800567627
write_vk,noirky2-bits,xor/u16,2000,7,1.4945082664489746
write_vk,noirky2-bits,xor/u16,2000,8,1.508289098739624
write_vk,noirky2-bits,xor/u16,2000,9,1.4922456741333008
write_vk,noirky2-bits,xor/u16,2000,10,1.4995903968811035
write_vk,noirky2-bits,xor/u16,2000,11,1.5156235694885254
write_vk,noirky2-bits,xor/u16,2000,12,1.5073184967041016
write_vk,noirky2-bits,xor/u16,2000,13,1.5127763748168945
write_vk,noirky2-bits,xor/u16,2000,14,1.5105020999908447
write_vk,noirky2-bits-nozk,xor/u16,100,0,0.04832053184509277
write_vk,noirky2-bits-nozk,xor/u16,100,1,0.04735708236694336
write_vk,noirky2-bits-nozk,xor/u16,100,2,0.04793381690979004
write_vk,noirky2-bits-nozk,xor/u16,100,3,0.04877781867980957
write_vk,noirky2-bits-nozk,xor/u16,100,4,0.048529624938964844
write_vk,noirky2-bits-nozk,xor/u16,100,5,0.04861807823181152
write_vk,noirky2-bits-nozk,xor/u16,100,6,0.048807621002197266
write_vk,noirky2-bits-nozk,xor/u16,100,7,0.0495150089263916
write_vk,noirky2-bits-nozk,xor/u16,100,8,0.05048704147338867
write_vk,noirky2-bits-nozk,xor/u16,100,9,0.04999279975891113
write_vk,noirky2-bits-nozk,xor/u16,100,10,0.04951667785644531
write_vk,noirky2-bits-nozk,xor/u16,100,11,0.05002403259277344
write_vk,noirky2-bits-nozk,xor/u16,100,12,0.05051994323730469
write_vk,noirky2-bits-nozk,xor/u16,100,13,0.050348520278930664
write_vk,noirky2-bits-nozk,xor/u16,100,14,0.05130910873413086
write_vk,noirky2-bits-nozk,xor/u16,500,0,0.21534204483032227
write_vk,noirky2-bits-nozk,xor/u16,500,1,0.20746564865112305
write_vk,noirky2-bits-nozk,xor/u16,500,2,0.2069087028503418
write_vk,noirky2-bits-nozk,xor/u16,500,3,0.20538020133972168
write_vk,noirky2-bits-nozk,xor/u16,500,4,0.20594453811645508
write_vk,noirky2-bits-nozk,xor/u16,500,5,0.20348763465881348
write_vk,noirky2-bits-nozk,xor/u16,500,6,0.2024545669555664
write_vk,noirky2-bits-nozk,xor/u16,500,7,0.20230555534362793
write_vk,noirky2-bits-nozk,xor/u16,500,8,0.20328903198242188
write_vk,noirky2-bits-nozk,xor/u16,500,9,0.20353126525878906
write_vk,noirky2-bits-nozk,xor/u16,500,10,0.20293021202087402
write_vk,noirky2-bits-nozk,xor/u16,500,11,0.20273876190185547
write_vk,noirky2-bits-nozk,xor/u16,500,12,0.2025916576385498
write_vk,noirky2-bits-nozk,xor/u16,500,13,0.20371294021606445
write_vk,noirky2-bits-nozk,xor/u16,500,14,0.20298266410827637
write_vk,noirky2-bits-nozk,xor/u16,1000,0,0.4133927822113037
write_vk,noirky2-bits-nozk,xor/u16,1000,1,0.40987610816955566
write_vk,noirky2-bits-nozk,xor/u16,1000,2,0.4140055179595947
write_vk,noirky2-bits-nozk,xor/u16,1000,3,0.4102976322174072
write_vk,noirky2-bits-nozk,xor/u16,1000,4,0.4128251075744629
write_vk,noirky2-bits-nozk,xor/u16,1000,5,0.4161052703857422
write_vk,noirky2-bits-nozk,xor/u16,1000,6,0.41025352478027344
write_vk,noirky2-bits-nozk,xor/u16,1000,7,0.41451406478881836
write_vk,noirky2-bits-nozk,xor/u16,1000,8,0.41050028800964355
write_vk,noirky2-bits-nozk,xor/u16,1000,9,0.4142329692840576
write_vk,noirky2-bits-nozk,xor/u16,1000,10,0.41306447982788086
write_vk,noirky2-bits-nozk,xor/u16,1000,11,0.4154982566833496
write_vk,noirky2-bits-nozk,xor/u16,1000,12,0.40503478050231934
write_vk,noirky2-bits-nozk,xor/u16,1000,13,0.40787386894226074
write_vk,noirky2-bits-nozk,xor/u16,1000,14,0.40928006172180176
write_vk,noirky2-bits-nozk,xor/u16,2000,0,0.8289742469787598
write_vk,noirky2-bits-nozk,xor/u16,2000,1,0.8268587589263916
write_vk,noirky2-bits-nozk,xor/u16,2000,2,0.8296427726745605
write_vk,noirky2-bits-nozk,xor/u16,2000,3,0.8358216285705566
write_vk,noirky2-bits-nozk,xor/u16,2000,4,0.8374698162078857
write_vk,noirky2-bits-nozk,xor/u16,2000,5,0.8311183452606201
write_vk,noirky2-bits-nozk,xor/u16,2000,6,0.8285856246948242
write_vk,noirky2-bits-nozk,xor/u16,2000,7,0.8332276344299316
write_vk,noirky2-bits-nozk,xor/u16,2000,8,0.8309087753295898
write_vk,noirky2-bits-nozk,xor/u16,2000,9,0.8355329036712646
write_vk,noirky2-bits-nozk,xor/u16,2000,10,0.8348608016967773
write_vk,noirky2-bits-nozk,xor/u16,2000,11,0.8311681747436523
write_vk,noirky2-bits-nozk,xor/u16,2000,12,0.8341019153594971
write_vk,noirky2-bits-nozk,xor/u16,2000,13,0.8312172889709473
write_vk,noirky2-bits-nozk,xor/u16,2000,14,0.8311846256256104
write_vk,bb,xor/u16,100,0,0.5807292461395264
write_vk,bb,xor/u16,100,1,0.6441445350646973
write_vk,bb,xor/u16,100,2,0.6430783271789551
write_vk,bb,xor/u16,100,3,0.6458263397216797
write_vk,bb,xor/u16,100,4,0.6472897529602051
write_vk,bb,xor/u16,100,5,0.6405191421508789
write_vk,bb,xor/u16,100,6,0.6406745910644531
write_vk,bb,xor/u16,100,7,0.6529138088226318
write_vk,bb,xor/u16,100,8,0.6381549835205078
write_vk,bb,xor/u16,100,9,0.6473312377929688
write_vk,bb,xor/u16,100,10,0.6408665180206299
write_vk,bb,xor/u16,100,11,0.6521885395050049
write_vk,bb,xor/u16,100,12,0.6422035694122314
write_vk,bb,xor/u16,100,13,0.6430463790893555
write_vk,bb,xor/u16,100,14,0.6439526081085205
write_vk,bb,xor/u16,500,0,1.7985844612121582
write_vk,bb,xor/u16,500,1,1.8419535160064697
write_vk,bb,xor/u16,500,2,1.8396568298339844
write_vk,bb,xor/u16,500,3,1.8405017852783203
write_vk,bb,xor/u16,500,4,1.8852417469024658
write_vk,bb,xor/u16,500,5,1.8430252075195312
write_vk,bb,xor/u16,500,6,1.8462023735046387
write_vk,bb,xor/u16,500,7,1.8428306579589844
write_vk,bb,xor/u16,500,8,1.8371963500976562
write_vk,bb,xor/u16,500,9,1.8368263244628906
write_vk,bb,xor/u16,500,10,1.8433868885040283
write_vk,bb,xor/u16,500,11,1.838773488998413
write_vk,bb,xor/u16,500,12,1.8401081562042236
write_vk,bb,xor/u16,500,13,1.837517499923706
write_vk,bb,xor/u16,500,14,1.8359031677246094
write_vk,bb,xor/u16,1000,0,3.3313090801239014
write_vk,bb,xor/u16,1000,1,3.4046850204467773
write_vk,bb,xor/u16,1000,2,3.3961994647979736
write_vk,bb,xor/u16,1000,3,3.3897287845611572
write_vk,bb,xor/u16,1000,4,3.420624256134033
write_vk,bb,xor/u16,1000,5,3.3865504264831543
write_vk,bb,xor/u16,1000,6,3.4007558822631836
write_vk,bb,xor/u16,1000,7,3.4002816677093506
write_vk,bb,xor/u16,1000,8,3.390291690826416
write_vk,bb,xor/u16,1000,9,3.3941357135772705
write_vk,bb,xor/u16,1000,10,3.394395112991333
write_vk,bb,xor/u16,1000,11,3.4457576274871826
write_vk,bb,xor/u16,1000,12,3.389069080352783
write_vk,bb,xor/u16,1000,13,3.3885610103607178
write_vk,bb,xor/u16,1000,14,3.395352840423584
write_vk,bb,xor/u16,2000,0,6.494466781616211
write_vk,bb,xor/u16,2000,1,6.569831132888794
write_vk,bb,xor/u16,2000,2,6.566046714782715
write_vk,bb,xor/u16,2000,3,6.570872068405151
write_vk,bb,xor/u16,2000,4,6.579861402511597
write_vk,bb,xor/u16,2000,5,6.56890869140625
write_vk,bb,xor/u16,2000,6,6.5643839836120605
write_vk,bb,xor/u16,2000,7,6.622151613235474
write_vk,bb,xor/u16,2000,8,6.565757513046265
write_vk,bb,xor/u16,2000,9,6.567321300506592
write_vk,bb,xor/u16,2000,10,6.58710789680481
write_vk,bb,xor/u16,2000,11,6.58196496963501
write_vk,bb,xor/u16,2000,12,6.563446283340454
write_vk,bb,xor/u16,2000,13,6.572439908981323
write_vk,bb,xor/u16,2000,14,6.568579912185669
write_vk,noirky2-limb,xor/u16,100,0,0.816131591796875
write_vk,noirky2-limb,xor/u16,100,1,0.8132328987121582
write_vk,noirky2-limb,xor/u16,100,2,0.8115589618682861
write_vk,noirky2-limb,xor/u16,100,3,0.8152866363525391
write_vk,noirky2-limb,xor/u16,100,4,0.7497284412384033
write_vk,noirky2-limb,xor/u16,100,5,0.6597130298614502
write_vk,noirky2-limb,xor/u16,100,6,0.6450340747833252
write_vk,noirky2-limb,xor/u16,100,7,0.6474318504333496
write_vk,noirky2-limb,xor/u16,100,8,0.6508393287658691
write_vk,noirky2-limb,xor/u16,100,9,0.6449627876281738
write_vk,noirky2-limb,xor/u16,100,10,0.651054859161377
write_vk,noirky2-limb,xor/u16,100,11,0.6492717266082764
write_vk,noirky2-limb,xor/u16,100,12,0.6532135009765625
write_vk,noirky2-limb,xor/u16,100,13,0.6696369647979736
write_vk,noirky2-limb,xor/u16,100,14,0.6684865951538086
write_vk,noirky2-limb,xor/u16,500,0,0.6587502956390381
write_vk,noirky2-limb,xor/u16,500,1,0.6568517684936523
write_vk,noirky2-limb,xor/u16,500,2,0.6586394309997559
write_vk,noirky2-limb,xor/u16,500,3,0.658123254776001
write_vk,noirky2-limb,xor/u16,500,4,0.6662745475769043
write_vk,noirky2-limb,xor/u16,500,5,0.6718494892120361
write_vk,noirky2-limb,xor/u16,500,6,0.6616597175598145
write_vk,noirky2-limb,xor/u16,500,7,0.6615643501281738
write_vk,noirky2-limb,xor/u16,500,8,0.6622004508972168
write_vk,noirky2-limb,xor/u16,500,9,0.6636378765106201
write_vk,noirky2-limb,xor/u16,500,10,0.6602373123168945
write_vk,noirky2-limb,xor/u16,500,11,0.662351131439209
write_vk,noirky2-limb,xor/u16,500,12,0.6674230098724365
write_vk,noirky2-limb,xor/u16,500,13,0.6664581298828125
write_vk,noirky2-limb,xor/u16,500,14,0.6584522724151611
write_vk,noirky2-limb,xor/u16,1000,0,0.6738824844360352
write_vk,noirky2-limb,xor/u16,1000,1,0.6741223335266113
write_vk,noirky2-limb,xor/u16,1000,2,0.6768016815185547
write_vk,noirky2-limb,xor/u16,1000,3,0.6781487464904785
write_vk,noirky2-limb,xor/u16,1000,4,0.6751701831817627
write_vk,noirky2-limb,xor/u16,1000,5,0.6720452308654785
write_vk,noirky2-limb,xor/u16,1000,6,0.6767470836639404
write_vk,noirky2-limb,xor/u16,1000,7,0.6710524559020996
write_vk,noirky2-limb,xor/u16,1000,8,0.6723892688751221
write_vk,noirky2-limb,xor/u16,1000,9,0.6761081218719482
write_vk,noirky2-limb,xor/u16,1000,10,0.6754393577575684
write_vk,noirky2-limb,xor/u16,1000,11,0.6753931045532227
write_vk,noirky2-limb,xor/u16,1000,12,0.6740188598632812
write_vk,noirky2-limb,xor/u16,1000,13,0.6749453544616699
write_vk,noirky2-limb,xor/u16,1000,14,0.6860072612762451
write_vk,noirky2-limb,xor/u16,2000,0,0.6844730377197266
write_vk,noirky2-limb,xor/u16,2000,1,0.6793949604034424
write_vk,noirky2-limb,xor/u16,2000,2,0.6856842041015625
write_vk,noirky2-limb,xor/u16,2000,3,0.6849157810211182
write_vk,noirky2-limb,xor/u16,2000,4,0.6838686466217041
write_vk,noirky2-limb,xor/u16,2000,5,0.6852884292602539
write_vk,noirky2-limb,xor/u16,2000,6,0.6807663440704346
write_vk,noirky2-limb,xor/u16,2000,7,0.6945517063140869
write_vk,noirky2-limb,xor/u16,2000,8,0.6868059635162354
write_vk,noirky2-limb,xor/u16,2000,9,0.6819469928741455
write_vk,noirky2-limb,xor/u16,2000,10,0.6892342567443848
write_vk,noirky2-limb,xor/u16,2000,11,0.6871562004089355
write_vk,noirky2-limb,xor/u16,2000,12,0.6859207153320312
write_vk,noirky2-limb,xor/u16,2000,13,0.6811532974243164
write_vk,noirky2-limb,xor/u16,2000,14,0.684809684753418
write_vk,noirky2-limb-nozk,xor/u16,100,0,0.1496293544769287
write_vk,noirky2-limb-nozk,xor/u16,100,1,0.15182065963745117
write_vk,noirky2-limb-nozk,xor/u16,100,2,0.1470489501953125
write_vk,noirky2-limb-nozk,xor/u16,100,3,0.14798712730407715
write_vk,noirky2-limb-nozk,xor/u16,100,4,0.1504979133605957
write_vk,noirky2-limb-nozk,xor/u16,100,5,0.14873981475830078
write_vk,noirky2-limb-nozk,xor/u16,100,6,0.1481485366821289
write_vk,noirky2-limb-nozk,xor/u16,100,7,0.14927124977111816
write_vk,noirky2-limb-nozk,xor/u16,100,8,0.14882278442382812
write_vk,noirky2-limb-nozk,xor/u16,100,9,0.14865660667419434
write_vk,noirky2-limb-nozk,xor/u16,100,10,0.14987540245056152
write_vk,noirky2-limb-nozk,xor/u16,100,11,0.14822006225585938
write_vk,noirky2-limb-nozk,xor/u16,100,12,0.1498425006866455
write_vk,noirky2-limb-nozk,xor/u16,100,13,0.15014171600341797
write_vk,noirky2-limb-nozk,xor/u16,100,14,0.15030169486999512
write_vk,noirky2-limb-nozk,xor/u16,500,0,0.15829968452453613
write_vk,noirky2-limb-nozk,xor/u16,500,1,0.15298891067504883
write_vk,noirky2-limb-nozk,xor/u16,500,2,0.1541147232055664
write_vk,noirky2-limb-nozk,xor/u16,500,3,0.1533801555633545
write_vk,noirky2-limb-nozk,xor/u16,500,4,0.15377283096313477
write_vk,noirky2-limb-nozk,xor/u16,500,5,0.1548147201538086
write_vk,noirky2-limb-nozk,xor/u16,500,6,0.15608501434326172
write_vk,noirky2-limb-nozk,xor/u16,500,7,0.1548633575439453
write_vk,noirky2-limb-nozk,xor/u16,500,8,0.15682411193847656
write_vk,noirky2-limb-nozk,xor/u16,500,9,0.1562180519104004
write_vk,noirky2-limb-nozk,xor/u16,500,10,0.15558195114135742
write_vk,noirky2-limb-nozk,xor/u16,500,11,0.15477538108825684
write_vk,noirky2-limb-nozk,xor/u16,500,12,0.15535521507263184
write_vk,noirky2-limb-nozk,xor/u16,500,13,0.1539008617401123
write_vk,noirky2-limb-nozk,xor/u16,500,14,0.15447783470153809
write_vk,noirky2-limb-nozk,xor/u16,1000,0,0.16234135627746582
write_vk,noirky2-limb-nozk,xor/u16,1000,1,0.1637248992919922
write_vk,noirky2-limb-nozk,xor/u16,1000,2,0.16102027893066406
write_vk,noirky2-limb-nozk,xor/u16,1000,3,0.16237807273864746
write_vk,noirky2-limb-nozk,xor/u16,1000,4,0.16756272315979004
write_vk,noirky2-limb-nozk,xor/u16,1000,5,0.1628870964050293
write_vk,noirky2-limb-nozk,xor/u16,1000,6,0.1615431308746338
write_vk,noirky2-limb-nozk,xor/u16,1000,7,0.1622328758239746
write_vk,noirky2-limb-nozk,xor/u16,1000,8,0.16324114799499512
write_vk,noirky2-limb-nozk,xor/u16,1000,9,0.1616814136505127
write_vk,noirky2-limb-nozk,xor/u16,1000,10,0.1639087200164795
write_vk,noirky2-limb-nozk,xor/u16,1000,11,0.1645820140838623
write_vk,noirky2-limb-nozk,xor/u16,1000,12,0.16261005401611328
write_vk,noirky2-limb-nozk,xor/u16,1000,13,0.16195392608642578
write_vk,noirky2-limb-nozk,xor/u16,1000,14,0.16340327262878418
write_vk,noirky2-limb-nozk,xor/u16,2000,0,0.17537665367126465
write_vk,noirky2-limb-nozk,xor/u16,2000,1,0.17554807662963867
write_vk,noirky2-limb-nozk,xor/u16,2000,2,0.17223548889160156
write_vk,noirky2-limb-nozk,xor/u16,2000,3,0.17490291595458984
write_vk,noirky2-limb-nozk,xor/u16,2000,4,0.17328643798828125
write_vk,noirky2-limb-nozk,xor/u16,2000,5,0.1741938591003418
write_vk,noirky2-limb-nozk,xor/u16,2000,6,0.1741800308227539
write_vk,noirky2-limb-nozk,xor/u16,2000,7,0.1732490062713623
write_vk,noirky2-limb-nozk,xor/u16,2000,8,0.17703604698181152
write_vk,noirky2-limb-nozk,xor/u16,2000,9,0.17609882354736328
write_vk,noirky2-limb-nozk,xor/u16,2000,10,0.1751844882965088
write_vk,noirky2-limb-nozk,xor/u16,2000,11,0.17495512962341309
write_vk,noirky2-limb-nozk,xor/u16,2000,12,0.17497825622558594
write_vk,noirky2-limb-nozk,xor/u16,2000,13,0.17496109008789062
write_vk,noirky2-limb-nozk,xor/u16,2000,14,0.17397427558898926
write_vk,noirky2-bits,xor/u32,100,0,0.612023115158081
write_vk,noirky2-bits,xor/u32,100,1,0.610933780670166
write_vk,noirky2-bits,xor/u32,100,2,0.6122832298278809
write_vk,noirky2-bits,xor/u32,100,3,0.6123051643371582
write_vk,noirky2-bits,xor/u32,100,4,0.6140851974487305
write_vk,noirky2-bits,xor/u32,100,5,0.6156630516052246
write_vk,noirky2-bits,xor/u32,100,6,0.6141548156738281
write_vk,noirky2-bits,xor/u32,100,7,0.6143722534179688
write_vk,noirky2-bits,xor/u32,100,8,0.6406428813934326
write_vk,noirky2-bits,xor/u32,100,9,0.6200933456420898
write_vk,noirky2-bits,xor/u32,100,10,0.6187143325805664
write_vk,noirky2-bits,xor/u32,100,11,0.6198060512542725
write_vk,noirky2-bits,xor/u32,100,12,0.6193742752075195
write_vk,noirky2-bits,xor/u32,100,13,0.61322021484375
write_vk,noirky2-bits,xor/u32,100,14,0.6165807247161865
write_vk,noirky2-bits,xor/u32,500,0,0.7358148097991943
write_vk,noirky2-bits,xor/u32,500,1,0.731008768081665
write_vk,noirky2-bits,xor/u32,500,2,0.7261135578155518
write_vk,noirky2-bits,xor/u32,500,3,0.7292811870574951
write_vk,noirky2-bits,xor/u32,500,4,0.7284109592437744
write_vk,noirky2-bits,xor/u32,500,5,0.7298269271850586
write_vk,noirky2-bits,xor/u32,500,6,0.7294414043426514
write_vk,noirky2-bits,xor/u32,500,7,0.7282381057739258
write_vk,noirky2-bits,xor/u32,500,8,0.7288417816162109
write_vk,noirky2-bits,xor/u32,500,9,0.7267751693725586
write_vk,noirky2-bits,xor/u32,500,10,0.7284855842590332
write_vk,noirky2-bits,xor/u32,500,11,0.7250640392303467
write_vk,noirky2-bits,xor/u32,500,12,0.7359325885772705
write_vk,noirky2-bits,xor/u32,500,13,0.7511675357818604
write_vk,noirky2-bits,xor/u32,500,14,0.7510099411010742
write_vk,noirky2-bits,xor/u32,1000,0,1.4694914817810059
write_vk,noirky2-bits,xor/u32,1000,1,1.4707543849945068
write_vk,noirky2-bits,xor/u32,1000,2,1.4629995822906494
write_vk,noirky2-bits,xor/u32,1000,3,1.4563372135162354
write_vk,noirky2-bits,xor/u32,1000,4,1.465635061264038
write_vk,noirky2-bits,xor/u32,1000,5,1.4584946632385254
write_vk,noirky2-bits,xor/u32,1000,6,1.4645490646362305
write_vk,noirky2-bits,xor/u32,1000,7,1.4691963195800781
write_vk,noirky2-bits,xor/u32,1000,8,1.4560902118682861
write_vk,noirky2-bits,xor/u32,1000,9,1.4534308910369873
write_vk,noirky2-bits,xor/u32,1000,10,1.4608426094055176
write_vk,noirky2-bits,xor/u32,1000,11,1.462165117263794
write_vk,noirky2-bits,xor/u32,1000,12,1.4696168899536133
write_vk,noirky2-bits,xor/u32,1000,13,1.4660680294036865
write_vk,noirky2-bits,xor/u32,1000,14,1.4549353122711182
write_vk,noirky2-bits,xor/u32,2000,0,1.721733570098877
write_vk,noirky2-bits,xor/u32,2000,1,1.697598934173584
write_vk,noirky2-bits,xor/u32,2000,2,1.7110064029693604
write_vk,noirky2-bits,xor/u32,2000,3,1.7151410579681396
write_vk,noirky2-bits,xor/u32,2000,4,1.71498703956604
write_vk,noirky2-bits,xor/u32,2000,5,1.7267403602600098
write_vk,noirky2-bits,xor/u32,2000,6,1.7110583782196045
write_vk,noirky2-bits,xor/u32,2000,7,1.7082736492156982
write_vk,noirky2-bits,xor/u32,2000,8,1.7134983539581299
write_vk,noirky2-bits,xor/u32,2000,9,1.7272887229919434
write_vk,noirky2-bits,xor/u32,2000,10,1.7258937358856201
write_vk,noirky2-bits,xor/u32,2000,11,1.7152812480926514
write_vk,noirky2-bits,xor/u32,2000,12,1.715296983718872
write_vk,noirky2-bits,xor/u32,2000,13,1.7087702751159668
write_vk,noirky2-bits,xor/u32,2000,14,1.717334270477295
write_vk,noirky2-bits-nozk,xor/u32,100,0,0.08313298225402832
write_vk,noirky2-bits-nozk,xor/u32,100,1,0.08419060707092285
write_vk,noirky2-bits-nozk,xor/u32,100,2,0.08541154861450195
write_vk,noirky2-bits-nozk,xor/u32,100,3,0.08735108375549316
write_vk,noirky2-bits-nozk,xor/u32,100,4,0.08883500099182129
write_vk,noirky2-bits-nozk,xor/u32,100,5,0.0874032974243164
write_vk,noirky2-bits-nozk,xor/u32,100,6,0.08815765380859375
write_vk,noirky2-bits-nozk,xor/u32,100,7,0.08880090713500977
write_vk,noirky2-bits-nozk,xor/u32,100,8,0.0880742073059082
write_vk,noirky2-bits-nozk,xor/u32,100,9,0.09034419059753418
write_vk,noirky2-bits-nozk,xor/u32,100,10,0.09043765068054199
write_vk,noirky2-bits-nozk,xor/u32,100,11,0.08948493003845215
write_vk,noirky2-bits-nozk,xor/u32,100,12,0.08985257148742676
write_vk,noirky2-bits-nozk,xor/u32,100,13,0.08933854103088379
write_vk,noirky2-bits-nozk,xor/u32,100,14,0.0895531177520752
write_vk,noirky2-bits-nozk,xor/u32,500,0,0.40215373039245605
write_vk,noirky2-bits-nozk,xor/u32,500,1,0.387981653213501
write_vk,noirky2-bits-nozk,xor/u32,500,2,0.3923628330230713
write_vk,noirky2-bits-nozk,xor/u32,500,3,0.3895230293273926
write_vk,noirky2-bits-nozk,xor/u32,500,4,0.3910355567932129
write_vk,noirky2-bits-nozk,xor/u32,500,5,0.3916645050048828
write_vk,noirky2-bits-nozk,xor/u32,500,6,0.39080333709716797
write_vk,noirky2-bits-nozk,xor/u32,500,7,0.3919227123260498
write_vk,noirky2-bits-nozk,xor/u32,500,8,0.3922111988067627
write_vk,noirky2-bits-nozk,xor/u32,500,9,0.3924295902252197
write_vk,noirky2-bits-nozk,xor/u32,500,10,0.39098620414733887
write_vk,noirky2-bits-nozk,xor/u32,500,11,0.38590431213378906
write_vk,noirky2-bits-nozk,xor/u32,500,12,0.3878505229949951
write_vk,noirky2-bits-nozk,xor/u32,500,13,0.39195704460144043
write_vk,noirky2-bits-nozk,xor/u32,500,14,0.3889129161834717
write_vk,noirky2-bits-nozk,xor/u32,1000,0,0.7816958427429199
write_vk,noirky2-bits-nozk,xor/u32,1000,1,0.7883210182189941
write_vk,noirky2-bits-nozk,xor/u32,1000,2,0.7922816276550293
write_vk,noirky2-bits-nozk,xor/u32,1000,3,0.7915506362915039
write_vk,noirky2-bits-nozk,xor/u32,1000,4,0.8123135566711426
write_vk,noirky2-bits-nozk,xor/u32,1000,5,0.793630838394165
write_vk,noirky2-bits-nozk,xor/u32,1000,6,0.795243501663208
write_vk,noirky2-bits-nozk,xor/u32,1000,7,0.7921879291534424
write_vk,noirky2-bits-nozk,xor/u32,1000,8,0.7933168411254883
write_vk,noirky2-bits-nozk,xor/u32,1000,9,0.7907271385192871
write_vk,noirky2-bits-nozk,xor/u32,1000,10,0.7939860820770264
write_vk,noirky2-bits-nozk,xor/u32,1000,11,0.7971997261047363
write_vk,noirky2-bits-nozk,xor/u32,1000,12,0.8118634223937988
write_vk,noirky2-bits-nozk,xor/u32,1000,13,0.8005986213684082
write_vk,noirky2-bits-nozk,xor/u32,1000,14,0.793510913848877
write_vk,noirky2-bits-nozk,xor/u32,2000,0,1.6445200443267822
write_vk,noirky2-bits-nozk,xor/u32,2000,1,1.6514365673065186
write_vk,noirky2-bits-nozk,xor/u32,2000,2,1.6445832252502441
write_vk,noirky2-bits-nozk,xor/u32,2000,3,1.6456773281097412
write_vk,noirky2-bits-nozk,xor/u32,2000,4,1.6469812393188477
write_vk,noirky2-bits-nozk,xor/u32,2000,5,1.6408965587615967
write_vk,noirky2-bits-nozk,xor/u32,2000,6,1.6402552127838135
write_vk,noirky2-bits-nozk,xor/u32,2000,7,1.6382336616516113
write_vk,noirky2-bits-nozk,xor/u32,2000,8,1.646836519241333
write_vk,noirky2-bits-nozk,xor/u32,2000,9,1.6492290496826172
write_vk,noirky2-bits-nozk,xor/u32,2000,10,1.6485443115234375
write_vk,noirky2-bits-nozk,xor/u32,2000,11,1.6486523151397705
write_vk,noirky2-bits-nozk,xor/u32,2000,12,1.6437039375305176
write_vk,noirky2-bits-nozk,xor/u32,2000,13,1.649268388748169
write_vk,noirky2-bits-nozk,xor/u32,2000,14,1.6410107612609863
write_vk,bb,xor/u32,100,0,0.585761308670044
write_vk,bb,xor/u32,100,1,0.6426193714141846
write_vk,bb,xor/u32,100,2,0.6467490196228027
write_vk,bb,xor/u32,100,3,0.6389305591583252
write_vk,bb,xor/u32,100,4,0.6387028694152832
write_vk,bb,xor/u32,100,5,0.6394479274749756
write_vk,bb,xor/u32,100,6,0.6412625312805176
write_vk,bb,xor/u32,100,7,0.648076057434082
write_vk,bb,xor/u32,100,8,0.6440000534057617
write_vk,bb,xor/u32,100,9,0.648280143737793
write_vk,bb,xor/u32,100,10,0.6455991268157959
write_vk,bb,xor/u32,100,11,0.6443865299224854
write_vk,bb,xor/u32,100,12,0.6412885189056396
write_vk,bb,xor/u32,100,13,0.6392209529876709
write_vk,bb,xor/u32,100,14,0.6442122459411621
write_vk,bb,xor/u32,500,0,1.8045969009399414
write_vk,bb,xor/u32,500,1,1.8486385345458984
write_vk,bb,xor/u32,500,2,1.8452463150024414
write_vk,bb,xor/u32,500,3,1.8480911254882812
write_vk,bb,xor/u32,500,4,1.8478455543518066
write_vk,bb,xor/u32,500,5,1.8395936489105225
write_vk,bb,xor/u32,500,6,1.8436365127563477
write_vk,bb,xor/u32,500,7,1.8373134136199951
write_vk,bb,xor/u32,500,8,1.8713102340698242
write_vk,bb,xor/u32,500,9,1.8434944152832031
write_vk,bb,xor/u32,500,10,1.8467209339141846
write_vk,bb,xor/u32,500,11,1.8362607955932617
write_vk,bb,xor/u32,500,12,1.842846155166626
write_vk,bb,xor/u32,500,13,1.8385775089263916
write_vk,bb,xor/u32,500,14,1.8334810733795166
write_vk,bb,xor/u32,1000,0,3.3292295932769775
write_vk,bb,xor/u32,1000,1,3.3960678577423096
write_vk,bb,xor/u32,1000,2,3.3826253414154053
write_vk,bb,xor/u32,1000,3,3.3952786922454834
write_vk,bb,xor/u32,1000,4,3.389601469039917
write_vk,bb,xor/u32,1000,5,3.393979549407959
write_vk,bb,xor/u32,1000,6,3.40413498878479
write_vk,bb,xor/u32,1000,7,3.39309024810791
write_vk,bb,xor/u32,1000,8,3.3925158977508545
write_vk,bb,xor/u32,1000,9,3.392364025115967
write_vk,bb,xor/u32,1000,10,3.3865110874176025
write_vk,bb,xor/u32,1000,11,3.385589838027954
write_vk,bb,xor/u32,1000,12,3.3887155055999756
write_vk,bb,xor/u32,1000,13,3.3826839923858643
write_vk,bb,xor/u32,1000,14,3.436213493347168
write_vk,bb,xor/u32,2000,0,6.48455286026001
write_vk,bb,xor/u32,2000,1,6.551375865936279
write_vk,bb,xor/u32,2000,2,6.5790979862213135
write_vk,bb,xor/u32,2000,3,6.554685831069946
write_vk,bb,xor/u32,2000,4,6.573472499847412
write_vk,bb,xor/u32,2000,5,6.556639194488525
write_vk,bb,xor/u32,2000,6,6.55986475944519
write_vk,bb,xor/u32,2000,7,6.570960760116577
write_vk,bb,xor/u32,2000,8,6.6069655418396
write_vk,bb,xor/u32,2000,9,6.569709300994873
write_vk,bb,xor/u32,2000,10,6.57117772102356
write_vk,bb,xor/u32,2000,11,6.570299386978149
write_vk,bb,xor/u32,2000,12,6.550335645675659
write_vk,bb,xor/u32,2000,13,6.574104309082031
write_vk,bb,xor/u32,2000,14,6.556765794754028
write_vk,noirky2-limb,xor/u32,100,0,0.8236949443817139
write_vk,noirky2-limb,xor/u32,100,1,0.8160965442657471
write_vk,noirky2-limb,xor/u32,100,2,0.816979169845581
write_vk,noirky2-limb,xor/u32,100,3,0.815760612487793
write_vk,noirky2-limb,xor/u32,100,4,0.7595887184143066
write_vk,noirky2-limb,xor/u32,100,5,0.6644976139068604
write_vk,noirky2-limb,xor/u32,100,6,0.6562025547027588
write_vk,noirky2-limb,xor/u32,100,7,0.6427097320556641
write_vk,noirky2-limb,xor/u32,100,8,0.6452727317810059
write_vk,noirky2-limb,xor/u32,100,9,0.6519119739532471
write_vk,noirky2-limb,xor/u32,100,10,0.653313159942627
write_vk,noirky2-limb,xor/u32,100,11,0.6549355983734131
write_vk,noirky2-limb,xor/u32,100,12,0.6564242839813232
write_vk,noirky2-limb,xor/u32,100,13,0.6620912551879883
write_vk,noirky2-limb,xor/u32,100,14,0.6556003093719482
write_vk,noirky2-limb,xor/u32,500,0,0.667865514755249
write_vk,noirky2-limb,xor/u32,500,1,0.6673986911773682
write_vk,noirky2-limb,xor/u32,500,2,0.6723356246948242
write_vk,noirky2-limb,xor/u32,500,3,0.6709802150726318
write_vk,noirky2-limb,xor/u32,500,4,0.672154426574707
write_vk,noirky2-limb,xor/u32,500,5,0.6726446151733398
write_vk,noirky2-limb,xor/u32,500,6,0.6716628074645996
write_vk,noirky2-limb,xor/u32,500,7,0.670551061630249
write_vk,noirky2-limb,xor/u32,500,8,0.6783149242401123
write_vk,noirky2-limb,xor/u32,500,9,0.6765553951263428
write_vk,noirky2-limb,xor/u32,500,10,0.6764492988586426
write_vk,noirky2-limb,xor/u32,500,11,0.6992957592010498
write_vk,noirky2-limb,xor/u32,500,12,0.6835062503814697
write_vk,noirky2-limb,xor/u32,500,13,0.6715924739837646
write_vk,noirky2-limb,xor/u32,500,14,0.6716656684875488
write_vk,noirky2-limb,xor/u32,1000,0,0.6876983642578125
write_vk,noirky2-limb,xor/u32,1000,1,0.6801943778991699
write_vk,noirky2-limb,xor/u32,1000,2,0.688037633895874
write_vk,noirky2-limb,xor/u32,1000,3,0.6890730857849121
write_vk,noirky2-limb,xor/u32,1000,4,0.6941895484924316
write_vk,noirky2-limb,xor/u32,1000,5,0.6895549297332764
write_vk,noirky2-limb,xor/u32,1000,6,0.692345380783081
write_vk,noirky2-limb,xor/u32,1000,7,0.6935787200927734
write_vk,noirky2-limb,xor/u32,1000,8,0.6896212100982666
write_vk,noirky2-limb,xor/u32,1000,9,0.6947264671325684
write_vk,noirky2-limb,xor/u32,1000,10,0.6852912902832031
write_vk,noirky2-limb,xor/u32,1000,11,0.6951742172241211
write_vk,noirky2-limb,xor/u32,1000,12,0.6888210773468018
write_vk,noirky2-limb,xor/u32,1000,13,0.6869511604309082
write_vk,noirky2-limb,xor/u32,1000,14,0.6921660900115967
write_vk,noirky2-limb,xor/u32,2000,0,0.72409987449646
write_vk,noirky2-limb,xor/u32,2000,1,0.7232539653778076
write_vk,noirky2-limb,xor/u32,2000,2,0.7182035446166992
write_vk,noirky2-limb,xor/u32,2000,3,0.7222013473510742
write_vk,noirky2-limb,xor/u32,2000,4,0.7247467041015625
write_vk,noirky2-limb,xor/u32,2000,5,0.7282619476318359
write_vk,noirky2-limb,xor/u32,2000,6,0.7254331111907959
write_vk,noirky2-limb,xor/u32,2000,7,0.7263541221618652
write_vk,noirky2-limb,xor/u32,2000,8,0.7257223129272461
write_vk,noirky2-limb,xor/u32,2000,9,0.7228431701660156
write_vk,noirky2-limb,xor/u32,2000,10,0.7223010063171387
write_vk,noirky2-limb,xor/u32,2000,11,0.7274773120880127
write_vk,noirky2-limb,xor/u32,2000,12,0.7237439155578613
write_vk,noirky2-limb,xor/u32,2000,13,0.7246410846710205
write_vk,noirky2-limb,xor/u32,2000,14,0.7216780185699463
write_vk,noirky2-limb-nozk,xor/u32,100,0,0.14946484565734863
write_vk,noirky2-limb-nozk,xor/u32,100,1,0.1496443748474121
write_vk,noirky2-limb-nozk,xor/u32,100,2,0.15120482444763184
write_vk,noirky2-limb-nozk,xor/u32,100,3,0.15320229530334473
write_vk,noirky2-limb-nozk,xor/u32,100,4,0.15015864372253418
write_vk,noirky2-limb-nozk,xor/u32,100,5,0.15233087539672852
write_vk,noirky2-limb-nozk,xor/u32,100,6,0.15339922904968262
write_vk,noirky2-limb-nozk,xor/u32,100,7,0.15186715126037598
write_vk,noirky2-limb-nozk,xor/u32,100,8,0.1526193618774414
write_vk,noirky2-limb-nozk,xor/u32,100,9,0.15310454368591309
write_vk,noirky2-limb-nozk,xor/u32,100,10,0.15353798866271973
write_vk,noirky2-limb-nozk,xor/u32,100,11,0.15432405471801758
write_vk,noirky2-limb-nozk,xor/u32,100,12,0.15311074256896973
write_vk,noirky2-limb-nozk,xor/u32,100,13,0.15045881271362305
write_vk,noirky2-limb-nozk,xor/u32,100,14,0.15301012992858887
write_vk,noirky2-limb-nozk,xor/u32,500,0,0.1647493839263916
write_vk,noirky2-limb-nozk,xor/u32,500,1,0.16552948951721191
write_vk,noirky2-limb-nozk,xor/u32,500,2,0.1612110137939453
write_vk,noirky2-limb-nozk,xor/u32,500,3,0.1675708293914795
write_vk,noirky2-limb-nozk,xor/u32,500,4,0.16616010665893555
write_vk,noirky2-limb-nozk,xor/u32,500,5,0.1635293960571289
write_vk,noirky2-limb-nozk,xor/u32,500,6,0.16412973403930664
write_vk,noirky2-limb-nozk,xor/u32,500,7,0.16292786598205566
write_vk,noirky2-limb-nozk,xor/u32,500,8,0.16534709930419922
write_vk,noirky2-limb-nozk,xor/u32,500,9,0.16344261169433594
write_vk,noirky2-limb-nozk,xor/u32,500,10,0.1657259464263916
write_vk,noirky2-limb-nozk,xor/u32,500,11,0.16424107551574707
write_vk,noirky2-limb-nozk,xor/u32,500,12,0.16300582885742188
write_vk,noirky2-limb-nozk,xor/u32,500,13,0.16432595252990723
write_vk,noirky2-limb-nozk,xor/u32,500,14,0.16410613059997559
write_vk,noirky2-limb-nozk,xor/u32,1000,0,0.18071675300598145
write_vk,noirky2-limb-nozk,xor/u32,1000,1,0.17786121368408203
write_vk,noirky2-limb-nozk,xor/u32,1000,2,0.17720675468444824
write_vk,noirky2-limb-nozk,xor/u32,1000,3,0.17861342430114746
write_vk,noirky2-limb-nozk,xor/u32,1000,4,0.1811208724975586
write_vk,noirky2-limb-nozk,xor/u32,1000,5,0.18046283721923828
write_vk,noirky2-limb-nozk,xor/u32,1000,6,0.1792616844177246
write_vk,noirky2-limb-nozk,xor/u32,1000,7,0.1789991855621338
write_vk,noirky2-limb-nozk,xor/u32,1000,8,0.17842793464660645
write_vk,noirky2-limb-nozk,xor/u32,1000,9,0.17859888076782227
write_vk,noirky2-limb-nozk,xor/u32,1000,10,0.1791543960571289
write_vk,noirky2-limb-nozk,xor/u32,1000,11,0.17872118949890137
write_vk,noirky2-limb-nozk,xor/u32,1000,12,0.17953157424926758
write_vk,noirky2-limb-nozk,xor/u32,1000,13,0.1805400848388672
write_vk,noirky2-limb-nozk,xor/u32,1000,14,0.18005728721618652
write_vk,noirky2-limb-nozk,xor/u32,2000,0,0.3514697551727295
write_vk,noirky2-limb-nozk,xor/u32,2000,1,0.3540945053100586
write_vk,noirky2-limb-nozk,xor/u32,2000,2,0.34983205795288086
write_vk,noirky2-limb-nozk,xor/u32,2000,3,0.3517887592315674
write_vk,noirky2-limb-nozk,xor/u32,2000,4,0.3495979309082031
write_vk,noirky2-limb-nozk,xor/u32,2000,5,0.3503401279449463
write_vk,noirky2-limb-nozk,xor/u32,2000,6,0.3490161895751953
write_vk,noirky2-limb-nozk,xor/u32,2000,7,0.3518218994140625
write_vk,noirky2-limb-nozk,xor/u32,2000,8,0.3505420684814453
write_vk,noirky2-limb-nozk,xor/u32,2000,9,0.3539731502532959
write_vk,noirky2-limb-nozk,xor/u32,2000,10,0.35100460052490234
write_vk,noirky2-limb-nozk,xor/u32,2000,11,0.3512413501739502
write_vk,noirky2-limb-nozk,xor/u32,2000,12,0.35352468490600586
write_vk,noirky2-limb-nozk,xor/u32,2000,13,0.3490939140319824
write_vk,noirky2-limb-nozk,xor/u32,2000,14,0.3486504554748535
verify,noirky2-bits,assert_zero,100,0,0.005732059478759766
verify,noirky2-bits,assert_zero,100,1,0.005620718002319336
verify,noirky2-bits,assert_zero,100,2,0.005508899688720703
verify,noirky2-bits,assert_zero,100,3,0.0053446292877197266
verify,noirky2-bits,assert_zero,100,4,0.005399942398071289
verify,noirky2-bits,assert_zero,100,5,0.005331993103027344
verify,noirky2-bits,assert_zero,100,6,0.005532264709472656
verify,noirky2-bits,assert_zero,100,7,0.005470752716064453
verify,noirky2-bits,assert_zero,100,8,0.0054247379302978516
verify,noirky2-bits,assert_zero,100,9,0.005441904067993164
verify,noirky2-bits,assert_zero,100,10,0.005316734313964844
verify,noirky2-bits,assert_zero,100,11,0.005471706390380859
verify,noirky2-bits,assert_zero,100,12,0.005505561828613281
verify,noirky2-bits,assert_zero,100,13,0.0053250789642333984
verify,noirky2-bits,assert_zero,100,14,0.0052187442779541016
verify,noirky2-bits,assert_zero,1000,0,0.0051233768463134766
verify,noirky2-bits,assert_zero,1000,1,0.0052607059478759766
verify,noirky2-bits,assert_zero,1000,2,0.005182981491088867
verify,noirky2-bits,assert_zero,1000,3,0.005217790603637695
verify,noirky2-bits,assert_zero,1000,4,0.005183219909667969
verify,noirky2-bits,assert_zero,1000,5,0.0053102970123291016
verify,noirky2-bits,assert_zero,1000,6,0.005139589309692383
verify,noirky2-bits,assert_zero,1000,7,0.005220890045166016
verify,noirky2-bits,assert_zero,1000,8,0.0051991939544677734
verify,noirky2-bits,assert_zero,1000,9,0.005116462707519531
verify,noirky2-bits,assert_zero,1000,10,0.004944324493408203
verify,noirky2-bits,assert_zero,1000,11,0.005033016204833984
verify,noirky2-bits,assert_zero,1000,12,0.0049245357513427734
verify,noirky2-bits,assert_zero,1000,13,0.0051538944244384766
verify,noirky2-bits,assert_zero,1000,14,0.005031585693359375
verify,noirky2-bits,assert_zero,10000,0,0.0051059722900390625
verify,noirky2-bits,assert_zero,10000,1,0.005021333694458008
verify,noirky2-bits,assert_zero,10000,2,0.005329608917236328
verify,noirky2-bits,assert_zero,10000,3,0.004988431930541992
verify,noirky2-bits,assert_zero,10000,4,0.005017757415771484
verify,noirky2-bits,assert_zero,10000,5,0.0053253173828125
verify,noirky2-bits,assert_zero,10000,6,0.005006551742553711
verify,noirky2-bits,assert_zero,10000,7,0.005033969879150391
verify,noirky2-bits,assert_zero,10000,8,0.00485992431640625
verify,noirky2-bits,assert_zero,10000,9,0.005011796951293945
verify,noirky2-bits,assert_zero,10000,10,0.004956483840942383
verify,noirky2-bits,assert_zero,10000,11,0.004985332489013672
verify,noirky2-bits,assert_zero,10000,12,0.004971742630004883
verify,noirky2-bits,assert_zero,10000,13,0.005213737487792969
verify,noirky2-bits,assert_zero,10000,14,0.005079984664916992
verify,noirky2-bits,assert_zero,100000,0,0.005074977874755859
verify,noirky2-bits,assert_zero,100000,1,0.0055828094482421875
verify,noirky2-bits,assert_zero,100000,2,0.005462646484375
verify,noirky2-bits,assert_zero,100000,3,0.005449771881103516
verify,noirky2-bits,assert_zero,100000,4,0.005408525466918945
verify,noirky2-bits,assert_zero,100000,5,0.005278587341308594
verify,noirky2-bits,assert_zero,100000,6,0.005124807357788086
verify,noirky2-bits,assert_zero,100000,7,0.004978179931640625
verify,noirky2-bits,assert_zero,100000,8,0.005101680755615234
verify,noirky2-bits,assert_zero,100000,9,0.005113363265991211
verify,noirky2-bits,assert_zero,100000,10,0.005121946334838867
verify,noirky2-bits,assert_zero,100000,11,0.004988908767700195
verify,noirky2-bits,assert_zero,100000,12,0.005103588104248047
verify,noirky2-bits,assert_zero,100000,13,0.005013465881347656
verify,noirky2-bits,assert_zero,100000,14,0.005053997039794922
verify,noirky2-bits,assert_zero,1000000,0,0.005898714065551758
verify,noirky2-bits,assert_zero,1000000,1,0.0059413909912109375
verify,noirky2-bits,assert_zero,1000000,2,0.00586247444152832
verify,noirky2-bits,assert_zero,1000000,3,0.006788969039916992
verify,noirky2-bits,assert_zero,1000000,4,0.006000995635986328
verify,noirky2-bits,assert_zero,1000000,5,0.005896091461181641
verify,noirky2-bits,assert_zero,1000000,6,0.006077289581298828
verify,noirky2-bits,assert_zero,1000000,7,0.005964756011962891
verify,noirky2-bits,assert_zero,1000000,8,0.006561279296875
verify,noirky2-bits,assert_zero,1000000,9,0.0061948299407958984
verify,noirky2-bits,assert_zero,1000000,10,0.005921363830566406
verify,noirky2-bits,assert_zero,1000000,11,0.00587153434753418
verify,noirky2-bits,assert_zero,1000000,12,0.006018877029418945
verify,noirky2-bits,assert_zero,1000000,13,0.0058193206787109375
verify,noirky2-bits,assert_zero,1000000,14,0.005889892578125
verify,noirky2-bits-nozk,assert_zero,100,0,0.0024383068084716797
verify,noirky2-bits-nozk,assert_zero,100,1,0.002207040786743164
verify,noirky2-bits-nozk,assert_zero,100,2,0.002079010009765625
verify,noirky2-bits-nozk,assert_zero,100,3,0.002141237258911133
verify,noirky2-bits-nozk,assert_zero,100,4,0.0019559860229492188
verify,noirky2-bits-nozk,assert_zero,100,5,0.002164125442504883
verify,noirky2-bits-nozk,assert_zero,100,6,0.0020804405212402344
verify,noirky2-bits-nozk,assert_zero,100,7,0.0020623207092285156
verify,noirky2-bits-nozk,assert_zero,100,8,0.0019118785858154297
verify,noirky2-bits-nozk,assert_zero,100,9,0.002071857452392578
verify,noirky2-bits-nozk,assert_zero,100,10,0.0020465850830078125
verify,noirky2-bits-nozk,assert_zero,100,11,0.0021605491638183594
verify,noirky2-bits-nozk,assert_zero,100,12,0.002166271209716797
verify,noirky2-bits-nozk,assert_zero,100,13,0.0022361278533935547
verify,noirky2-bits-nozk,assert_zero,100,14,0.0019314289093017578
verify,noirky2-bits-nozk,assert_zero,1000,0,0.00799417495727539
verify,noirky2-bits-nozk,assert_zero,1000,1,0.003481149673461914
verify,noirky2-bits-nozk,assert_zero,1000,2,0.003881216049194336
verify,noirky2-bits-nozk,assert_zero,1000,3,0.003443002700805664
verify,noirky2-bits-nozk,assert_zero,1000,4,0.0039556026458740234
verify,noirky2-bits-nozk,assert_zero,1000,5,0.004442453384399414
verify,noirky2-bits-nozk,assert_zero,1000,6,0.00576472282409668
verify,noirky2-bits-nozk,assert_zero,1000,7,0.0066204071044921875
verify,noirky2-bits-nozk,assert_zero,1000,8,0.005825042724609375
verify,noirky2-bits-nozk,assert_zero,1000,9,0.006052732467651367
verify,noirky2-bits-nozk,assert_zero,1000,10,0.005646944046020508
verify,noirky2-bits-nozk,assert_zero,1000,11,0.005448341369628906
verify,noirky2-bits-nozk,assert_zero,1000,12,0.004482746124267578
verify,noirky2-bits-nozk,assert_zero,1000,13,0.004469633102416992
verify,noirky2-bits-nozk,assert_zero,1000,14,0.004308462142944336
verify,noirky2-bits-nozk,assert_zero,10000,0,0.005318641662597656
verify,noirky2-bits-nozk,assert_zero,10000,1,0.005269527435302734
verify,noirky2-bits-nozk,assert_zero,10000,2,0.005232810974121094
verify,noirky2-bits-nozk,assert_zero,10000,3,0.00466609001159668
verify,noirky2-bits-nozk,assert_zero,10000,4,0.004305362701416016
verify,noirky2-bits-nozk,assert_zero,10000,5,0.0042302608489990234
verify,noirky2-bits-nozk,assert_zero,10000,6,0.003913402557373047
verify,noirky2-bits-nozk,assert_zero,10000,7,0.0040950775146484375
verify,noirky2-bits-nozk,assert_zero,10000,8,0.004012346267700195
verify,noirky2-bits-nozk,assert_zero,10000,9,0.0038263797760009766
verify,noirky2-bits-nozk,assert_zero,10000,10,0.003709554672241211
verify,noirky2-bits-nozk,assert_zero,10000,11,0.0037109851837158203
verify,noirky2-bits-nozk,assert_zero,10000,12,0.0036232471466064453
verify,noirky2-bits-nozk,assert_zero,10000,13,0.0037441253662109375
verify,noirky2-bits-nozk,assert_zero,10000,14,0.003767728805541992
verify,noirky2-bits-nozk,assert_zero,100000,0,0.0045201778411865234
verify,noirky2-bits-nozk,assert_zero,100000,1,0.004683256149291992
verify,noirky2-bits-nozk,assert_zero,100000,2,0.005006313323974609
verify,noirky2-bits-nozk,assert_zero,100000,3,0.004828453063964844
verify,noirky2-bits-nozk,assert_zero,100000,4,0.0048351287841796875
verify,noirky2-bits-nozk,assert_zero,100000,5,0.005126476287841797
verify,noirky2-bits-nozk,assert_zero,100000,6,0.0068056583404541016
verify,noirky2-bits-nozk,assert_zero,100000,7,0.0065460205078125
verify,noirky2-bits-nozk,assert_zero,100000,8,0.0064122676849365234
verify,noirky2-bits-nozk,assert_zero,100000,9,0.005454540252685547
verify,noirky2-bits-nozk,assert_zero,100000,10,0.005354881286621094
verify,noirky2-bits-nozk,assert_zero,100000,11,0.005059957504272461
verify,noirky2-bits-nozk,assert_zero,100000,12,0.0048906803131103516
verify,noirky2-bits-nozk,assert_zero,100000,13,0.005051374435424805
verify,noirky2-bits-nozk,assert_zero,100000,14,0.005582571029663086
verify,noirky2-bits-nozk,assert_zero,1000000,0,0.005758762359619141
verify,noirky2-bits-nozk,assert_zero,1000000,1,0.00695037841796875
verify,noirky2-bits-nozk,assert_zero,1000000,2,0.0058748722076416016
verify,noirky2-bits-nozk,assert_zero,1000000,3,0.006123781204223633
verify,noirky2-bits-nozk,assert_zero,1000000,4,0.00545501708984375
verify,noirky2-bits-nozk,assert_zero,1000000,5,0.005837440490722656
verify,noirky2-bits-nozk,assert_zero,1000000,6,0.00527191162109375
verify,noirky2-bits-nozk,assert_zero,1000000,7,0.005700111389160156
verify,noirky2-bits-nozk,assert_zero,1000000,8,0.005652427673339844
verify,noirky2-bits-nozk,assert_zero,1000000,9,0.00574493408203125
verify,noirky2-bits-nozk,assert_zero,1000000,10,0.0055730342864990234
verify,noirky2-bits-nozk,assert_zero,1000000,11,0.005529165267944336
verify,noirky2-bits-nozk,assert_zero,1000000,12,0.005382537841796875
verify,noirky2-bits-nozk,assert_zero,1000000,13,0.005506277084350586
verify,noirky2-bits-nozk,assert_zero,1000000,14,0.005828857421875
verify,bb,assert_zero,100,0,0.03092360496520996
verify,bb,assert_zero,100,1,0.02536630630493164
verify,bb,assert_zero,100,2,0.025480270385742188
verify,bb,assert_zero,100,3,0.025451183319091797
verify,bb,assert_zero,100,4,0.02525925636291504
verify,bb,assert_zero,100,5,0.025593042373657227
verify,bb,assert_zero,100,6,0.02614426612854004
verify,bb,assert_zero,100,7,0.025289058685302734
verify,bb,assert_zero,100,8,0.025320053100585938
verify,bb,assert_zero,100,9,0.02572345733642578
verify,bb,assert_zero,100,10,0.025201082229614258
verify,bb,assert_zero,100,11,0.025356292724609375
verify,bb,assert_zero,100,12,0.02528524398803711
verify,bb,assert_zero,100,13,0.025405168533325195
verify,bb,assert_zero,100,14,0.025394201278686523
verify,bb,assert_zero,1000,0,0.025333642959594727
verify,bb,assert_zero,1000,1,0.02540874481201172
verify,bb,assert_zero,1000,2,0.025249719619750977
verify,bb,assert_zero,1000,3,0.025516033172607422
verify,bb,assert_zero,1000,4,0.025021076202392578
verify,bb,assert_zero,1000,5,0.02543044090270996
verify,bb,assert_zero,1000,6,0.025692224502563477
verify,bb,assert_zero,1000,7,0.02551102638244629
verify,bb,assert_zero,1000,8,0.025270938873291016
verify,bb,assert_zero,1000,9,0.025589942932128906
verify,bb,assert_zero,1000,10,0.025290966033935547
verify,bb,assert_zero,1000,11,0.025994300842285156
verify,bb,assert_zero,1000,12,0.026019811630249023
verify,bb,assert_zero,1000,13,0.025668621063232422
verify,bb,assert_zero,1000,14,0.025272369384765625
verify,bb,assert_zero,10000,0,0.025338172912597656
verify,bb,assert_zero,10000,1,0.025099992752075195
verify,bb,assert_zero,10000,2,0.02555704116821289
verify,bb,assert_zero,10000,3,0.025501012802124023
verify,bb,assert_zero,10000,4,0.025243043899536133
verify,bb,assert_zero,10000,5,0.025527000427246094
verify,bb,assert_zero,10000,6,0.025630712509155273
verify,bb,assert_zero,10000,7,0.02561187744140625
verify,bb,assert_zero,10000,8,0.02595996856689453
verify,bb,assert_zero,10000,9,0.025602340698242188
verify,bb,assert_zero,10000,10,0.02545309066772461
verify,bb,assert_zero,10000,11,0.025286197662353516
verify,bb,assert_zero,10000,12,0.02526378631591797
verify,bb,assert_zero,10000,13,0.025396108627319336
verify,bb,assert_zero,10000,14,0.02563929557800293
verify,bb,assert_zero,100000,0,0.026130199432373047
verify,bb,assert_zero,100000,1,0.025461196899414062
verify,bb,assert_zero,100000,2,0.025725126266479492
verify,bb,assert_zero,100000,3,0.025752782821655273
verify,bb,assert_zero,100000,4,0.025871753692626953
verify,bb,assert_zero,100000,5,0.025611400604248047
verify,bb,assert_zero,100000,6,0.025885581970214844
verify,bb,assert_zero,100000,7,0.025396347045898438
verify,bb,assert_zero,100000,8,0.02524852752685547
verify,bb,assert_zero,100000,9,0.025427818298339844
verify,bb,assert_zero,100000,10,0.025548934936523438
verify,bb,assert_zero,100000,11,0.025370359420776367
verify,bb,assert_zero,100000,12,0.02582383155822754
verify,bb,assert_zero,100000,13,0.02581644058227539
verify,bb,assert_zero,100000,14,0.02572917938232422
verify,bb,assert_zero,1000000,0,0.02558732032775879
verify,bb,assert_zero,1000000,1,0.02556896209716797
verify,bb,assert_zero,1000000,2,0.025619029998779297
verify,bb,assert_zero,1000000,3,0.02561640739440918
verify,bb,assert_zero,1000000,4,0.02550053596496582
verify,bb,assert_zero,1000000,5,0.025426149368286133
verify,bb,assert_zero,1000000,6,0.02576303482055664
verify,bb,assert_zero,1000000,7,0.02537846565246582
verify,bb,assert_zero,1000000,8,0.025542497634887695
verify,bb,assert_zero,1000000,9,0.025701045989990234
verify,bb,assert_zero,1000000,10,0.02521347999572754
verify,bb,assert_zero,1000000,11,0.02516031265258789
verify,bb,assert_zero,1000000,12,0.025495529174804688
verify,bb,assert_zero,1000000,13,0.025571107864379883
verify,bb,assert_zero,1000000,14,0.025829076766967773
verify,noirky2-bits,memory,100,0,0.0047991275787353516
verify,noirky2-bits,memory,100,1,0.004652976989746094
verify,noirky2-bits,memory,100,2,0.0047550201416015625
verify,noirky2-bits,memory,100,3,0.004680156707763672
verify,noirky2-bits,memory,100,4,0.0048868656158447266
verify,noirky2-bits,memory,100,5,0.006109476089477539
verify,noirky2-bits,memory,100,6,0.008375167846679688
verify,noirky2-bits,memory,100,7,0.006817817687988281
verify,noirky2-bits,memory,100,8,0.0069582462310791016
verify,noirky2-bits,memory,100,9,0.006103515625
verify,noirky2-bits,memory,100,10,0.006118059158325195
verify,noirky2-bits,memory,100,11,0.005295991897583008
verify,noirky2-bits,memory,100,12,0.005366325378417969
verify,noirky2-bits,memory,100,13,0.004759788513183594
verify,noirky2-bits,memory,100,14,0.005038022994995117
verify,noirky2-bits,memory,200,0,0.004719734191894531
verify,noirky2-bits,memory,200,1,0.004483461380004883
verify,noirky2-bits,memory,200,2,0.005045890808105469
verify,noirky2-bits,memory,200,3,0.004875659942626953
verify,noirky2-bits,memory,200,4,0.004801750183105469
verify,noirky2-bits,memory,200,5,0.0051076412200927734
verify,noirky2-bits,memory,200,6,0.005831003189086914
verify,noirky2-bits,memory,200,7,0.005042314529418945
verify,noirky2-bits,memory,200,8,0.005690574645996094
verify,noirky2-bits,memory,200,9,0.004784822463989258
verify,noirky2-bits,memory,200,10,0.004851579666137695
verify,noirky2-bits,memory,200,11,0.0048520565032958984
verify,noirky2-bits,memory,200,12,0.005933523178100586
verify,noirky2-bits,memory,200,13,0.004681587219238281
verify,noirky2-bits,memory,200,14,0.004884243011474609
verify,noirky2-bits,memory,300,0,0.004950046539306641
verify,noirky2-bits,memory,300,1,0.004869222640991211
verify,noirky2-bits,memory,300,2,0.0047986507415771484
verify,noirky2-bits,memory,300,3,0.0049359798431396484
verify,noirky2-bits,memory,300,4,0.00495600700378418
verify,noirky2-bits,memory,300,5,0.004955768585205078
verify,noirky2-bits,memory,300,6,0.004996299743652344
verify,noirky2-bits,memory,300,7,0.004863262176513672
verify,noirky2-bits,memory,300,8,0.004804849624633789
verify,noirky2-bits,memory,300,9,0.0049626827239990234
verify,noirky2-bits,memory,300,10,0.004935026168823242
verify,noirky2-bits,memory,300,11,0.005416154861450195
verify,noirky2-bits,memory,300,12,0.005013465881347656
verify,noirky2-bits,memory,300,13,0.004853248596191406
verify,noirky2-bits,memory,300,14,0.005047798156738281
verify,noirky2-bits,memory,400,0,0.005056142807006836
verify,noirky2-bits,memory,400,1,0.005123138427734375
verify,noirky2-bits,memory,400,2,0.00494694709777832
verify,noirky2-bits,memory,400,3,0.004763364791870117
verify,noirky2-bits,memory,400,4,0.004960775375366211
verify,noirky2-bits,memory,400,5,0.004883527755737305
verify,noirky2-bits,memory,400,6,0.0052623748779296875
verify,noirky2-bits,memory,400,7,0.005171060562133789
verify,noirky2-bits,memory,400,8,0.004966259002685547
verify,noirky2-bits,memory,400,9,0.004975318908691406
verify,noirky2-bits,memory,400,10,0.0047686100006103516
verify,noirky2-bits,memory,400,11,0.005101919174194336
verify,noirky2-bits,memory,400,12,0.005071401596069336
verify,noirky2-bits,memory,400,13,0.0051000118255615234
verify,noirky2-bits,memory,400,14,0.005801677703857422
verify,noirky2-bits,memory,500,0,0.0060422420501708984
verify,noirky2-bits,memory,500,1,0.00723576545715332
verify,noirky2-bits,memory,500,2,0.006352901458740234
verify,noirky2-bits,memory,500,3,0.008788585662841797
verify,noirky2-bits,memory,500,4,0.006331920623779297
verify,noirky2-bits,memory,500,5,0.005918741226196289
verify,noirky2-bits,memory,500,6,0.008502006530761719
verify,noirky2-bits,memory,500,7,0.009020090103149414
verify,noirky2-bits,memory,500,8,0.007284879684448242
verify,noirky2-bits,memory,500,9,0.007981061935424805
verify,noirky2-bits,memory,500,10,0.006151676177978516
verify,noirky2-bits,memory,500,11,0.006548404693603516
verify,noirky2-bits,memory,500,12,0.005510091781616211
verify,noirky2-bits,memory,500,13,0.0057566165924072266
verify,noirky2-bits,memory,500,14,0.0055370330810546875
verify,noirky2-bits-nozk,memory,100,0,0.004067182540893555
verify,noirky2-bits-nozk,memory,100,1,0.0037178993225097656
verify,noirky2-bits-nozk,memory,100,2,0.004075288772583008
verify,noirky2-bits-nozk,memory,100,3,0.0040531158447265625
verify,noirky2-bits-nozk,memory,100,4,0.004957437515258789
verify,noirky2-bits-nozk,memory,100,5,0.005607128143310547
verify,noirky2-bits-nozk,memory,100,6,0.004736185073852539
verify,noirky2-bits-nozk,memory,100,7,0.005172014236450195
verify,noirky2-bits-nozk,memory,100,8,0.003954887390136719
verify,noirky2-bits-nozk,memory,100,9,0.003981351852416992
verify,noirky2-bits-nozk,memory,100,10,0.003823518753051758
verify,noirky2-bits-nozk,memory,100,11,0.004194498062133789
verify,noirky2-bits-nozk,memory,100,12,0.003795146942138672
verify,noirky2-bits-nozk,memory,100,13,0.00400543212890625
verify,noirky2-bits-nozk,memory,100,14,0.0037131309509277344
verify,noirky2-bits-nozk,memory,200,0,0.004769563674926758
verify,noirky2-bits-nozk,memory,200,1,0.004582643508911133
verify,noirky2-bits-nozk,memory,200,2,0.004401445388793945
verify,noirky2-bits-nozk,memory,200,3,0.004676103591918945
verify,noirky2-bits-nozk,memory,200,4,0.004620075225830078
verify,noirky2-bits-nozk,memory,200,5,0.004636287689208984
verify,noirky2-bits-nozk,memory,200,6,0.004601240158081055
verify,noirky2-bits-nozk,memory,200,7,0.004681825637817383
verify,noirky2-bits-nozk,memory,200,8,0.0046808719635009766
verify,noirky2-bits-nozk,memory,200,9,0.004663228988647461
verify,noirky2-bits-nozk,memory,200,10,0.004775285720825195
verify,noirky2-bits-nozk,memory,200,11,0.004392147064208984
verify,noirky2-bits-nozk,memory,200,12,0.00473785400390625
verify,noirky2-bits-nozk,memory,200,13,0.0043909549713134766
verify,noirky2-bits-nozk,memory,200,14,0.0051727294921875
verify,noirky2-bits-nozk,memory,300,0,0.005020618438720703
verify,noirky2-bits-nozk,memory,300,1,0.0045011043548583984
verify,noirky2-bits-nozk,memory,300,2,0.004823446273803711
verify,noirky2-bits-nozk,memory,300,3,0.004589080810546875
verify,noirky2-bits-nozk,memory,300,4,0.004616498947143555
verify,noirky2-bits-nozk,memory,300,5,0.0048372745513916016
verify,noirky2-bits-nozk,memory,300,6,0.005247592926025391
verify,noirky2-bits-nozk,memory,300,7,0.004967689514160156
verify,noirky2-bits-nozk,memory,300,8,0.004819154739379883
verify,noirky2-bits-nozk,memory,300,9,0.004740476608276367
verify,noirky2-bits-nozk,memory,300,10,0.004693269729614258
verify,noirky2-bits-nozk,memory,300,11,0.0047991275787353516
verify,noirky2-bits-nozk,memory,300,12,0.0048482418060302734
verify,noirky2-bits-nozk,memory,300,13,0.00498509407043457
verify,noirky2-bits-nozk,memory,300,14,0.0046694278717041016
verify,noirky2-bits-nozk,memory,400,0,0.0050694942474365234
verify,noirky2-bits-nozk,memory,400,1,0.004877567291259766
verify,noirky2-bits-nozk,memory,400,2,0.004910945892333984
verify,noirky2-bits-nozk,memory,400,3,0.0050356388092041016
verify,noirky2-bits-nozk,memory,400,4,0.00510096549987793
verify,noirky2-bits-nozk,memory,400,5,0.0047228336334228516
verify,noirky2-bits-nozk,memory,400,6,0.00517725944519043
verify,noirky2-bits-nozk,memory,400,7,0.004736900329589844
verify,noirky2-bits-nozk,memory,400,8,0.004944324493408203
verify,noirky2-bits-nozk,memory,400,9,0.004889488220214844
verify,noirky2-bits-nozk,memory,400,10,0.005036592483520508
verify,noirky2-bits-nozk,memory,400,11,0.004900455474853516
verify,noirky2-bits-nozk,memory,400,12,0.0051081180572509766
verify,noirky2-bits-nozk,memory,400,13,0.004722118377685547
verify,noirky2-bits-nozk,memory,400,14,0.004935741424560547
verify,noirky2-bits-nozk,memory,500,0,0.005721092224121094
verify,noirky2-bits-nozk,memory,500,1,0.0056078433990478516
verify,noirky2-bits-nozk,memory,500,2,0.0057108402252197266
verify,noirky2-bits-nozk,memory,500,3,0.0054852962493896484
verify,noirky2-bits-nozk,memory,500,4,0.005610227584838867
verify,noirky2-bits-nozk,memory,500,5,0.005681276321411133
verify,noirky2-bits-nozk,memory,500,6,0.0058650970458984375
verify,noirky2-bits-nozk,memory,500,7,0.0060100555419921875
verify,noirky2-bits-nozk,memory,500,8,0.005744457244873047
verify,noirky2-bits-nozk,memory,500,9,0.0052776336669921875
verify,noirky2-bits-nozk,memory,500,10,0.005742788314819336
verify,noirky2-bits-nozk,memory,500,11,0.005751132965087891
verify,noirky2-bits-nozk,memory,500,12,0.0058269500732421875
verify,noirky2-bits-nozk,memory,500,13,0.005509138107299805
verify,noirky2-bits-nozk,memory,500,14,0.005612373352050781
verify,bb,memory,100,0,0.024765491485595703
verify,bb,memory,100,1,0.025002241134643555
verify,bb,memory,100,2,0.02518939971923828
verify,bb,memory,100,3,0.025119781494140625
verify,bb,memory,100,4,0.025365591049194336
verify,bb,memory,100,5,0.025275468826293945
verify,bb,memory,100,6,0.025476932525634766
verify,bb,memory,100,7,0.02527761459350586
verify,bb,memory,100,8,0.02495265007019043
verify,bb,memory,100,9,0.025046110153198242
verify,bb,memory,100,10,0.02530956268310547
verify,bb,memory,100,11,0.025775671005249023
verify,bb,memory,100,12,0.02523660659790039
verify,bb,memory,100,13,0.024936437606811523
verify,bb,memory,100,14,0.025477886199951172
verify,bb,memory,200,0,0.0261995792388916
verify,bb,memory,200,1,0.025107622146606445
verify,bb,memory,200,2,0.02574610710144043
verify,bb,memory,200,3,0.024799108505249023
verify,bb,memory,200,4,0.025008440017700195
verify,bb,memory,200,5,0.025188922882080078
verify,bb,memory,200,6,0.02560710906982422
verify,bb,memory,200,7,0.02545905113220215
verify,bb,memory,200,8,0.025104045867919922
verify,bb,memory,200,9,0.025474071502685547
verify,bb,memory,200,10,0.0255584716796875
verify,bb,memory,200,11,0.025539636611938477
verify,bb,memory,200,12,0.025525569915771484
verify,bb,memory,200,13,0.025296926498413086
verify,bb,memory,200,14,0.02513289451599121
verify,bb,memory,300,0,0.025143861770629883
verify,bb,memory,300,1,0.02573561668395996
verify,bb,memory,300,2,0.025263071060180664
verify,bb,memory,300,3,0.02546858787536621
verify,bb,memory,300,4,0.025287151336669922
verify,bb,memory,300,5,0.025324106216430664
verify,bb,memory,300,6,0.025156497955322266
verify,bb,memory,300,7,0.025285005569458008
verify,bb,memory,300,8,0.025344371795654297
verify,bb,memory,300,9,0.025626659393310547
verify,bb,memory,300,10,0.025304079055786133
verify,bb,memory,300,11,0.025310754776000977
verify,bb,memory,300,12,0.025355815887451172
verify,bb,memory,300,13,0.025379657745361328
verify,bb,memory,300,14,0.025543212890625
verify,bb,memory,400,0,0.02524852752685547
verify,bb,memory,400,1,0.025075435638427734
verify,bb,memory,400,2,0.02514052391052246
verify,bb,memory,400,3,0.025257349014282227
verify,bb,memory,400,4,0.025896310806274414
verify,bb,memory,400,5,0.025496482849121094
verify,bb,memory,400,6,0.025378942489624023
verify,bb,memory,400,7,0.025256872177124023
verify,bb,memory,400,8,0.02516937255859375
verify,bb,memory,400,9,0.02588033676147461
verify,bb,memory,400,10,0.025402069091796875
verify,bb,memory,400,11,0.025296449661254883
verify,bb,memory,400,12,0.025209903717041016
verify,bb,memory,400,13,0.025439023971557617
verify,bb,memory,400,14,0.025763750076293945
verify,bb,memory,500,0,0.025565624237060547
verify,bb,memory,500,1,0.02550482749938965
verify,bb,memory,500,2,0.025150775909423828
verify,bb,memory,500,3,0.02541518211364746
verify,bb,memory,500,4,0.02554488182067871
verify,bb,memory,500,5,0.02590155601501465
verify,bb,memory,500,6,0.02559041976928711
verify,bb,memory,500,7,0.025694847106933594
verify,bb,memory,500,8,0.025861263275146484
verify,bb,memory,500,9,0.02507615089416504
verify,bb,memory,500,10,0.025584697723388672
verify,bb,memory,500,11,0.02531909942626953
verify,bb,memory,500,12,0.025446414947509766
verify,bb,memory,500,13,0.025363445281982422
verify,bb,memory,500,14,0.02544426918029785
verify,noirky2-bits,range/u8,100,0,0.0049266815185546875
verify,noirky2-bits,range/u8,100,1,0.004848003387451172
verify,noirky2-bits,range/u8,100,2,0.004653453826904297
verify,noirky2-bits,range/u8,100,3,0.0045397281646728516
verify,noirky2-bits,range/u8,100,4,0.004592180252075195
verify,noirky2-bits,range/u8,100,5,0.004441499710083008
verify,noirky2-bits,range/u8,100,6,0.004681587219238281
verify,noirky2-bits,range/u8,100,7,0.004544258117675781
verify,noirky2-bits,range/u8,100,8,0.00464630126953125
verify,noirky2-bits,range/u8,100,9,0.004622220993041992
verify,noirky2-bits,range/u8,100,10,0.00464630126953125
verify,noirky2-bits,range/u8,100,11,0.004497051239013672
verify,noirky2-bits,range/u8,100,12,0.004373073577880859
verify,noirky2-bits,range/u8,100,13,0.004701375961303711
verify,noirky2-bits,range/u8,100,14,0.004619598388671875
verify,noirky2-bits,range/u8,500,0,0.008983612060546875
verify,noirky2-bits,range/u8,500,1,0.005303144454956055
verify,noirky2-bits,range/u8,500,2,0.00453495979309082
verify,noirky2-bits,range/u8,500,3,0.004966259002685547
verify,noirky2-bits,range/u8,500,4,0.0044765472412109375
verify,noirky2-bits,range/u8,500,5,0.00466156005859375
verify,noirky2-bits,range/u8,500,6,0.00457000732421875
verify,noirky2-bits,range/u8,500,7,0.004525899887084961
verify,noirky2-bits,range/u8,500,8,0.004529476165771484
verify,noirky2-bits,range/u8,500,9,0.0043985843658447266
verify,noirky2-bits,range/u8,500,10,0.004498958587646484
verify,noirky2-bits,range/u8,500,11,0.004668474197387695
verify,noirky2-bits,range/u8,500,12,0.004569053649902344
verify,noirky2-bits,range/u8,500,13,0.0044536590576171875
verify,noirky2-bits,range/u8,500,14,0.004559040069580078
verify,noirky2-bits,range/u8,1000,0,0.004379749298095703
verify,noirky2-bits,range/u8,1000,1,0.004358768463134766
verify,noirky2-bits,range/u8,1000,2,0.004525423049926758
verify,noirky2-bits,range/u8,1000,3,0.004379749298095703
verify,noirky2-bits,range/u8,1000,4,0.0047261714935302734
verify,noirky2-bits,range/u8,1000,5,0.004472970962524414
verify,noirky2-bits,range/u8,1000,6,0.004535198211669922
verify,noirky2-bits,range/u8,1000,7,0.004485368728637695
verify,noirky2-bits,range/u8,1000,8,0.004793643951416016
verify,noirky2-bits,range/u8,1000,9,0.0045833587646484375
verify,noirky2-bits,range/u8,1000,10,0.004503726959228516
verify,noirky2-bits,range/u8,1000,11,0.004447460174560547
verify,noirky2-bits,range/u8,1000,12,0.004466533660888672
verify,noirky2-bits,range/u8,1000,13,0.0046215057373046875
verify,noirky2-bits,range/u8,1000,14,0.004617214202880859
verify,noirky2-bits,range/u8,2000,0,0.004584074020385742
verify,noirky2-bits,range/u8,2000,1,0.004687070846557617
verify,noirky2-bits,range/u8,2000,2,0.0045969486236572266
verify,noirky2-bits,range/u8,2000,3,0.004443645477294922
verify,noirky2-bits,range/u8,2000,4,0.004609584808349609
verify,noirky2-bits,range/u8,2000,5,0.004488945007324219
verify,noirky2-bits,range/u8,2000,6,0.004614114761352539
verify,noirky2-bits,range/u8,2000,7,0.004688739776611328
verify,noirky2-bits,range/u8,2000,8,0.004728078842163086
verify,noirky2-bits,range/u8,2000,9,0.004578351974487305
verify,noirky2-bits,range/u8,2000,10,0.004706621170043945
verify,noirky2-bits,range/u8,2000,11,0.004451751708984375
verify,noirky2-bits,range/u8,2000,12,0.004806041717529297
verify,noirky2-bits,range/u8,2000,13,0.004754304885864258
verify,noirky2-bits,range/u8,2000,14,0.004459857940673828
verify,noirky2-bits-nozk,range/u8,100,0,0.003101348876953125
verify,noirky2-bits-nozk,range/u8,100,1,0.002600431442260742
verify,noirky2-bits-nozk,range/u8,100,2,0.0027718544006347656
verify,noirky2-bits-nozk,range/u8,100,3,0.002638101577758789
verify,noirky2-bits-nozk,range/u8,100,4,0.0025250911712646484
verify,noirky2-bits-nozk,range/u8,100,5,0.0026950836181640625
verify,noirky2-bits-nozk,range/u8,100,6,0.002713441848754883
verify,noirky2-bits-nozk,range/u8,100,7,0.002520322799682617
verify,noirky2-bits-nozk,range/u8,100,8,0.0027887821197509766
verify,noirky2-bits-nozk,range/u8,100,9,0.00270843505859375
verify,noirky2-bits-nozk,range/u8,100,10,0.002917766571044922
verify,noirky2-bits-nozk,range/u8,100,11,0.002971649169921875
verify,noirky2-bits-nozk,range/u8,100,12,0.003653287887573242
verify,noirky2-bits-nozk,range/u8,100,13,0.0029506683349609375
verify,noirky2-bits-nozk,range/u8,100,14,0.0031800270080566406
verify,noirky2-bits-nozk,range/u8,500,0,0.003012418746948242
verify,noirky2-bits-nozk,range/u8,500,1,0.00366973876953125
verify,noirky2-bits-nozk,range/u8,500,2,0.003137826919555664
verify,noirky2-bits-nozk,range/u8,500,3,0.0032536983489990234
verify,noirky2-bits-nozk,range/u8,500,4,0.0031614303588867188
verify,noirky2-bits-nozk,range/u8,500,5,0.0030858516693115234
verify,noirky2-bits-nozk,range/u8,500,6,0.0031366348266601562
verify,noirky2-bits-nozk,range/u8,500,7,0.002799510955810547
verify,noirky2-bits-nozk,range/u8,500,8,0.0029916763305664062
verify,noirky2-bits-nozk,range/u8,500,9,0.00292205810546875
verify,noirky2-bits-nozk,range/u8,500,10,0.0028142929077148438
verify,noirky2-bits-nozk,range/u8,500,11,0.0027413368225097656
verify,noirky2-bits-nozk,range/u8,500,12,0.002933979034423828
verify,noirky2-bits-nozk,range/u8,500,13,0.0027923583984375
verify,noirky2-bits-nozk,range/u8,500,14,0.0030879974365234375
verify,noirky2-bits-nozk,range/u8,1000,0,0.003658771514892578
verify,noirky2-bits-nozk,range/u8,1000,1,0.003780841827392578
verify,noirky2-bits-nozk,range/u8,1000,2,0.0035943984985351562
verify,noirky2-bits-nozk,range/u8,1000,3,0.0034890174865722656
verify,noirky2-bits-nozk,range/u8,1000,4,0.0033082962036132812
verify,noirky2-bits-nozk,range/u8,1000,5,0.003535032272338867
verify,noirky2-bits-nozk,range/u8,1000,6,0.0035157203674316406
verify,noirky2-bits-nozk,range/u8,1000,7,0.003489971160888672
verify,noirky2-bits-nozk,range/u8,1000,8,0.003600597381591797
verify,noirky2-bits-nozk,range/u8,1000,9,0.0033931732177734375
verify,noirky2-bits-nozk,range/u8,1000,10,0.003685474395751953
verify,noirky2-bits-nozk,range/u8,1000,11,0.0034456253051757812
verify,noirky2-bits-nozk,range/u8,1000,12,0.0035207271575927734
verify,noirky2-bits-nozk,range/u8,1000,13,0.003390073776245117
verify,noirky2-bits-nozk,range/u8,1000,14,0.003510713577270508
verify,noirky2-bits-nozk,range/u8,2000,0,0.0036547183990478516
verify,noirky2-bits-nozk,range/u8,2000,1,0.0037872791290283203
verify,noirky2-bits-nozk,range/u8,2000,2,0.003945112228393555
verify,noirky2-bits-nozk,range/u8,2000,3,0.0035707950592041016
verify,noirky2-bits-nozk,range/u8,2000,4,0.0034639835357666016
verify,noirky2-bits-nozk,range/u8,2000,5,0.0035169124603271484
verify,noirky2-bits-nozk,range/u8,2000,6,0.003651857376098633
verify,noirky2-bits-nozk,range/u8,2000,7,0.003605365753173828
verify,noirky2-bits-nozk,range/u8,2000,8,0.0036652088165283203
verify,noirky2-bits-nozk,range/u8,2000,9,0.0036597251892089844
verify,noirky2-bits-nozk,range/u8,2000,10,0.0037627220153808594
verify,noirky2-bits-nozk,range/u8,2000,11,0.003741741180419922
verify,noirky2-bits-nozk,range/u8,2000,12,0.003458738327026367
verify,noirky2-bits-nozk,range/u8,2000,13,0.003703594207763672
verify,noirky2-bits-nozk,range/u8,2000,14,0.003732442855834961
verify,bb,range/u8,100,0,0.02657485008239746
verify,bb,range/u8,100,1,0.025475025177001953
verify,bb,range/u8,100,2,0.025508880615234375
verify,bb,range/u8,100,3,0.025554418563842773
verify,bb,range/u8,100,4,0.02577495574951172
verify,bb,range/u8,100,5,0.02591562271118164
verify,bb,range/u8,100,6,0.025989770889282227
verify,bb,range/u8,100,7,0.025901079177856445
verify,bb,range/u8,100,8,0.025698423385620117
verify,bb,range/u8,100,9,0.025815725326538086
verify,bb,range/u8,100,10,0.025890350341796875
verify,bb,range/u8,100,11,0.025560617446899414
verify,bb,range/u8,100,12,0.025631427764892578
verify,bb,range/u8,100,13,0.02604389190673828
verify,bb,range/u8,100,14,0.02544093132019043
verify,bb,range/u8,500,0,0.025297164916992188
verify,bb,range/u8,500,1,0.025441408157348633
verify,bb,range/u8,500,2,0.025501728057861328
verify,bb,range/u8,500,3,0.025543689727783203
verify,bb,range/u8,500,4,0.0258333683013916
verify,bb,range/u8,500,5,0.025529861450195312
verify,bb,range/u8,500,6,0.025498390197753906
verify,bb,range/u8,500,7,0.0255279541015625
verify,bb,range/u8,500,8,0.02554774284362793
verify,bb,range/u8,500,9,0.025463342666625977
verify,bb,range/u8,500,10,0.025538206100463867
verify,bb,range/u8,500,11,0.025677919387817383
verify,bb,range/u8,500,12,0.025042057037353516
verify,bb,range/u8,500,13,0.025933265686035156
verify,bb,range/u8,500,14,0.0255582332611084
verify,bb,range/u8,1000,0,0.025750160217285156
verify,bb,range/u8,1000,1,0.02565312385559082
verify,bb,range/u8,1000,2,0.025598764419555664
verify,bb,range/u8,1000,3,0.025950193405151367
verify,bb,range/u8,1000,4,0.025356054306030273
verify,bb,range/u8,1000,5,0.025794506072998047
verify,bb,range/u8,1000,6,0.02544426918029785
verify,bb,range/u8,1000,7,0.025759458541870117
verify,bb,range/u8,1000,8,0.025604724884033203
verify,bb,range/u8,1000,9,0.025901079177856445
verify,bb,range/u8,1000,10,0.02568840980529785
verify,bb,range/u8,1000,11,0.025651216506958008
verify,bb,range/u8,1000,12,0.0256960391998291
verify,bb,range/u8,1000,13,0.0252532958984375
verify,bb,range/u8,1000,14,0.02533555030822754
verify,bb,range/u8,2000,0,0.025428295135498047
verify,bb,range/u8,2000,1,0.025494813919067383
verify,bb,range/u8,2000,2,0.025445222854614258
verify,bb,range/u8,2000,3,0.025927305221557617
verify,bb,range/u8,2000,4,0.02536487579345703
verify,bb,range/u8,2000,5,0.025656938552856445
verify,bb,range/u8,2000,6,0.025687217712402344
verify,bb,range/u8,2000,7,0.025664806365966797
verify,bb,range/u8,2000,8,0.025675058364868164
verify,bb,range/u8,2000,9,0.02537369728088379
verify,bb,range/u8,2000,10,0.025309085845947266
verify,bb,range/u8,2000,11,0.025712251663208008
verify,bb,range/u8,2000,12,0.025837421417236328
verify,bb,range/u8,2000,13,0.02555680274963379
verify,bb,range/u8,2000,14,0.02582550048828125
verify,noirky2-limb,range/u8,100,0,0.004953861236572266
verify,noirky2-limb,range/u8,100,1,0.004827737808227539
verify,noirky2-limb,range/u8,100,2,0.004947662353515625
verify,noirky2-limb,range/u8,100,3,0.004607200622558594
verify,noirky2-limb,range/u8,100,4,0.004713535308837891
verify,noirky2-limb,range/u8,100,5,0.004728555679321289
verify,noirky2-limb,range/u8,100,6,0.004698991775512695
verify,noirky2-limb,range/u8,100,7,0.004680633544921875
verify,noirky2-limb,range/u8,100,8,0.004775524139404297
verify,noirky2-limb,range/u8,100,9,0.004976511001586914
verify,noirky2-limb,range/u8,100,10,0.0049839019775390625
verify,noirky2-limb,range/u8,100,11,0.0050351619720458984
verify,noirky2-limb,range/u8,100,12,0.004793882369995117
verify,noirky2-limb,range/u8,100,13,0.00478816032409668
verify,noirky2-limb,range/u8,100,14,0.004587411880493164
verify,noirky2-limb,range/u8,500,0,0.0044977664947509766
verify,noirky2-limb,range/u8,500,1,0.004483699798583984
verify,noirky2-limb,range/u8,500,2,0.004644870758056641
verify,noirky2-limb,range/u8,500,3,0.004856109619140625
verify,noirky2-limb,range/u8,500,4,0.004685163497924805
verify,noirky2-limb,range/u8,500,5,0.0046308040618896484
verify,noirky2-limb,range/u8,500,6,0.004780769348144531
verify,noirky2-limb,range/u8,500,7,0.004406452178955078
verify,noirky2-limb,range/u8,500,8,0.004590034484863281
verify,noirky2-limb,range/u8,500,9,0.004779338836669922
verify,noirky2-limb,range/u8,500,10,0.004576921463012695
verify,noirky2-limb,range/u8,500,11,0.004794120788574219
verify,noirky2-limb,range/u8,500,12,0.00470280647277832
verify,noirky2-limb,range/u8,500,13,0.004506111145019531
verify,noirky2-limb,range/u8,500,14,0.004725933074951172
verify,noirky2-limb,range/u8,1000,0,0.004586219787597656
verify,noirky2-limb,range/u8,1000,1,0.005060434341430664
verify,noirky2-limb,range/u8,1000,2,0.00465083122253418
verify,noirky2-limb,range/u8,1000,3,0.004639863967895508
verify,noirky2-limb,range/u8,1000,4,0.004582405090332031
verify,noirky2-limb,range/u8,1000,5,0.0046231746673583984
verify,noirky2-limb,range/u8,1000,6,0.004686832427978516
verify,noirky2-limb,range/u8,1000,7,0.004639625549316406
verify,noirky2-limb,range/u8,1000,8,0.0045588016510009766
verify,noirky2-limb,range/u8,1000,9,0.004556894302368164
verify,noirky2-limb,range/u8,1000,10,0.004462718963623047
verify,noirky2-limb,range/u8,1000,11,0.004628896713256836
verify,noirky2-limb,range/u8,1000,12,0.004541158676147461
verify,noirky2-limb,range/u8,1000,13,0.004647731781005859
verify,noirky2-limb,range/u8,1000,14,0.004686594009399414
verify,noirky2-limb,range/u8,2000,0,0.004563808441162109
verify,noirky2-limb,range/u8,2000,1,0.004767179489135742
verify,noirky2-limb,range/u8,2000,2,0.004536151885986328
verify,noirky2-limb,range/u8,2000,3,0.004663228988647461
verify,noirky2-limb,range/u8,2000,4,0.004526376724243164
verify,noirky2-limb,range/u8,2000,5,0.004747152328491211
verify,noirky2-limb,range/u8,2000,6,0.004671812057495117
verify,noirky2-limb,range/u8,2000,7,0.004657268524169922
verify,noirky2-limb,range/u8,2000,8,0.0045223236083984375
verify,noirky2-limb,range/u8,2000,9,0.00452876091003418
verify,noirky2-limb,range/u8,2000,10,0.0046100616455078125
verify,noirky2-limb,range/u8,2000,11,0.004604816436767578
verify,noirky2-limb,range/u8,2000,12,0.004715442657470703
verify,noirky2-limb,range/u8,2000,13,0.004648685455322266
verify,noirky2-limb,range/u8,2000,14,0.004591941833496094
verify,noirky2-limb-nozk,range/u8,100,0,0.0020499229431152344
verify,noirky2-limb-nozk,range/u8,100,1,0.0021371841430664062
verify,noirky2-limb-nozk,range/u8,100,2,0.002269268035888672
verify,noirky2-limb-nozk,range/u8,100,3,0.0021066665649414062
verify,noirky2-limb-nozk,range/u8,100,4,0.0020303726196289062
verify,noirky2-limb-nozk,range/u8,100,5,0.0019116401672363281
verify,noirky2-limb-nozk,range/u8,100,6,0.0019321441650390625
verify,noirky2-limb-nozk,range/u8,100,7,0.0019750595092773438
verify,noirky2-limb-nozk,range/u8,100,8,0.0020415782928466797
verify,noirky2-limb-nozk,range/u8,100,9,0.00205230712890625
verify,noirky2-limb-nozk,range/u8,100,10,0.0019659996032714844
verify,noirky2-limb-nozk,range/u8,100,11,0.001996755599975586
verify,noirky2-limb-nozk,range/u8,100,12,0.0021224021911621094
verify,noirky2-limb-nozk,range/u8,100,13,0.0021414756774902344
verify,noirky2-limb-nozk,range/u8,100,14,0.0020143985748291016
verify,noirky2-limb-nozk,range/u8,500,0,0.0022153854370117188
verify,noirky2-limb-nozk,range/u8,500,1,0.0020067691802978516
verify,noirky2-limb-nozk,range/u8,500,2,0.0022156238555908203
verify,noirky2-limb-nozk,range/u8,500,3,0.002168416976928711
verify,noirky2-limb-nozk,range/u8,500,4,0.0024039745330810547
verify,noirky2-limb-nozk,range/u8,500,5,0.0021779537200927734
verify,noirky2-limb-nozk,range/u8,500,6,0.0022170543670654297
verify,noirky2-limb-nozk,range/u8,500,7,0.0024900436401367188
verify,noirky2-limb-nozk,range/u8,500,8,0.002401113510131836
verify,noirky2-limb-nozk,range/u8,500,9,0.0023114681243896484
verify,noirky2-limb-nozk,range/u8,500,10,0.0021822452545166016
verify,noirky2-limb-nozk,range/u8,500,11,0.0021719932556152344
verify,noirky2-limb-nozk,range/u8,500,12,0.0022280216217041016
verify,noirky2-limb-nozk,range/u8,500,13,0.0021042823791503906
verify,noirky2-limb-nozk,range/u8,500,14,0.0023567676544189453
verify,noirky2-limb-nozk,range/u8,1000,0,0.002978086471557617
verify,noirky2-limb-nozk,range/u8,1000,1,0.0036399364471435547
verify,noirky2-limb-nozk,range/u8,1000,2,0.004915714263916016
verify,noirky2-limb-nozk,range/u8,1000,3,0.004540205001831055
verify,noirky2-limb-nozk,range/u8,1000,4,0.004555702209472656
verify,noirky2-limb-nozk,range/u8,1000,5,0.003983497619628906
verify,noirky2-limb-nozk,range/u8,1000,6,0.004264116287231445
verify,noirky2-limb-nozk,range/u8,1000,7,0.0034728050231933594
verify,noirky2-limb-nozk,range/u8,1000,8,0.003759145736694336
verify,noirky2-limb-nozk,range/u8,1000,9,0.0036890506744384766
verify,noirky2-limb-nozk,range/u8,1000,10,0.003419637680053711
verify,noirky2-limb-nozk,range/u8,1000,11,0.0033173561096191406
verify,noirky2-limb-nozk,range/u8,1000,12,0.003132343292236328
verify,noirky2-limb-nozk,range/u8,1000,13,0.0028579235076904297
verify,noirky2-limb-nozk,range/u8,1000,14,0.002871990203857422
verify,noirky2-limb-nozk,range/u8,2000,0,0.0029909610748291016
verify,noirky2-limb-nozk,range/u8,2000,1,0.0029489994049072266
verify,noirky2-limb-nozk,range/u8,2000,2,0.003420114517211914
verify,noirky2-limb-nozk,range/u8,2000,3,0.002744913101196289
verify,noirky2-limb-nozk,range/u8,2000,4,0.003324747085571289
verify,noirky2-limb-nozk,range/u8,2000,5,0.002718210220336914
verify,noirky2-limb-nozk,range/u8,2000,6,0.002996683120727539
verify,noirky2-limb-nozk,range/u8,2000,7,0.0035545825958251953
verify,noirky2-limb-nozk,range/u8,2000,8,0.004298210144042969
verify,noirky2-limb-nozk,range/u8,2000,9,0.0037620067596435547
verify,noirky2-limb-nozk,range/u8,2000,10,0.004053354263305664
verify,noirky2-limb-nozk,range/u8,2000,11,0.0035097599029541016
verify,noirky2-limb-nozk,range/u8,2000,12,0.0037419795989990234
verify,noirky2-limb-nozk,range/u8,2000,13,0.003597259521484375
verify,noirky2-limb-nozk,range/u8,2000,14,0.003889799118041992
verify,noirky2-bits,range/u16,100,0,0.0050656795501708984
verify,noirky2-bits,range/u16,100,1,0.004366874694824219
verify,noirky2-bits,range/u16,100,2,0.004663705825805664
verify,noirky2-bits,range/u16,100,3,0.004755735397338867
verify,noirky2-bits,range/u16,100,4,0.0065305233001708984
verify,noirky2-bits,range/u16,100,5,0.007866144180297852
verify,noirky2-bits,range/u16,100,6,0.007731437683105469
verify,noirky2-bits,range/u16,100,7,0.006171464920043945
verify,noirky2-bits,range/u16,100,8,0.006429195404052734
verify,noirky2-bits,range/u16,100,9,0.005229473114013672
verify,noirky2-bits,range/u16,100,10,0.005126953125
verify,noirky2-bits,range/u16,100,11,0.004498481750488281
verify,noirky2-bits,range/u16,100,12,0.004713535308837891
verify,noirky2-bits,range/u16,100,13,0.0044515132904052734
verify,noirky2-bits,range/u16,100,14,0.004478931427001953
verify,noirky2-bits,range/u16,500,0,0.004517078399658203
verify,noirky2-bits,range/u16,500,1,0.00467228889465332
verify,noirky2-bits,range/u16,500,2,0.0045964717864990234
verify,noirky2-bits,range/u16,500,3,0.004712343215942383
verify,noirky2-bits,range/u16,500,4,0.004481792449951172
verify,noirky2-bits,range/u16,500,5,0.004857540130615234
verify,noirky2-bits,range/u16,500,6,0.004664182662963867
verify,noirky2-bits,range/u16,500,7,0.00462031364440918
verify,noirky2-bits,range/u16,500,8,0.004644870758056641
verify,noirky2-bits,range/u16,500,9,0.0048177242279052734
verify,noirky2-bits,range/u16,500,10,0.004365205764770508
verify,noirky2-bits,range/u16,500,11,0.004575490951538086
verify,noirky2-bits,range/u16,500,12,0.004547119140625
verify,noirky2-bits,range/u16,500,13,0.004472494125366211
verify,noirky2-bits,range/u16,500,14,0.004648923873901367
verify,noirky2-bits,range/u16,1000,0,0.004454374313354492
verify,noirky2-bits,range/u16,1000,1,0.0042803287506103516
verify,noirky2-bits,range/u16,1000,2,0.004538297653198242
verify,noirky2-bits,range/u16,1000,3,0.004618167877197266
verify,noirky2-bits,range/u16,1000,4,0.004450082778930664
verify,noirky2-bits,range/u16,1000,5,0.004280567169189453
verify,noirky2-bits,range/u16,1000,6,0.00468897819519043
verify,noirky2-bits,range/u16,1000,7,0.0046138763427734375
verify,noirky2-bits,range/u16,1000,8,0.004556179046630859
verify,noirky2-bits,range/u16,1000,9,0.004493236541748047
verify,noirky2-bits,range/u16,1000,10,0.0043659210205078125
verify,noirky2-bits,range/u16,1000,11,0.0045032501220703125
verify,noirky2-bits,range/u16,1000,12,0.004714012145996094
verify,noirky2-bits,range/u16,1000,13,0.0050542354583740234
verify,noirky2-bits,range/u16,1000,14,0.004651546478271484
verify,noirky2-bits,range/u16,2000,0,0.0047991275787353516
verify,noirky2-bits,range/u16,2000,1,0.004597187042236328
verify,noirky2-bits,range/u16,2000,2,0.004439592361450195
verify,noirky2-bits,range/u16,2000,3,0.004403352737426758
verify,noirky2-bits,range/u16,2000,4,0.004747867584228516
verify,noirky2-bits,range/u16,2000,5,0.004565715789794922
verify,noirky2-bits,range/u16,2000,6,0.004606723785400391
verify,noirky2-bits,range/u16,2000,7,0.004758119583129883
verify,noirky2-bits,range/u16,2000,8,0.004181385040283203
verify,noirky2-bits,range/u16,2000,9,0.004506826400756836
verify,noirky2-bits,range/u16,2000,10,0.004261016845703125
verify,noirky2-bits,range/u16,2000,11,0.004400014877319336
verify,noirky2-bits,range/u16,2000,12,0.004408121109008789
verify,noirky2-bits,range/u16,2000,13,0.0043468475341796875
verify,noirky2-bits,range/u16,2000,14,0.004683494567871094
verify,noirky2-bits-nozk,range/u16,100,0,0.0029747486114501953
verify,noirky2-bits-nozk,range/u16,100,1,0.0025949478149414062
verify,noirky2-bits-nozk,range/u16,100,2,0.0027670860290527344
verify,noirky2-bits-nozk,range/u16,100,3,0.002676248550415039
verify,noirky2-bits-nozk,range/u16,100,4,0.0025370121002197266
verify,noirky2-bits-nozk,range/u16,100,5,0.003002166748046875
verify,noirky2-bits-nozk,range/u16,100,6,0.0027899742126464844
verify,noirky2-bits-nozk,range/u16,100,7,0.002797842025756836
verify,noirky2-bits-nozk,range/u16,100,8,0.0026290416717529297
verify,noirky2-bits-nozk,range/u16,100,9,0.002807140350341797
verify,noirky2-bits-nozk,range/u16,100,10,0.0028252601623535156
verify,noirky2-bits-nozk,range/u16,100,11,0.002582550048828125
verify,noirky2-bits-nozk,range/u16,100,12,0.002613067626953125
verify,noirky2-bits-nozk,range/u16,100,13,0.0026726722717285156
verify,noirky2-bits-nozk,range/u16,100,14,0.0027799606323242188
verify,noirky2-bits-nozk,range/u16,500,0,0.003169536590576172
verify,noirky2-bits-nozk,range/u16,500,1,0.003041505813598633
verify,noirky2-bits-nozk,range/u16,500,2,0.0035750865936279297
verify,noirky2-bits-nozk,range/u16,500,3,0.005135774612426758
verify,noirky2-bits-nozk,range/u16,500,4,0.005497455596923828
verify,noirky2-bits-nozk,range/u16,500,5,0.004483938217163086
verify,noirky2-bits-nozk,range/u16,500,6,0.0051267147064208984
verify,noirky2-bits-nozk,range/u16,500,7,0.0043642520904541016
verify,noirky2-bits-nozk,range/u16,500,8,0.004915952682495117
verify,noirky2-bits-nozk,range/u16,500,9,0.004152774810791016
verify,noirky2-bits-nozk,range/u16,500,10,0.004578828811645508
verify,noirky2-bits-nozk,range/u16,500,11,0.0038299560546875
verify,noirky2-bits-nozk,range/u16,500,12,0.0041217803955078125
verify,noirky2-bits-nozk,range/u16,500,13,0.0035724639892578125
verify,noirky2-bits-nozk,range/u16,500,14,0.0035741329193115234
verify,noirky2-bits-nozk,range/u16,1000,0,0.003864765167236328
verify,noirky2-bits-nozk,range/u16,1000,1,0.0045146942138671875
verify,noirky2-bits-nozk,range/u16,1000,2,0.003740072250366211
verify,noirky2-bits-nozk,range/u16,1000,3,0.004359245300292969
verify,noirky2-bits-nozk,range/u16,1000,4,0.0036013126373291016
verify,noirky2-bits-nozk,range/u16,1000,5,0.0037233829498291016
verify,noirky2-bits-nozk,range/u16,1000,6,0.0037810802459716797
verify,noirky2-bits-nozk,range/u16,1000,7,0.003789186477661133
verify,noirky2-bits-nozk,range/u16,1000,8,0.003538370132446289
verify,noirky2-bits-nozk,range/u16,1000,9,0.003622770309448242
verify,noirky2-bits-nozk,range/u16,1000,10,0.003488779067993164
verify,noirky2-bits-nozk,range/u16,1000,11,0.0036640167236328125
verify,noirky2-bits-nozk,range/u16,1000,12,0.0034246444702148438
verify,noirky2-bits-nozk,range/u16,1000,13,0.00345611572265625
verify,noirky2-bits-nozk,range/u16,1000,14,0.003367185592651367
verify,noirky2-bits-nozk,range/u16,2000,0,0.0036401748657226562
verify,noirky2-bits-nozk,range/u16,2000,1,0.0036742687225341797
verify,noirky2-bits-nozk,range/u16,2000,2,0.004452705383300781
verify,noirky2-bits-nozk,range/u16,2000,3,0.0041959285736083984
verify,noirky2-bits-nozk,range/u16,2000,4,0.003736734390258789
verify,noirky2-bits-nozk,range/u16,2000,5,0.003813505172729492
verify,noirky2-bits-nozk,range/u16,2000,6,0.0036330223083496094
verify,noirky2-bits-nozk,range/u16,2000,7,0.003920555114746094
verify,noirky2-bits-nozk,range/u16,2000,8,0.0035233497619628906
verify,noirky2-bits-nozk,range/u16,2000,9,0.003954410552978516
verify,noirky2-bits-nozk,range/u16,2000,10,0.004996776580810547
verify,noirky2-bits-nozk,range/u16,2000,11,0.004395723342895508
verify,noirky2-bits-nozk,range/u16,2000,12,0.004793882369995117
verify,noirky2-bits-nozk,range/u16,2000,13,0.004045248031616211
verify,noirky2-bits-nozk,range/u16,2000,14,0.004453182220458984
verify,bb,range/u16,100,0,0.02670907974243164
verify,bb,range/u16,100,1,0.025400161743164062
verify,bb,range/u16,100,2,0.024986982345581055
verify,bb,range/u16,100,3,0.02517557144165039
verify,bb,range/u16,100,4,0.025512218475341797
verify,bb,range/u16,100,5,0.025492429733276367
verify,bb,range/u16,100,6,0.024881601333618164
verify,bb,range/u16,100,7,0.025174617767333984
verify,bb,range/u16,100,8,0.025301218032836914
verify,bb,range/u16,100,9,0.025257110595703125
verify,bb,range/u16,100,10,0.025238037109375
verify,bb,range/u16,100,11,0.025399446487426758
verify,bb,range/u16,100,12,0.025521516799926758
verify,bb,range/u16,100,13,0.02571702003479004
verify,bb,range/u16,100,14,0.025487422943115234
verify,bb,range/u16,500,0,0.025727510452270508
verify,bb,range/u16,500,1,0.025652170181274414
verify,bb,range/u16,500,2,0.025532007217407227
verify,bb,range/u16,500,3,0.024701356887817383
verify,bb,range/u16,500,4,0.025122642517089844
verify,bb,range/u16,500,5,0.025366544723510742
verify,bb,range/u16,500,6,0.025577545166015625
verify,bb,range/u16,500,7,0.025508642196655273
verify,bb,range/u16,500,8,0.025428295135498047
verify,bb,range/u16,500,9,0.025151729583740234
verify,bb,range/u16,500,10,0.025202035903930664
verify,bb,range/u16,500,11,0.024996519088745117
verify,bb,range/u16,500,12,0.025515317916870117
verify,bb,range/u16,500,13,0.025432348251342773
verify,bb,range/u16,500,14,0.024658918380737305
verify,bb,range/u16,1000,0,0.025079727172851562
verify,bb,range/u16,1000,1,0.025288820266723633
verify,bb,range/u16,1000,2,0.025609970092773438
verify,bb,range/u16,1000,3,0.025624990463256836
verify,bb,range/u16,1000,4,0.02494025230407715
verify,bb,range/u16,1000,5,0.025109052658081055
verify,bb,range/u16,1000,6,0.025048017501831055
verify,bb,range/u16,1000,7,0.025683164596557617
verify,bb,range/u16,1000,8,0.025446653366088867
verify,bb,range/u16,1000,9,0.025612592697143555
verify,bb,range/u16,1000,10,0.02539825439453125
verify,bb,range/u16,1000,11,0.025333881378173828
verify,bb,range/u16,1000,12,0.025597572326660156
verify,bb,range/u16,1000,13,0.02562236785888672
verify,bb,range/u16,1000,14,0.025013446807861328
verify,bb,range/u16,2000,0,0.024828672409057617
verify,bb,range/u16,2000,1,0.02483081817626953
verify,bb,range/u16,2000,2,0.024913787841796875
verify,bb,range/u16,2000,3,0.025141000747680664
verify,bb,range/u16,2000,4,0.025295734405517578
verify,bb,range/u16,2000,5,0.025701045989990234
verify,bb,range/u16,2000,6,0.02536606788635254
verify,bb,range/u16,2000,7,0.025611162185668945
verify,bb,range/u16,2000,8,0.025313615798950195
verify,bb,range/u16,2000,9,0.025113821029663086
verify,bb,range/u16,2000,10,0.025426149368286133
verify,bb,range/u16,2000,11,0.025147199630737305
verify,bb,range/u16,2000,12,0.025144100189208984
verify,bb,range/u16,2000,13,0.025101900100708008
verify,bb,range/u16,2000,14,0.02546238899230957
verify,noirky2-limb,range/u16,100,0,0.0049610137939453125
verify,noirky2-limb,range/u16,100,1,0.0049479007720947266
verify,noirky2-limb,range/u16,100,2,0.004779338836669922
verify,noirky2-limb,range/u16,100,3,0.004583597183227539
verify,noirky2-limb,range/u16,100,4,0.004868984222412109
verify,noirky2-limb,range/u16,100,5,0.005598306655883789
verify,noirky2-limb,range/u16,100,6,0.004647731781005859
verify,noirky2-limb,range/u16,100,7,0.005118608474731445
verify,noirky2-limb,range/u16,100,8,0.0048143863677978516
verify,noirky2-limb,range/u16,100,9,0.005051851272583008
verify,noirky2-limb,range/u16,100,10,0.004635334014892578
verify,noirky2-limb,range/u16,100,11,0.004716157913208008
verify,noirky2-limb,range/u16,100,12,0.00439906120300293
verify,noirky2-limb,range/u16,100,13,0.004651784896850586
verify,noirky2-limb,range/u16,100,14,0.0046694278717041016
verify,noirky2-limb,range/u16,500,0,0.0046100616455078125
verify,noirky2-limb,range/u16,500,1,0.004942417144775391
verify,noirky2-limb,range/u16,500,2,0.004905223846435547
verify,noirky2-limb,range/u16,500,3,0.00453495979309082
verify,noirky2-limb,range/u16,500,4,0.00454401969909668
verify,noirky2-limb,range/u16,500,5,0.004723787307739258
verify,noirky2-limb,range/u16,500,6,0.004724025726318359
verify,noirky2-limb,range/u16,500,7,0.004780769348144531
verify,noirky2-limb,range/u16,500,8,0.004450082778930664
verify,noirky2-limb,range/u16,500,9,0.004544496536254883
verify,noirky2-limb,range/u16,500,10,0.00438690185546875
verify,noirky2-limb,range/u16,500,11,0.004505634307861328
verify,noirky2-limb,range/u16,500,12,0.004745006561279297
verify,noirky2-limb,range/u16,500,13,0.004790067672729492
verify,noirky2-limb,range/u16,500,14,0.004487037658691406
verify,noirky2-limb,range/u16,1000,0,0.0045261383056640625
verify,noirky2-limb,range/u16,1000,1,0.004453182220458984
verify,noirky2-limb,range/u16,1000,2,0.004565000534057617
verify,noirky2-limb,range/u16,1000,3,0.004703044891357422
verify,noirky2-limb,range/u16,1000,4,0.004610776901245117
verify,noirky2-limb,range/u16,1000,5,0.004610776901245117
verify,noirky2-limb,range/u16,1000,6,0.005170583724975586
verify,noirky2-limb,range/u16,1000,7,0.006802797317504883
verify,noirky2-limb,range/u16,1000,8,0.0049016475677490234
verify,noirky2-limb,range/u16,1000,9,0.0049474239349365234
verify,noirky2-limb,range/u16,1000,10,0.005248308181762695
verify,noirky2-limb,range/u16,1000,11,0.004799365997314453
verify,noirky2-limb,range/u16,1000,12,0.005115509033203125
verify,noirky2-limb,range/u16,1000,13,0.00464320182800293
verify,noirky2-limb,range/u16,1000,14,0.0048978328704833984
verify,noirky2-limb,range/u16,2000,0,0.004637241363525391
verify,noirky2-limb,range/u16,2000,1,0.004780769348144531
verify,noirky2-limb,range/u16,2000,2,0.004712343215942383
verify,noirky2-limb,range/u16,2000,3,0.004380226135253906
verify,noirky2-limb,range/u16,2000,4,0.004577159881591797
verify,noirky2-limb,range/u16,2000,5,0.004280567169189453
verify,noirky2-limb,range/u16,2000,6,0.004613637924194336
verify,noirky2-limb,range/u16,2000,7,0.004748344421386719
verify,noirky2-limb,range/u16,2000,8,0.004817485809326172
verify,noirky2-limb,range/u16,2000,9,0.004859209060668945
verify,noirky2-limb,range/u16,2000,10,0.00446629524230957
verify,noirky2-limb,range/u16,2000,11,0.004508256912231445
verify,noirky2-limb,range/u16,2000,12,0.004535675048828125
verify,noirky2-limb,range/u16,2000,13,0.004481792449951172
verify,noirky2-limb,range/u16,2000,14,0.00483393669128418
verify,noirky2-limb-nozk,range/u16,100,0,0.002437591552734375
verify,noirky2-limb-nozk,range/u16,100,1,0.002344369888305664
verify,noirky2-limb-nozk,range/u16,100,2,0.0021784305572509766
verify,noirky2-limb-nozk,range/u16,100,3,0.002068042755126953
verify,noirky2-limb-nozk,range/u16,100,4,0.002082347869873047
verify,noirky2-limb-nozk,range/u16,100,5,0.0022618770599365234
verify,noirky2-limb-nozk,range/u16,100,6,0.0021126270294189453
verify,noirky2-limb-nozk,range/u16,100,7,0.0021483898162841797
verify,noirky2-limb-nozk,range/u16,100,8,0.0022106170654296875
verify,noirky2-limb-nozk,range/u16,100,9,0.002252817153930664
verify,noirky2-limb-nozk,range/u16,100,10,0.002222299575805664
verify,noirky2-limb-nozk,range/u16,100,11,0.0022051334381103516
verify,noirky2-limb-nozk,range/u16,100,12,0.002112865447998047
verify,noirky2-limb-nozk,range/u16,100,13,0.0023009777069091797
verify,noirky2-limb-nozk,range/u16,100,14,0.002034902572631836
verify,noirky2-limb-nozk,range/u16,500,0,0.0028717517852783203
verify,noirky2-limb-nozk,range/u16,500,1,0.0026993751525878906
verify,noirky2-limb-nozk,range/u16,500,2,0.002878904342651367
verify,noirky2-limb-nozk,range/u16,500,3,0.0026166439056396484
verify,noirky2-limb-nozk,range/u16,500,4,0.0025451183319091797
verify,noirky2-limb-nozk,range/u16,500,5,0.0026123523712158203
verify,noirky2-limb-nozk,range/u16,500,6,0.002580881118774414
verify,noirky2-limb-nozk,range/u16,500,7,0.0026519298553466797
verify,noirky2-limb-nozk,range/u16,500,8,0.002645254135131836
verify,noirky2-limb-nozk,range/u16,500,9,0.002773284912109375
verify,noirky2-limb-nozk,range/u16,500,10,0.003245830535888672
verify,noirky2-limb-nozk,range/u16,500,11,0.0036356449127197266
verify,noirky2-limb-nozk,range/u16,500,12,0.0045011043548583984
verify,noirky2-limb-nozk,range/u16,500,13,0.0037453174591064453
verify,noirky2-limb-nozk,range/u16,500,14,0.004178285598754883
verify,noirky2-limb-nozk,range/u16,1000,0,0.0032558441162109375
verify,noirky2-limb-nozk,range/u16,1000,1,0.003095388412475586
verify,noirky2-limb-nozk,range/u16,1000,2,0.003262758255004883
verify,noirky2-limb-nozk,range/u16,1000,3,0.0031702518463134766
verify,noirky2-limb-nozk,range/u16,1000,4,0.003093719482421875
verify,noirky2-limb-nozk,range/u16,1000,5,0.0031282901763916016
verify,noirky2-limb-nozk,range/u16,1000,6,0.002968311309814453
verify,noirky2-limb-nozk,range/u16,1000,7,0.0030183792114257812
verify,noirky2-limb-nozk,range/u16,1000,8,0.0028662681579589844
verify,noirky2-limb-nozk,range/u16,1000,9,0.0029172897338867188
verify,noirky2-limb-nozk,range/u16,1000,10,0.0028526782989501953
verify,noirky2-limb-nozk,range/u16,1000,11,0.0030477046966552734
verify,noirky2-limb-nozk,range/u16,1000,12,0.0029180049896240234
verify,noirky2-limb-nozk,range/u16,1000,13,0.002810239791870117
verify,noirky2-limb-nozk,range/u16,1000,14,0.0029692649841308594
verify,noirky2-limb-nozk,range/u16,2000,0,0.0032422542572021484
verify,noirky2-limb-nozk,range/u16,2000,1,0.003073453903198242
verify,noirky2-limb-nozk,range/u16,2000,2,0.002739429473876953
verify,noirky2-limb-nozk,range/u16,2000,3,0.0030138492584228516
verify,noirky2-limb-nozk,range/u16,2000,4,0.002972126007080078
verify,noirky2-limb-nozk,range/u16,2000,5,0.0026535987854003906
verify,noirky2-limb-nozk,range/u16,2000,6,0.002899646759033203
verify,noirky2-limb-nozk,range/u16,2000,7,0.003064870834350586
verify,noirky2-limb-nozk,range/u16,2000,8,0.002966165542602539
verify,noirky2-limb-nozk,range/u16,2000,9,0.0029458999633789062
verify,noirky2-limb-nozk,range/u16,2000,10,0.003504037857055664
verify,noirky2-limb-nozk,range/u16,2000,11,0.0030312538146972656
verify,noirky2-limb-nozk,range/u16,2000,12,0.0032753944396972656
verify,noirky2-limb-nozk,range/u16,2000,13,0.0032041072845458984
verify,noirky2-limb-nozk,range/u16,2000,14,0.0030450820922851562
verify,noirky2-bits,range/u32,100,0,0.00487971305847168
verify,noirky2-bits,range/u32,100,1,0.004889726638793945
verify,noirky2-bits,range/u32,100,2,0.004923343658447266
verify,noirky2-bits,range/u32,100,3,0.004644870758056641
verify,noirky2-bits,range/u32,100,4,0.0053369998931884766
verify,noirky2-bits,range/u32,100,5,0.005967617034912109
verify,noirky2-bits,range/u32,100,6,0.0052068233489990234
verify,noirky2-bits,range/u32,100,7,0.007261514663696289
verify,noirky2-bits,range/u32,100,8,0.006928920745849609
verify,noirky2-bits,range/u32,100,9,0.00645756721496582
verify,noirky2-bits,range/u32,100,10,0.005975246429443359
verify,noirky2-bits,range/u32,100,11,0.006964445114135742
verify,noirky2-bits,range/u32,100,12,0.005757331848144531
verify,noirky2-bits,range/u32,100,13,0.0063626766204833984
verify,noirky2-bits,range/u32,100,14,0.0043833255767822266
verify,noirky2-bits,range/u32,500,0,0.00877523422241211
verify,noirky2-bits,range/u32,500,1,0.004305601119995117
verify,noirky2-bits,range/u32,500,2,0.004489898681640625
verify,noirky2-bits,range/u32,500,3,0.0046198368072509766
verify,noirky2-bits,range/u32,500,4,0.005158662796020508
verify,noirky2-bits,range/u32,500,5,0.006063938140869141
verify,noirky2-bits,range/u32,500,6,0.004851579666137695
verify,noirky2-bits,range/u32,500,7,0.005589008331298828
verify,noirky2-bits,range/u32,500,8,0.0048024654388427734
verify,noirky2-bits,range/u32,500,9,0.005298137664794922
verify,noirky2-bits,range/u32,500,10,0.004354715347290039
verify,noirky2-bits,range/u32,500,11,0.005182981491088867
verify,noirky2-bits,range/u32,500,12,0.005958080291748047
verify,noirky2-bits,range/u32,500,13,0.004758596420288086
verify,noirky2-bits,range/u32,500,14,0.006996631622314453
verify,noirky2-bits,range/u32,1000,0,0.008106231689453125
verify,noirky2-bits,range/u32,1000,1,0.006811857223510742
verify,noirky2-bits,range/u32,1000,2,0.007707834243774414
verify,noirky2-bits,range/u32,1000,3,0.008922100067138672
verify,noirky2-bits,range/u32,1000,4,0.006498813629150391
verify,noirky2-bits,range/u32,1000,5,0.006997585296630859
verify,noirky2-bits,range/u32,1000,6,0.005387783050537109
verify,noirky2-bits,range/u32,1000,7,0.006085872650146484
verify,noirky2-bits,range/u32,1000,8,0.0044879913330078125
verify,noirky2-bits,range/u32,1000,9,0.004595756530761719
verify,noirky2-bits,range/u32,1000,10,0.005206108093261719
verify,noirky2-bits,range/u32,1000,11,0.0065386295318603516
verify,noirky2-bits,range/u32,1000,12,0.0053365230560302734
verify,noirky2-bits,range/u32,1000,13,0.005667209625244141
verify,noirky2-bits,range/u32,1000,14,0.00472712516784668
verify,noirky2-bits,range/u32,2000,0,0.0046961307525634766
verify,noirky2-bits,range/u32,2000,1,0.004619598388671875
verify,noirky2-bits,range/u32,2000,2,0.00458216667175293
verify,noirky2-bits,range/u32,2000,3,0.0046160221099853516
verify,noirky2-bits,range/u32,2000,4,0.00462031364440918
verify,noirky2-bits,range/u32,2000,5,0.004868507385253906
verify,noirky2-bits,range/u32,2000,6,0.0045359134674072266
verify,noirky2-bits,range/u32,2000,7,0.004462003707885742
verify,noirky2-bits,range/u32,2000,8,0.004655599594116211
verify,noirky2-bits,range/u32,2000,9,0.004424095153808594
verify,noirky2-bits,range/u32,2000,10,0.0046274662017822266
verify,noirky2-bits,range/u32,2000,11,0.0055081844329833984
verify,noirky2-bits,range/u32,2000,12,0.004456520080566406
verify,noirky2-bits,range/u32,2000,13,0.004609823226928711
verify,noirky2-bits,range/u32,2000,14,0.004792928695678711
verify,noirky2-bits-nozk,range/u32,100,0,0.0028104782104492188
verify,noirky2-bits-nozk,range/u32,100,1,0.0029485225677490234
verify,noirky2-bits-nozk,range/u32,100,2,0.002794027328491211
verify,noirky2-bits-nozk,range/u32,100,3,0.0028238296508789062
verify,noirky2-bits-nozk,range/u32,100,4,0.002623319625854492
verify,noirky2-bits-nozk,range/u32,100,5,0.002740144729614258
verify,noirky2-bits-nozk,range/u32,100,6,0.0030448436737060547
verify,noirky2-bits-nozk,range/u32,100,7,0.003429412841796875
verify,noirky2-bits-nozk,range/u32,100,8,0.004022836685180664
verify,noirky2-bits-nozk,range/u32,100,9,0.0033617019653320312
verify,noirky2-bits-nozk,range/u32,100,10,0.0039196014404296875
verify,noirky2-bits-nozk,range/u32,100,11,0.0033316612243652344
verify,noirky2-bits-nozk,range/u32,100,12,0.003476381301879883
verify,noirky2-bits-nozk,range/u32,100,13,0.0034389495849609375
verify,noirky2-bits-nozk,range/u32,100,14,0.003427267074584961
verify,noirky2-bits-nozk,range/u32,500,0,0.003526926040649414
verify,noirky2-bits-nozk,range/u32,500,1,0.0032148361206054688
verify,noirky2-bits-nozk,range/u32,500,2,0.0032525062561035156
verify,noirky2-bits-nozk,range/u32,500,3,0.0027990341186523438
verify,noirky2-bits-nozk,range/u32,500,4,0.0030503273010253906
verify,noirky2-bits-nozk,range/u32,500,5,0.002930879592895508
verify,noirky2-bits-nozk,range/u32,500,6,0.002828359603881836
verify,noirky2-bits-nozk,range/u32,500,7,0.002987384796142578
verify,noirky2-bits-nozk,range/u32,500,8,0.002975940704345703
verify,noirky2-bits-nozk,range/u32,500,9,0.002985715866088867
verify,noirky2-bits-nozk,range/u32,500,10,0.003160238265991211
verify,noirky2-bits-nozk,range/u32,500,11,0.002981424331665039
verify,noirky2-bits-nozk,range/u32,500,12,0.003010988235473633
verify,noirky2-bits-nozk,range/u32,500,13,0.0029540061950683594
verify,noirky2-bits-nozk,range/u32,500,14,0.003040790557861328
verify,noirky2-bits-nozk,range/u32,1000,0,0.0037581920623779297
verify,noirky2-bits-nozk,range/u32,1000,1,0.0035822391510009766
verify,noirky2-bits-nozk,range/u32,1000,2,0.0037648677825927734
verify,noirky2-bits-nozk,range/u32,1000,3,0.0035638809204101562
verify,noirky2-bits-nozk,range/u32,1000,4,0.003645181655883789
verify,noirky2-bits-nozk,range/u32,1000,5,0.003476381301879883
verify,noirky2-bits-nozk,range/u32,1000,6,0.0036420822143554688
verify,noirky2-bits-nozk,range/u32,1000,7,0.003523588180541992
verify,noirky2-bits-nozk,range/u32,1000,8,0.003434419631958008
verify,noirky2-bits-nozk,range/u32,1000,9,0.003477811813354492
verify,noirky2-bits-nozk,range/u32,1000,10,0.0033583641052246094
verify,noirky2-bits-nozk,range/u32,1000,11,0.003215789794921875
verify,noirky2-bits-nozk,range/u32,1000,12,0.0037641525268554688
verify,noirky2-bits-nozk,range/u32,1000,13,0.0035352706909179688
verify,noirky2-bits-nozk,range/u32,1000,14,0.0035860538482666016
verify,noirky2-bits-nozk,range/u32,2000,0,0.0037508010864257812
verify,noirky2-bits-nozk,range/u32,2000,1,0.0036296844482421875
verify,noirky2-bits-nozk,range/u32,2000,2,0.003618955612182617
verify,noirky2-bits-nozk,range/u32,2000,3,0.003541707992553711
verify,noirky2-bits-nozk,range/u32,2000,4,0.0035343170166015625
verify,noirky2-bits-nozk,range/u32,2000,5,0.003678560256958008
verify,noirky2-bits-nozk,range/u32,2000,6,0.0038199424743652344
verify,noirky2-bits-nozk,range/u32,2000,7,0.0034835338592529297
verify,noirky2-bits-nozk,range/u32,2000,8,0.00363922119140625
verify,noirky2-bits-nozk,range/u32,2000,9,0.003590106964111328
verify,noirky2-bits-nozk,range/u32,2000,10,0.0036575794219970703
verify,noirky2-bits-nozk,range/u32,2000,11,0.003686189651489258
verify,noirky2-bits-nozk,range/u32,2000,12,0.0037238597869873047
verify,noirky2-bits-nozk,range/u32,2000,13,0.003510713577270508
verify,noirky2-bits-nozk,range/u32,2000,14,0.003826618194580078
verify,bb,range/u32,100,0,0.02455592155456543
verify,bb,range/u32,100,1,0.025474071502685547
verify,bb,range/u32,100,2,0.02492356300354004
verify,bb,range/u32,100,3,0.02475571632385254
verify,bb,range/u32,100,4,0.025136232376098633
verify,bb,range/u32,100,5,0.025197267532348633
verify,bb,range/u32,100,6,0.025035858154296875
verify,bb,range/u32,100,7,0.025482177734375
verify,bb,range/u32,100,8,0.025722742080688477
verify,bb,range/u32,100,9,0.025773048400878906
verify,bb,range/u32,100,10,0.02494645118713379
verify,bb,range/u32,100,11,0.025074005126953125
verify,bb,range/u32,100,12,0.025466442108154297
verify,bb,range/u32,100,13,0.025988340377807617
verify,bb,range/u32,100,14,0.025523900985717773
verify,bb,range/u32,500,0,0.02515888214111328
verify,bb,range/u32,500,1,0.025202035903930664
verify,bb,range/u32,500,2,0.025443553924560547
verify,bb,range/u32,500,3,0.02623605728149414
verify,bb,range/u32,500,4,0.02493739128112793
verify,bb,range/u32,500,5,0.025204896926879883
verify,bb,range/u32,500,6,0.025379180908203125
verify,bb,range/u32,500,7,0.02527618408203125
verify,bb,range/u32,500,8,0.025426149368286133
verify,bb,range/u32,500,9,0.025598526000976562
verify,bb,range/u32,500,10,0.025423526763916016
verify,bb,range/u32,500,11,0.024555444717407227
verify,bb,range/u32,500,12,0.02505326271057129
verify,bb,range/u32,500,13,0.025261402130126953
verify,bb,range/u32,500,14,0.026029109954833984
verify,bb,range/u32,1000,0,0.02548813819885254
verify,bb,range/u32,1000,1,0.025669336318969727
verify,bb,range/u32,1000,2,0.025548458099365234
verify,bb,range/u32,1000,3,0.025153398513793945
verify,bb,range/u32,1000,4,0.02515697479248047
verify,bb,range/u32,1000,5,0.025559663772583008
verify,bb,range/u32,1000,6,0.02558732032775879
verify,bb,range/u32,1000,7,0.02487039566040039
verify,bb,range/u32,1000,8,0.02472519874572754
verify,bb,range/u32,1000,9,0.025177001953125
verify,bb,range/u32,1000,10,0.025464296340942383
verify,bb,range/u32,1000,11,0.025180339813232422
verify,bb,range/u32,1000,12,0.025002002716064453
verify,bb,range/u32,1000,13,0.025379419326782227
verify,bb,range/u32,1000,14,0.02496814727783203
verify,bb,range/u32,2000,0,0.025845050811767578
verify,bb,range/u32,2000,1,0.02541828155517578
verify,bb,range/u32,2000,2,0.0254213809967041
verify,bb,range/u32,2000,3,0.024625062942504883
verify,bb,range/u32,2000,4,0.024985790252685547
verify,bb,range/u32,2000,5,0.02524542808532715
verify,bb,range/u32,2000,6,0.025287628173828125
verify,bb,range/u32,2000,7,0.025262832641601562
verify,bb,range/u32,2000,8,0.024888038635253906
verify,bb,range/u32,2000,9,0.024943113327026367
verify,bb,range/u32,2000,10,0.025496482849121094
verify,bb,range/u32,2000,11,0.025629281997680664
verify,bb,range/u32,2000,12,0.025859832763671875
verify,bb,range/u32,2000,13,0.0249631404876709
verify,bb,range/u32,2000,14,0.02487969398498535
verify,noirky2-limb,range/u32,100,0,0.004901409149169922
verify,noirky2-limb,range/u32,100,1,0.004856586456298828
verify,noirky2-limb,range/u32,100,2,0.004862785339355469
verify,noirky2-limb,range/u32,100,3,0.005028963088989258
verify,noirky2-limb,range/u32,100,4,0.005644083023071289
verify,noirky2-limb,range/u32,100,5,0.004564762115478516
verify,noirky2-limb,range/u32,100,6,0.0051114559173583984
verify,noirky2-limb,range/u32,100,7,0.004662275314331055
verify,noirky2-limb,range/u32,100,8,0.004747867584228516
verify,noirky2-limb,range/u32,100,9,0.004479885101318359
verify,noirky2-limb,range/u32,100,10,0.004698991775512695
verify,noirky2-limb,range/u32,100,11,0.004353046417236328
verify,noirky2-limb,range/u32,100,12,0.00457763671875
verify,noirky2-limb,range/u32,100,13,0.004477739334106445
verify,noirky2-limb,range/u32,100,14,0.004627704620361328
verify,noirky2-limb,range/u32,500,0,0.0046215057373046875
verify,noirky2-limb,range/u32,500,1,0.004552125930786133
verify,noirky2-limb,range/u32,500,2,0.0044097900390625
verify,noirky2-limb,range/u32,500,3,0.004736185073852539
verify,noirky2-limb,range/u32,500,4,0.004588603973388672
verify,noirky2-limb,range/u32,500,5,0.004911661148071289
verify,noirky2-limb,range/u32,500,6,0.004537105560302734
verify,noirky2-limb,range/u32,500,7,0.004509449005126953
verify,noirky2-limb,range/u32,500,8,0.0045702457427978516
verify,noirky2-limb,range/u32,500,9,0.004485130310058594
verify,noirky2-limb,range/u32,500,10,0.004392385482788086
verify,noirky2-limb,range/u32,500,11,0.0046961307525634766
verify,noirky2-limb,range/u32,500,12,0.00468897819519043
verify,noirky2-limb,range/u32,500,13,0.0044019222259521484
verify,noirky2-limb,range/u32,500,14,0.0045166015625
verify,noirky2-limb,range/u32,1000,0,0.005100250244140625
verify,noirky2-limb,range/u32,1000,1,0.004531145095825195
verify,noirky2-limb,range/u32,1000,2,0.004530429840087891
verify,noirky2-limb,range/u32,1000,3,0.004606008529663086
verify,noirky2-limb,range/u32,1000,4,0.004544973373413086
verify,noirky2-limb,range/u32,1000,5,0.0050165653228759766
verify,noirky2-limb,range/u32,1000,6,0.004424571990966797
verify,noirky2-limb,range/u32,1000,7,0.0047457218170166016
verify,noirky2-limb,range/u32,1000,8,0.004437923431396484
verify,noirky2-limb,range/u32,1000,9,0.0046541690826416016
verify,noirky2-limb,range/u32,1000,10,0.004807233810424805
verify,noirky2-limb,range/u32,1000,11,0.00480198860168457
verify,noirky2-limb,range/u32,1000,12,0.004476785659790039
verify,noirky2-limb,range/u32,1000,13,0.004654407501220703
verify,noirky2-limb,range/u32,1000,14,0.004820346832275391
verify,noirky2-limb,range/u32,2000,0,0.00464940071105957
verify,noirky2-limb,range/u32,2000,1,0.004961967468261719
verify,noirky2-limb,range/u32,2000,2,0.0050580501556396484
verify,noirky2-limb,range/u32,2000,3,0.004752397537231445
verify,noirky2-limb,range/u32,2000,4,0.0045928955078125
verify,noirky2-limb,range/u32,2000,5,0.0045659542083740234
verify,noirky2-limb,range/u32,2000,6,0.004628896713256836
verify,noirky2-limb,range/u32,2000,7,0.004575490951538086
verify,noirky2-limb,range/u32,2000,8,0.004683256149291992
verify,noirky2-limb,range/u32,2000,9,0.0046579837799072266
verify,noirky2-limb,range/u32,2000,10,0.004274129867553711
verify,noirky2-limb,range/u32,2000,11,0.004586696624755859
verify,noirky2-limb,range/u32,2000,12,0.0043315887451171875
verify,noirky2-limb,range/u32,2000,13,0.004729270935058594
verify,noirky2-limb,range/u32,2000,14,0.004590272903442383
verify,noirky2-limb-nozk,range/u32,100,0,0.002919435501098633
verify,noirky2-limb-nozk,range/u32,100,1,0.0026721954345703125
verify,noirky2-limb-nozk,range/u32,100,2,0.0027213096618652344
verify,noirky2-limb-nozk,range/u32,100,3,0.002650022506713867
verify,noirky2-limb-nozk,range/u32,100,4,0.0025053024291992188
verify,noirky2-limb-nozk,range/u32,100,5,0.002406597137451172
verify,noirky2-limb-nozk,range/u32,100,6,0.002598285675048828
verify,noirky2-limb-nozk,range/u32,100,7,0.0025691986083984375
verify,noirky2-limb-nozk,range/u32,100,8,0.002595663070678711
verify,noirky2-limb-nozk,range/u32,100,9,0.002575397491455078
verify,noirky2-limb-nozk,range/u32,100,10,0.0028769969940185547
verify,noirky2-limb-nozk,range/u32,100,11,0.0028717517852783203
verify,noirky2-limb-nozk,range/u32,100,12,0.002644777297973633
verify,noirky2-limb-nozk,range/u32,100,13,0.0023937225341796875
verify,noirky2-limb-nozk,range/u32,100,14,0.0026192665100097656
verify,noirky2-limb-nozk,range/u32,500,0,0.0026886463165283203
verify,noirky2-limb-nozk,range/u32,500,1,0.0030863285064697266
verify,noirky2-limb-nozk,range/u32,500,2,0.002711772918701172
verify,noirky2-limb-nozk,range/u32,500,3,0.0028467178344726562
verify,noirky2-limb-nozk,range/u32,500,4,0.002914905548095703
verify,noirky2-limb-nozk,range/u32,500,5,0.002821207046508789
verify,noirky2-limb-nozk,range/u32,500,6,0.0029840469360351562
verify,noirky2-limb-nozk,range/u32,500,7,0.002935647964477539
verify,noirky2-limb-nozk,range/u32,500,8,0.002904653549194336
verify,noirky2-limb-nozk,range/u32,500,9,0.0027925968170166016
verify,noirky2-limb-nozk,range/u32,500,10,0.0030219554901123047
verify,noirky2-limb-nozk,range/u32,500,11,0.002658843994140625
verify,noirky2-limb-nozk,range/u32,500,12,0.0030198097229003906
verify,noirky2-limb-nozk,range/u32,500,13,0.002774953842163086
verify,noirky2-limb-nozk,range/u32,500,14,0.0028607845306396484
verify,noirky2-limb-nozk,range/u32,1000,0,0.002941131591796875
verify,noirky2-limb-nozk,range/u32,1000,1,0.003229379653930664
verify,noirky2-limb-nozk,range/u32,1000,2,0.003196239471435547
verify,noirky2-limb-nozk,range/u32,1000,3,0.0031991004943847656
verify,noirky2-limb-nozk,range/u32,1000,4,0.0034704208374023438
verify,noirky2-limb-nozk,range/u32,1000,5,0.0035555362701416016
verify,noirky2-limb-nozk,range/u32,1000,6,0.003797292709350586
verify,noirky2-limb-nozk,range/u32,1000,7,0.0031740665435791016
verify,noirky2-limb-nozk,range/u32,1000,8,0.003650665283203125
verify,noirky2-limb-nozk,range/u32,1000,9,0.0031027793884277344
verify,noirky2-limb-nozk,range/u32,1000,10,0.003247499465942383
verify,noirky2-limb-nozk,range/u32,1000,11,0.0030837059020996094
verify,noirky2-limb-nozk,range/u32,1000,12,0.003192424774169922
verify,noirky2-limb-nozk,range/u32,1000,13,0.0028798580169677734
verify,noirky2-limb-nozk,range/u32,1000,14,0.003255605697631836
verify,noirky2-limb-nozk,range/u32,2000,0,0.0035216808319091797
verify,noirky2-limb-nozk,range/u32,2000,1,0.0038547515869140625
verify,noirky2-limb-nozk,range/u32,2000,2,0.003453969955444336
verify,noirky2-limb-nozk,range/u32,2000,3,0.0036661624908447266
verify,noirky2-limb-nozk,range/u32,2000,4,0.0036475658416748047
verify,noirky2-limb-nozk,range/u32,2000,5,0.0036437511444091797
verify,noirky2-limb-nozk,range/u32,2000,6,0.0036132335662841797
verify,noirky2-limb-nozk,range/u32,2000,7,0.0033152103424072266
verify,noirky2-limb-nozk,range/u32,2000,8,0.003515958786010742
verify,noirky2-limb-nozk,range/u32,2000,9,0.003485441207885742
verify,noirky2-limb-nozk,range/u32,2000,10,0.003676891326904297
verify,noirky2-limb-nozk,range/u32,2000,11,0.0035543441772460938
verify,noirky2-limb-nozk,range/u32,2000,12,0.003696918487548828
verify,noirky2-limb-nozk,range/u32,2000,13,0.0036067962646484375
verify,noirky2-limb-nozk,range/u32,2000,14,0.0034732818603515625
verify,noirky2-bits,xor/u8,100,0,0.004803180694580078
verify,noirky2-bits,xor/u8,100,1,0.004683494567871094
verify,noirky2-bits,xor/u8,100,2,0.006784677505493164
verify,noirky2-bits,xor/u8,100,3,0.007593870162963867
verify,noirky2-bits,xor/u8,100,4,0.006448984146118164
verify,noirky2-bits,xor/u8,100,5,0.005627632141113281
verify,noirky2-bits,xor/u8,100,6,0.0045948028564453125
verify,noirky2-bits,xor/u8,100,7,0.004971742630004883
verify,noirky2-bits,xor/u8,100,8,0.004349231719970703
verify,noirky2-bits,xor/u8,100,9,0.005286216735839844
verify,noirky2-bits,xor/u8,100,10,0.005202054977416992
verify,noirky2-bits,xor/u8,100,11,0.004598379135131836
verify,noirky2-bits,xor/u8,100,12,0.004853725433349609
verify,noirky2-bits,xor/u8,100,13,0.0046234130859375
verify,noirky2-bits,xor/u8,100,14,0.0047147274017333984
verify,noirky2-bits,xor/u8,500,0,0.004515171051025391
verify,noirky2-bits,xor/u8,500,1,0.005105495452880859
verify,noirky2-bits,xor/u8,500,2,0.004590511322021484
verify,noirky2-bits,xor/u8,500,3,0.005313396453857422
verify,noirky2-bits,xor/u8,500,4,0.0070285797119140625
verify,noirky2-bits,xor/u8,500,5,0.005089998245239258
verify,noirky2-bits,xor/u8,500,6,0.0047338008880615234
verify,noirky2-bits,xor/u8,500,7,0.004836320877075195
verify,noirky2-bits,xor/u8,500,8,0.004748821258544922
verify,noirky2-bits,xor/u8,500,9,0.005088329315185547
verify,noirky2-bits,xor/u8,500,10,0.007597684860229492
verify,noirky2-bits,xor/u8,500,11,0.010264396667480469
verify,noirky2-bits,xor/u8,500,12,0.005944013595581055
verify,noirky2-bits,xor/u8,500,13,0.004733085632324219
verify,noirky2-bits,xor/u8,500,14,0.005254507064819336
verify,noirky2-bits,xor/u8,1000,0,0.004270315170288086
verify,noirky2-bits,xor/u8,1000,1,0.0046520233154296875
verify,noirky2-bits,xor/u8,1000,2,0.00434112548828125
verify,noirky2-bits,xor/u8,1000,3,0.0047223567962646484
verify,noirky2-bits,xor/u8,1000,4,0.005225658416748047
verify,noirky2-bits,xor/u8,1000,5,0.006618976593017578
verify,noirky2-bits,xor/u8,1000,6,0.004343509674072266
verify,noirky2-bits,xor/u8,1000,7,0.00443720817565918
verify,noirky2-bits,xor/u8,1000,8,0.004652500152587891
verify,noirky2-bits,xor/u8,1000,9,0.004385232925415039
verify,noirky2-bits,xor/u8,1000,10,0.00469970703125
verify,noirky2-bits,xor/u8,1000,11,0.004281759262084961
verify,noirky2-bits,xor/u8,1000,12,0.0046234130859375
verify,noirky2-bits,xor/u8,1000,13,0.004276752471923828
verify,noirky2-bits,xor/u8,1000,14,0.004295825958251953
verify,noirky2-bits,xor/u8,2000,0,0.004865884780883789
verify,noirky2-bits,xor/u8,2000,1,0.005723714828491211
verify,noirky2-bits,xor/u8,2000,2,0.004878044128417969
verify,noirky2-bits,xor/u8,2000,3,0.005461454391479492
verify,noirky2-bits,xor/u8,2000,4,0.005162715911865234
verify,noirky2-bits,xor/u8,2000,5,0.005315065383911133
verify,noirky2-bits,xor/u8,2000,6,0.004362583160400391
verify,noirky2-bits,xor/u8,2000,7,0.004873991012573242
verify,noirky2-bits,xor/u8,2000,8,0.004864215850830078
verify,noirky2-bits,xor/u8,2000,9,0.00480341911315918
verify,noirky2-bits,xor/u8,2000,10,0.0048863887786865234
verify,noirky2-bits,xor/u8,2000,11,0.004609107971191406
verify,noirky2-bits,xor/u8,2000,12,0.004721164703369141
verify,noirky2-bits,xor/u8,2000,13,0.004806995391845703
verify,noirky2-bits,xor/u8,2000,14,0.0047664642333984375
verify,noirky2-bits-nozk,xor/u8,100,0,0.0033159255981445312
verify,noirky2-bits-nozk,xor/u8,100,1,0.0027751922607421875
verify,noirky2-bits-nozk,xor/u8,100,2,0.0031087398529052734
verify,noirky2-bits-nozk,xor/u8,100,3,0.002757549285888672
verify,noirky2-bits-nozk,xor/u8,100,4,0.0030379295349121094
verify,noirky2-bits-nozk,xor/u8,100,5,0.0028007030487060547
verify,noirky2-bits-nozk,xor/u8,100,6,0.0030999183654785156
verify,noirky2-bits-nozk,xor/u8,100,7,0.003020763397216797
verify,noirky2-bits-nozk,xor/u8,100,8,0.0032660961151123047
verify,noirky2-bits-nozk,xor/u8,100,9,0.002881288528442383
verify,noirky2-bits-nozk,xor/u8,100,10,0.003035306930541992
verify,noirky2-bits-nozk,xor/u8,100,11,0.002640962600708008
verify,noirky2-bits-nozk,xor/u8,100,12,0.0030791759490966797
verify,noirky2-bits-nozk,xor/u8,100,13,0.002992868423461914
verify,noirky2-bits-nozk,xor/u8,100,14,0.003034353256225586
verify,noirky2-bits-nozk,xor/u8,500,0,0.003632068634033203
verify,noirky2-bits-nozk,xor/u8,500,1,0.003823518753051758
verify,noirky2-bits-nozk,xor/u8,500,2,0.004103660583496094
verify,noirky2-bits-nozk,xor/u8,500,3,0.0040128231048583984
verify,noirky2-bits-nozk,xor/u8,500,4,0.003996133804321289
verify,noirky2-bits-nozk,xor/u8,500,5,0.0038726329803466797
verify,noirky2-bits-nozk,xor/u8,500,6,0.004099130630493164
verify,noirky2-bits-nozk,xor/u8,500,7,0.0044384002685546875
verify,noirky2-bits-nozk,xor/u8,500,8,0.004239082336425781
verify,noirky2-bits-nozk,xor/u8,500,9,0.004119873046875
verify,noirky2-bits-nozk,xor/u8,500,10,0.003957271575927734
verify,noirky2-bits-nozk,xor/u8,500,11,0.0038666725158691406
verify,noirky2-bits-nozk,xor/u8,500,12,0.0035996437072753906
verify,noirky2-bits-nozk,xor/u8,500,13,0.003900766372680664
verify,noirky2-bits-nozk,xor/u8,500,14,0.0037021636962890625
verify,noirky2-bits-nozk,xor/u8,1000,0,0.003977060317993164
verify,noirky2-bits-nozk,xor/u8,1000,1,0.0037572383880615234
verify,noirky2-bits-nozk,xor/u8,1000,2,0.003810882568359375
verify,noirky2-bits-nozk,xor/u8,1000,3,0.004140377044677734
verify,noirky2-bits-nozk,xor/u8,1000,4,0.0038535594940185547
verify,noirky2-bits-nozk,xor/u8,1000,5,0.0038137435913085938
verify,noirky2-bits-nozk,xor/u8,1000,6,0.004102230072021484
verify,noirky2-bits-nozk,xor/u8,1000,7,0.003937482833862305
verify,noirky2-bits-nozk,xor/u8,1000,8,0.0038805007934570312
verify,noirky2-bits-nozk,xor/u8,1000,9,0.0038444995880126953
verify,noirky2-bits-nozk,xor/u8,1000,10,0.003955841064453125
verify,noirky2-bits-nozk,xor/u8,1000,11,0.00417327880859375
verify,noirky2-bits-nozk,xor/u8,1000,12,0.005244731903076172
verify,noirky2-bits-nozk,xor/u8,1000,13,0.0048754215240478516
verify,noirky2-bits-nozk,xor/u8,1000,14,0.0052242279052734375
verify,noirky2-bits-nozk,xor/u8,2000,0,0.004763126373291016
verify,noirky2-bits-nozk,xor/u8,2000,1,0.004392385482788086
verify,noirky2-bits-nozk,xor/u8,2000,2,0.004723310470581055
verify,noirky2-bits-nozk,xor/u8,2000,3,0.004465341567993164
verify,noirky2-bits-nozk,xor/u8,2000,4,0.004716157913208008
verify,noirky2-bits-nozk,xor/u8,2000,5,0.004464387893676758
verify,noirky2-bits-nozk,xor/u8,2000,6,0.004877328872680664
verify,noirky2-bits-nozk,xor/u8,2000,7,0.004528999328613281
verify,noirky2-bits-nozk,xor/u8,2000,8,0.004943370819091797
verify,noirky2-bits-nozk,xor/u8,2000,9,0.004358768463134766
verify,noirky2-bits-nozk,xor/u8,2000,10,0.0047953128814697266
verify,noirky2-bits-nozk,xor/u8,2000,11,0.004444599151611328
verify,noirky2-bits-nozk,xor/u8,2000,12,0.004372596740722656
verify,noirky2-bits-nozk,xor/u8,2000,13,0.004708051681518555
verify,noirky2-bits-nozk,xor/u8,2000,14,0.005646944046020508
verify,bb,xor/u8,100,0,0.02445840835571289
verify,bb,xor/u8,100,1,0.025249242782592773
verify,bb,xor/u8,100,2,0.02501368522644043
verify,bb,xor/u8,100,3,0.02542901039123535
verify,bb,xor/u8,100,4,0.024938344955444336
verify,bb,xor/u8,100,5,0.025115489959716797
verify,bb,xor/u8,100,6,0.025428056716918945
verify,bb,xor/u8,100,7,0.025237321853637695
verify,bb,xor/u8,100,8,0.025410175323486328
verify,bb,xor/u8,100,9,0.02526712417602539
verify,bb,xor/u8,100,10,0.025401830673217773
verify,bb,xor/u8,100,11,0.02504754066467285
verify,bb,xor/u8,100,12,0.02499675750732422
verify,bb,xor/u8,100,13,0.025086164474487305
verify,bb,xor/u8,100,14,0.025392532348632812
verify,bb,xor/u8,500,0,0.025421857833862305
verify,bb,xor/u8,500,1,0.025217294692993164
verify,bb,xor/u8,500,2,0.025064706802368164
verify,bb,xor/u8,500,3,0.025080442428588867
verify,bb,xor/u8,500,4,0.024998188018798828
verify,bb,xor/u8,500,5,0.024991989135742188
verify,bb,xor/u8,500,6,0.025175809860229492
verify,bb,xor/u8,500,7,0.025396347045898438
verify,bb,xor/u8,500,8,0.025874853134155273
verify,bb,xor/u8,500,9,0.025382280349731445
verify,bb,xor/u8,500,10,0.025408506393432617
verify,bb,xor/u8,500,11,0.02515387535095215
verify,bb,xor/u8,500,12,0.025338411331176758
verify,bb,xor/u8,500,13,0.025519132614135742
verify,bb,xor/u8,500,14,0.025730133056640625
verify,bb,xor/u8,1000,0,0.02500462532043457
verify,bb,xor/u8,1000,1,0.025120019912719727
verify,bb,xor/u8,1000,2,0.025111675262451172
verify,bb,xor/u8,1000,3,0.02568340301513672
verify,bb,xor/u8,1000,4,0.025699377059936523
verify,bb,xor/u8,1000,5,0.025555849075317383
verify,bb,xor/u8,1000,6,0.024989604949951172
verify,bb,xor/u8,1000,7,0.025213241577148438
verify,bb,xor/u8,1000,8,0.025438547134399414
verify,bb,xor/u8,1000,9,0.02490544319152832
verify,bb,xor/u8,1000,10,0.025287151336669922
verify,bb,xor/u8,1000,11,0.025455951690673828
verify,bb,xor/u8,1000,12,0.024997949600219727
verify,bb,xor/u8,1000,13,0.025455951690673828
verify,bb,xor/u8,1000,14,0.025537967681884766
verify,bb,xor/u8,2000,0,0.025812387466430664
verify,bb,xor/u8,2000,1,0.025459766387939453
verify,bb,xor/u8,2000,2,0.025465726852416992
verify,bb,xor/u8,2000,3,0.024904489517211914
verify,bb,xor/u8,2000,4,0.025655508041381836
verify,bb,xor/u8,2000,5,0.025609254837036133
verify,bb,xor/u8,2000,6,0.02527928352355957
verify,bb,xor/u8,2000,7,0.02539801597595215
verify,bb,xor/u8,2000,8,0.02556324005126953
verify,bb,xor/u8,2000,9,0.025760412216186523
verify,bb,xor/u8,2000,10,0.025839805603027344
verify,bb,xor/u8,2000,11,0.02570939064025879
verify,bb,xor/u8,2000,12,0.025823354721069336
verify,bb,xor/u8,2000,13,0.02539229393005371
verify,bb,xor/u8,2000,14,0.02530527114868164
verify,noirky2-limb,xor/u8,100,0,0.006629467010498047
verify,noirky2-limb,xor/u8,100,1,0.006249666213989258
verify,noirky2-limb,xor/u8,100,2,0.005940914154052734
verify,noirky2-limb,xor/u8,100,3,0.006072044372558594
verify,noirky2-limb,xor/u8,100,4,0.006234645843505859
verify,noirky2-limb,xor/u8,100,5,0.00626063346862793
verify,noirky2-limb,xor/u8,100,6,0.0064544677734375
verify,noirky2-limb,xor/u8,100,7,0.005779266357421875
verify,noirky2-limb,xor/u8,100,8,0.0058252811431884766
verify,noirky2-limb,xor/u8,100,9,0.00584864616394043
verify,noirky2-limb,xor/u8,100,10,0.005999326705932617
verify,noirky2-limb,xor/u8,100,11,0.006143808364868164
verify,noirky2-limb,xor/u8,100,12,0.005987882614135742
verify,noirky2-limb,xor/u8,100,13,0.00594639778137207
verify,noirky2-limb,xor/u8,100,14,0.005527496337890625
verify,noirky2-limb,xor/u8,500,0,0.006224870681762695
verify,noirky2-limb,xor/u8,500,1,0.00599360466003418
verify,noirky2-limb,xor/u8,500,2,0.00609278678894043
verify,noirky2-limb,xor/u8,500,3,0.0059587955474853516
verify,noirky2-limb,xor/u8,500,4,0.005984306335449219
verify,noirky2-limb,xor/u8,500,5,0.006008625030517578
verify,noirky2-limb,xor/u8,500,6,0.0059642791748046875
verify,noirky2-limb,xor/u8,500,7,0.005904674530029297
verify,noirky2-limb,xor/u8,500,8,0.0057260990142822266
verify,noirky2-limb,xor/u8,500,9,0.0055353641510009766
verify,noirky2-limb,xor/u8,500,10,0.0057086944580078125
verify,noirky2-limb,xor/u8,500,11,0.006114482879638672
verify,noirky2-limb,xor/u8,500,12,0.006014823913574219
verify,noirky2-limb,xor/u8,500,13,0.005811929702758789
verify,noirky2-limb,xor/u8,500,14,0.005762338638305664
verify,noirky2-limb,xor/u8,1000,0,0.0058612823486328125
verify,noirky2-limb,xor/u8,1000,1,0.005945444107055664
verify,noirky2-limb,xor/u8,1000,2,0.006139278411865234
verify,noirky2-limb,xor/u8,1000,3,0.007455110549926758
verify,noirky2-limb,xor/u8,1000,4,0.007102012634277344
verify,noirky2-limb,xor/u8,1000,5,0.0068511962890625
verify,noirky2-limb,xor/u8,1000,6,0.007683277130126953
verify,noirky2-limb,xor/u8,1000,7,0.006150245666503906
verify,noirky2-limb,xor/u8,1000,8,0.006981849670410156
verify,noirky2-limb,xor/u8,1000,9,0.0058252811431884766
verify,noirky2-limb,xor/u8,1000,10,0.006587982177734375
verify,noirky2-limb,xor/u8,1000,11,0.006212711334228516
verify,noirky2-limb,xor/u8,1000,12,0.0065021514892578125
verify,noirky2-limb,xor/u8,1000,13,0.005760908126831055
verify,noirky2-limb,xor/u8,1000,14,0.006201267242431641
verify,noirky2-limb,xor/u8,2000,0,0.006200551986694336
verify,noirky2-limb,xor/u8,2000,1,0.00675201416015625
verify,noirky2-limb,xor/u8,2000,2,0.005884647369384766
verify,noirky2-limb,xor/u8,2000,3,0.006394624710083008
verify,noirky2-limb,xor/u8,2000,4,0.0058231353759765625
verify,noirky2-limb,xor/u8,2000,5,0.0060498714447021484
verify,noirky2-limb,xor/u8,2000,6,0.005948066711425781
verify,noirky2-limb,xor/u8,2000,7,0.006129264831542969
verify,noirky2-limb,xor/u8,2000,8,0.00589752197265625
verify,noirky2-limb,xor/u8,2000,9,0.0072786808013916016
verify,noirky2-limb,xor/u8,2000,10,0.006940603256225586
verify,noirky2-limb,xor/u8,2000,11,0.007468700408935547
verify,noirky2-limb,xor/u8,2000,12,0.006350994110107422
verify,noirky2-limb,xor/u8,2000,13,0.0072057247161865234
verify,noirky2-limb,xor/u8,2000,14,0.008218050003051758
verify,noirky2-limb-nozk,xor/u8,100,0,0.005012989044189453
verify,noirky2-limb-nozk,xor/u8,100,1,0.0051424503326416016
verify,noirky2-limb-nozk,xor/u8,100,2,0.004917144775390625
verify,noirky2-limb-nozk,xor/u8,100,3,0.004991769790649414
verify,noirky2-limb-nozk,xor/u8,100,4,0.004884004592895508
verify,noirky2-limb-nozk,xor/u8,100,5,0.00533294677734375
verify,noirky2-limb-nozk,xor/u8,100,6,0.005360841751098633
verify,noirky2-limb-nozk,xor/u8,100,7,0.006623506546020508
verify,noirky2-limb-nozk,xor/u8,100,8,0.005618572235107422
verify,noirky2-limb-nozk,xor/u8,100,9,0.006090402603149414
verify,noirky2-limb-nozk,xor/u8,100,10,0.005152463912963867
verify,noirky2-limb-nozk,xor/u8,100,11,0.005743741989135742
verify,noirky2-limb-nozk,xor/u8,100,12,0.00762486457824707
verify,noirky2-limb-nozk,xor/u8,100,13,0.006323337554931641
verify,noirky2-limb-nozk,xor/u8,100,14,0.007485866546630859
verify,noirky2-limb-nozk,xor/u8,500,0,0.005267143249511719
verify,noirky2-limb-nozk,xor/u8,500,1,0.005269765853881836
verify,noirky2-limb-nozk,xor/u8,500,2,0.005308866500854492
verify,noirky2-limb-nozk,xor/u8,500,3,0.005221128463745117
verify,noirky2-limb-nozk,xor/u8,500,4,0.005014896392822266
verify,noirky2-limb-nozk,xor/u8,500,5,0.005007266998291016
verify,noirky2-limb-nozk,xor/u8,500,6,0.0051727294921875
verify,noirky2-limb-nozk,xor/u8,500,7,0.005174160003662109
verify,noirky2-limb-nozk,xor/u8,500,8,0.005385875701904297
verify,noirky2-limb-nozk,xor/u8,500,9,0.005032062530517578
verify,noirky2-limb-nozk,xor/u8,500,10,0.004842042922973633
verify,noirky2-limb-nozk,xor/u8,500,11,0.005052804946899414
verify,noirky2-limb-nozk,xor/u8,500,12,0.005566120147705078
verify,noirky2-limb-nozk,xor/u8,500,13,0.006134986877441406
verify,noirky2-limb-nozk,xor/u8,500,14,0.005647897720336914
verify,noirky2-limb-nozk,xor/u8,1000,0,0.011494636535644531
verify,noirky2-limb-nozk,xor/u8,1000,1,0.006792783737182617
verify,noirky2-limb-nozk,xor/u8,1000,2,0.00637054443359375
verify,noirky2-limb-nozk,xor/u8,1000,3,0.005792140960693359
verify,noirky2-limb-nozk,xor/u8,1000,4,0.005734443664550781
verify,noirky2-limb-nozk,xor/u8,1000,5,0.006441831588745117
verify,noirky2-limb-nozk,xor/u8,1000,6,0.005446672439575195
verify,noirky2-limb-nozk,xor/u8,1000,7,0.007719516754150391
verify,noirky2-limb-nozk,xor/u8,1000,8,0.0072116851806640625
verify,noirky2-limb-nozk,xor/u8,1000,9,0.005679130554199219
verify,noirky2-limb-nozk,xor/u8,1000,10,0.007803678512573242
verify,noirky2-limb-nozk,xor/u8,1000,11,0.009072065353393555
verify,noirky2-limb-nozk,xor/u8,1000,12,0.0073146820068359375
verify,noirky2-limb-nozk,xor/u8,1000,13,0.007293224334716797
verify,noirky2-limb-nozk,xor/u8,1000,14,0.006069183349609375
verify,noirky2-limb-nozk,xor/u8,2000,0,0.005801677703857422
verify,noirky2-limb-nozk,xor/u8,2000,1,0.005279064178466797
verify,noirky2-limb-nozk,xor/u8,2000,2,0.005614757537841797
verify,noirky2-limb-nozk,xor/u8,2000,3,0.004782438278198242
verify,noirky2-limb-nozk,xor/u8,2000,4,0.005331516265869141
verify,noirky2-limb-nozk,xor/u8,2000,5,0.005568027496337891
verify,noirky2-limb-nozk,xor/u8,2000,6,0.005445241928100586
verify,noirky2-limb-nozk,xor/u8,2000,7,0.005015850067138672
verify,noirky2-limb-nozk,xor/u8,2000,8,0.00497126579284668
verify,noirky2-limb-nozk,xor/u8,2000,9,0.005247831344604492
verify,noirky2-limb-nozk,xor/u8,2000,10,0.0058515071868896484
verify,noirky2-limb-nozk,xor/u8,2000,11,0.0052509307861328125
verify,noirky2-limb-nozk,xor/u8,2000,12,0.005486488342285156
verify,noirky2-limb-nozk,xor/u8,2000,13,0.00529932975769043
verify,noirky2-limb-nozk,xor/u8,2000,14,0.005143165588378906
verify,noirky2-bits,xor/u16,100,0,0.00450897216796875
verify,noirky2-bits,xor/u16,100,1,0.004627227783203125
verify,noirky2-bits,xor/u16,100,2,0.004859209060668945
verify,noirky2-bits,xor/u16,100,3,0.004424571990966797
verify,noirky2-bits,xor/u16,100,4,0.004558086395263672
verify,noirky2-bits,xor/u16,100,5,0.0046198368072509766
verify,noirky2-bits,xor/u16,100,6,0.004464864730834961
verify,noirky2-bits,xor/u16,100,7,0.0042951107025146484
verify,noirky2-bits,xor/u16,100,8,0.004532814025878906
verify,noirky2-bits,xor/u16,100,9,0.005126237869262695
verify,noirky2-bits,xor/u16,100,10,0.005837917327880859
verify,noirky2-bits,xor/u16,100,11,0.004724740982055664
verify,noirky2-bits,xor/u16,100,12,0.005285024642944336
verify,noirky2-bits,xor/u16,100,13,0.004662036895751953
verify,noirky2-bits,xor/u16,100,14,0.004731178283691406
verify,noirky2-bits,xor/u16,500,0,0.0047817230224609375
verify,noirky2-bits,xor/u16,500,1,0.004877567291259766
verify,noirky2-bits,xor/u16,500,2,0.004981517791748047
verify,noirky2-bits,xor/u16,500,3,0.0045719146728515625
verify,noirky2-bits,xor/u16,500,4,0.004506349563598633
verify,noirky2-bits,xor/u16,500,5,0.00448155403137207
verify,noirky2-bits,xor/u16,500,6,0.0047609806060791016
verify,noirky2-bits,xor/u16,500,7,0.005576372146606445
verify,noirky2-bits,xor/u16,500,8,0.004943132400512695
verify,noirky2-bits,xor/u16,500,9,0.0064084529876708984
verify,noirky2-bits,xor/u16,500,10,0.006449699401855469
verify,noirky2-bits,xor/u16,500,11,0.005416393280029297
verify,noirky2-bits,xor/u16,500,12,0.004805088043212891
verify,noirky2-bits,xor/u16,500,13,0.0054874420166015625
verify,noirky2-bits,xor/u16,500,14,0.006633281707763672
verify,noirky2-bits,xor/u16,1000,0,0.005193948745727539
verify,noirky2-bits,xor/u16,1000,1,0.0072765350341796875
verify,noirky2-bits,xor/u16,1000,2,0.008605718612670898
verify,noirky2-bits,xor/u16,1000,3,0.006885051727294922
verify,noirky2-bits,xor/u16,1000,4,0.0065190792083740234
verify,noirky2-bits,xor/u16,1000,5,0.004880189895629883
verify,noirky2-bits,xor/u16,1000,6,0.004643440246582031
verify,noirky2-bits,xor/u16,1000,7,0.004659175872802734
verify,noirky2-bits,xor/u16,1000,8,0.004667758941650391
verify,noirky2-bits,xor/u16,1000,9,0.00469970703125
verify,noirky2-bits,xor/u16,1000,10,0.004365444183349609
verify,noirky2-bits,xor/u16,1000,11,0.0043637752532958984
verify,noirky2-bits,xor/u16,1000,12,0.004569053649902344
verify,noirky2-bits,xor/u16,1000,13,0.004320621490478516
verify,noirky2-bits,xor/u16,1000,14,0.0044481754302978516
verify,noirky2-bits,xor/u16,2000,0,0.00632786750793457
verify,noirky2-bits,xor/u16,2000,1,0.0072133541107177734
verify,noirky2-bits,xor/u16,2000,2,0.006067752838134766
verify,noirky2-bits,xor/u16,2000,3,0.006892681121826172
verify,noirky2-bits,xor/u16,2000,4,0.005402803421020508
verify,noirky2-bits,xor/u16,2000,5,0.006235599517822266
verify,noirky2-bits,xor/u16,2000,6,0.00487065315246582
verify,noirky2-bits,xor/u16,2000,7,0.004824638366699219
verify,noirky2-bits,xor/u16,2000,8,0.004583597183227539
verify,noirky2-bits,xor/u16,2000,9,0.005101680755615234
verify,noirky2-bits,xor/u16,2000,10,0.00475311279296875
verify,noirky2-bits,xor/u16,2000,11,0.005167484283447266
verify,noirky2-bits,xor/u16,2000,12,0.0047457218170166016
verify,noirky2-bits,xor/u16,2000,13,0.00527644157409668
verify,noirky2-bits,xor/u16,2000,14,0.005349874496459961
verify,noirky2-bits-nozk,xor/u16,100,0,0.004118919372558594
verify,noirky2-bits-nozk,xor/u16,100,1,0.00400996208190918
verify,noirky2-bits-nozk,xor/u16,100,2,0.004075765609741211
verify,noirky2-bits-nozk,xor/u16,100,3,0.0038747787475585938
verify,noirky2-bits-nozk,xor/u16,100,4,0.0046269893646240234
verify,noirky2-bits-nozk,xor/u16,100,5,0.004785060882568359
verify,noirky2-bits-nozk,xor/u16,100,6,0.005314350128173828
verify,noirky2-bits-nozk,xor/u16,100,7,0.0040357112884521484
verify,noirky2-bits-nozk,xor/u16,100,8,0.0049953460693359375
verify,noirky2-bits-nozk,xor/u16,100,9,0.003901958465576172
verify,noirky2-bits-nozk,xor/u16,100,10,0.00443577766418457
verify,noirky2-bits-nozk,xor/u16,100,11,0.003782033920288086
verify,noirky2-bits-nozk,xor/u16,100,12,0.003995180130004883
verify,noirky2-bits-nozk,xor/u16,100,13,0.0037322044372558594
verify,noirky2-bits-nozk,xor/u16,100,14,0.003772735595703125
verify,noirky2-bits-nozk,xor/u16,500,0,0.0037698745727539062
verify,noirky2-bits-nozk,xor/u16,500,1,0.004484891891479492
verify,noirky2-bits-nozk,xor/u16,500,2,0.0039768218994140625
verify,noirky2-bits-nozk,xor/u16,500,3,0.003971576690673828
verify,noirky2-bits-nozk,xor/u16,500,4,0.003863096237182617
verify,noirky2-bits-nozk,xor/u16,500,5,0.0034971237182617188
verify,noirky2-bits-nozk,xor/u16,500,6,0.0036852359771728516
verify,noirky2-bits-nozk,xor/u16,500,7,0.003619670867919922
verify,noirky2-bits-nozk,xor/u16,500,8,0.0036766529083251953
verify,noirky2-bits-nozk,xor/u16,500,9,0.0039234161376953125
verify,noirky2-bits-nozk,xor/u16,500,10,0.003818988800048828
verify,noirky2-bits-nozk,xor/u16,500,11,0.003650188446044922
verify,noirky2-bits-nozk,xor/u16,500,12,0.003909111022949219
verify,noirky2-bits-nozk,xor/u16,500,13,0.0036072731018066406
verify,noirky2-bits-nozk,xor/u16,500,14,0.0037636756896972656
verify,noirky2-bits-nozk,xor/u16,1000,0,0.00377655029296875
verify,noirky2-bits-nozk,xor/u16,1000,1,0.003839254379272461
verify,noirky2-bits-nozk,xor/u16,1000,2,0.004050731658935547
verify,noirky2-bits-nozk,xor/u16,1000,3,0.004126071929931641
verify,noirky2-bits-nozk,xor/u16,1000,4,0.003930807113647461
verify,noirky2-bits-nozk,xor/u16,1000,5,0.0038237571716308594
verify,noirky2-bits-nozk,xor/u16,1000,6,0.003998994827270508
verify,noirky2-bits-nozk,xor/u16,1000,7,0.003916740417480469
verify,noirky2-bits-nozk,xor/u16,1000,8,0.0037958621978759766
verify,noirky2-bits-nozk,xor/u16,1000,9,0.0038263797760009766
verify,noirky2-bits-nozk,xor/u16,1000,10,0.0040111541748046875
verify,noirky2-bits-nozk,xor/u16,1000,11,0.0040705204010009766
verify,noirky2-bits-nozk,xor/u16,1000,12,0.0039975643157958984
verify,noirky2-bits-nozk,xor/u16,1000,13,0.004411458969116211
verify,noirky2-bits-nozk,xor/u16,1000,14,0.0042798519134521484
verify,noirky2-bits-nozk,xor/u16,2000,0,0.0044269561767578125
verify,noirky2-bits-nozk,xor/u16,2000,1,0.004269123077392578
verify,noirky2-bits-nozk,xor/u16,2000,2,0.00462031364440918
verify,noirky2-bits-nozk,xor/u16,2000,3,0.004910707473754883
verify,noirky2-bits-nozk,xor/u16,2000,4,0.0052280426025390625
verify,noirky2-bits-nozk,xor/u16,2000,5,0.006647348403930664
verify,noirky2-bits-nozk,xor/u16,2000,6,0.004383087158203125
verify,noirky2-bits-nozk,xor/u16,2000,7,0.004499673843383789
verify,noirky2-bits-nozk,xor/u16,2000,8,0.0044422149658203125
verify,noirky2-bits-nozk,xor/u16,2000,9,0.004622220993041992
verify,noirky2-bits-nozk,xor/u16,2000,10,0.004625797271728516
verify,noirky2-bits-nozk,xor/u16,2000,11,0.004623889923095703
verify,noirky2-bits-nozk,xor/u16,2000,12,0.004461050033569336
verify,noirky2-bits-nozk,xor/u16,2000,13,0.004329681396484375
verify,noirky2-bits-nozk,xor/u16,2000,14,0.004355669021606445
verify,bb,xor/u16,100,0,0.024629592895507812
verify,bb,xor/u16,100,1,0.025309324264526367
verify,bb,xor/u16,100,2,0.02538442611694336
verify,bb,xor/u16,100,3,0.025379419326782227
verify,bb,xor/u16,100,4,0.024996519088745117
verify,bb,xor/u16,100,5,0.025304079055786133
verify,bb,xor/u16,100,6,0.025231361389160156
verify,bb,xor/u16,100,7,0.026012182235717773
verify,bb,xor/u16,100,8,0.02500438690185547
verify,bb,xor/u16,100,9,0.025243520736694336
verify,bb,xor/u16,100,10,0.024927854537963867
verify,bb,xor/u16,100,11,0.02507948875427246
verify,bb,xor/u16,100,12,0.025273799896240234
verify,bb,xor/u16,100,13,0.02521204948425293
verify,bb,xor/u16,100,14,0.0248260498046875
verify,bb,xor/u16,500,0,0.025113821029663086
verify,bb,xor/u16,500,1,0.025312185287475586
verify,bb,xor/u16,500,2,0.025042295455932617
verify,bb,xor/u16,500,3,0.024980783462524414
verify,bb,xor/u16,500,4,0.024993181228637695
verify,bb,xor/u16,500,5,0.025043249130249023
verify,bb,xor/u16,500,6,0.025280237197875977
verify,bb,xor/u16,500,7,0.025361061096191406
verify,bb,xor/u16,500,8,0.025697946548461914
verify,bb,xor/u16,500,9,0.025091171264648438
verify,bb,xor/u16,500,10,0.02518177032470703
verify,bb,xor/u16,500,11,0.026047468185424805
verify,bb,xor/u16,500,12,0.025667905807495117
verify,bb,xor/u16,500,13,0.024669408798217773
verify,bb,xor/u16,500,14,0.025038480758666992
verify,bb,xor/u16,1000,0,0.0255434513092041
verify,bb,xor/u16,1000,1,0.025097370147705078
verify,bb,xor/u16,1000,2,0.02513742446899414
verify,bb,xor/u16,1000,3,0.025722742080688477
verify,bb,xor/u16,1000,4,0.02495265007019043
verify,bb,xor/u16,1000,5,0.024776458740234375
verify,bb,xor/u16,1000,6,0.025248050689697266
verify,bb,xor/u16,1000,7,0.025140047073364258
verify,bb,xor/u16,1000,8,0.025109529495239258
verify,bb,xor/u16,1000,9,0.025232791900634766
verify,bb,xor/u16,1000,10,0.025229930877685547
verify,bb,xor/u16,1000,11,0.02483344078063965
verify,bb,xor/u16,1000,12,0.024778366088867188
verify,bb,xor/u16,1000,13,0.025421857833862305
verify,bb,xor/u16,1000,14,0.025066375732421875
verify,bb,xor/u16,2000,0,0.0248870849609375
verify,bb,xor/u16,2000,1,0.0250546932220459
verify,bb,xor/u16,2000,2,0.02544569969177246
verify,bb,xor/u16,2000,3,0.025429487228393555
verify,bb,xor/u16,2000,4,0.025202274322509766
verify,bb,xor/u16,2000,5,0.025292396545410156
verify,bb,xor/u16,2000,6,0.025417566299438477
verify,bb,xor/u16,2000,7,0.024709224700927734
verify,bb,xor/u16,2000,8,0.02500629425048828
verify,bb,xor/u16,2000,9,0.025049686431884766
verify,bb,xor/u16,2000,10,0.025379419326782227
verify,bb,xor/u16,2000,11,0.025258302688598633
verify,bb,xor/u16,2000,12,0.0251767635345459
verify,bb,xor/u16,2000,13,0.025806188583374023
verify,bb,xor/u16,2000,14,0.0252535343170166
verify,noirky2-limb,xor/u16,100,0,0.006255149841308594
verify,noirky2-limb,xor/u16,100,1,0.0062983036041259766
verify,noirky2-limb,xor/u16,100,2,0.006186246871948242
verify,noirky2-limb,xor/u16,100,3,0.0069751739501953125
verify,noirky2-limb,xor/u16,100,4,0.008025169372558594
verify,noirky2-limb,xor/u16,100,5,0.006449460983276367
verify,noirky2-limb,xor/u16,100,6,0.007771968841552734
verify,noirky2-limb,xor/u16,100,7,0.00883936882019043
verify,noirky2-limb,xor/u16,100,8,0.006748676300048828
verify,noirky2-limb,xor/u16,100,9,0.00700688362121582
verify,noirky2-limb,xor/u16,100,10,0.005957603454589844
verify,noirky2-limb,xor/u16,100,11,0.006680965423583984
verify,noirky2-limb,xor/u16,100,12,0.0074884891510009766
verify,noirky2-limb,xor/u16,100,13,0.006021738052368164
verify,noirky2-limb,xor/u16,100,14,0.006749629974365234
verify,noirky2-limb,xor/u16,500,0,0.006070613861083984
verify,noirky2-limb,xor/u16,500,1,0.00589299201965332
verify,noirky2-limb,xor/u16,500,2,0.0060596466064453125
verify,noirky2-limb,xor/u16,500,3,0.005455732345581055
verify,noirky2-limb,xor/u16,500,4,0.005736827850341797
verify,noirky2-limb,xor/u16,500,5,0.005795717239379883
verify,noirky2-limb,xor/u16,500,6,0.005944728851318359
verify,noirky2-limb,xor/u16,500,7,0.006029367446899414
verify,noirky2-limb,xor/u16,500,8,0.0059010982513427734
verify,noirky2-limb,xor/u16,500,9,0.005667448043823242
verify,noirky2-limb,xor/u16,500,10,0.005822896957397461
verify,noirky2-limb,xor/u16,500,11,0.005826234817504883
verify,noirky2-limb,xor/u16,500,12,0.006006717681884766
verify,noirky2-limb,xor/u16,500,13,0.005870342254638672
verify,noirky2-limb,xor/u16,500,14,0.00539708137512207
verify,noirky2-limb,xor/u16,1000,0,0.005618572235107422
verify,noirky2-limb,xor/u16,1000,1,0.0057239532470703125
verify,noirky2-limb,xor/u16,1000,2,0.0059092044830322266
verify,noirky2-limb,xor/u16,1000,3,0.0058727264404296875
verify,noirky2-limb,xor/u16,1000,4,0.005644798278808594
verify,noirky2-limb,xor/u16,1000,5,0.005808353424072266
verify,noirky2-limb,xor/u16,1000,6,0.005724430084228516
verify,noirky2-limb,xor/u16,1000,7,0.006055593490600586
verify,noirky2-limb,xor/u16,1000,8,0.005884885787963867
verify,noirky2-limb,xor/u16,1000,9,0.005734920501708984
verify,noirky2-limb,xor/u16,1000,10,0.0056192874908447266
verify,noirky2-limb,xor/u16,1000,11,0.0061702728271484375
verify,noirky2-limb,xor/u16,1000,12,0.006670713424682617
verify,noirky2-limb,xor/u16,1000,13,0.007532835006713867
verify,noirky2-limb,xor/u16,1000,14,0.006264925003051758
verify,noirky2-limb,xor/u16,2000,0,0.006249189376831055
verify,noirky2-limb,xor/u16,2000,1,0.006046772003173828
verify,noirky2-limb,xor/u16,2000,2,0.005927324295043945
verify,noirky2-limb,xor/u16,2000,3,0.00599217414855957
verify,noirky2-limb,xor/u16,2000,4,0.0058591365814208984
verify,noirky2-limb,xor/u16,2000,5,0.005797624588012695
verify,noirky2-limb,xor/u16,2000,6,0.006056547164916992
verify,noirky2-limb,xor/u16,2000,7,0.005818367004394531
verify,noirky2-limb,xor/u16,2000,8,0.005803823471069336
verify,noirky2-limb,xor/u16,2000,9,0.005591154098510742
verify,noirky2-limb,xor/u16,2000,10,0.005585908889770508
verify,noirky2-limb,xor/u16,2000,11,0.006569623947143555
verify,noirky2-limb,xor/u16,2000,12,0.0072612762451171875
verify,noirky2-limb,xor/u16,2000,13,0.005572080612182617
verify,noirky2-limb,xor/u16,2000,14,0.005808830261230469
verify,noirky2-limb-nozk,xor/u16,100,0,0.005163908004760742
verify,noirky2-limb-nozk,xor/u16,100,1,0.005084991455078125
verify,noirky2-limb-nozk,xor/u16,100,2,0.005335330963134766
verify,noirky2-limb-nozk,xor/u16,100,3,0.00555109977722168
verify,noirky2-limb-nozk,xor/u16,100,4,0.0052182674407958984
verify,noirky2-limb-nozk,xor/u16,100,5,0.004891395568847656
verify,noirky2-limb-nozk,xor/u16,100,6,0.0050122737884521484
verify,noirky2-limb-nozk,xor/u16,100,7,0.0053234100341796875
verify,noirky2-limb-nozk,xor/u16,100,8,0.0050966739654541016
verify,noirky2-limb-nozk,xor/u16,100,9,0.005451202392578125
verify,noirky2-limb-nozk,xor/u16,100,10,0.0050296783447265625
verify,noirky2-limb-nozk,xor/u16,100,11,0.005216836929321289
verify,noirky2-limb-nozk,xor/u16,100,12,0.004950761795043945
verify,noirky2-limb-nozk,xor/u16,100,13,0.005226850509643555
verify,noirky2-limb-nozk,xor/u16,100,14,0.0053691864013671875
verify,noirky2-limb-nozk,xor/u16,500,0,0.0061244964599609375
verify,noirky2-limb-nozk,xor/u16,500,1,0.0055027008056640625
verify,noirky2-limb-nozk,xor/u16,500,2,0.00577855110168457
verify,noirky2-limb-nozk,xor/u16,500,3,0.004633188247680664
verify,noirky2-limb-nozk,xor/u16,500,4,0.005424976348876953
verify,noirky2-limb-nozk,xor/u16,500,5,0.0051386356353759766
verify,noirky2-limb-nozk,xor/u16,500,6,0.005376338958740234
verify,noirky2-limb-nozk,xor/u16,500,7,0.005594015121459961
verify,noirky2-limb-nozk,xor/u16,500,8,0.006346702575683594
verify,noirky2-limb-nozk,xor/u16,500,9,0.0053691864013671875
verify,noirky2-limb-nozk,xor/u16,500,10,0.006025075912475586
verify,noirky2-limb-nozk,xor/u16,500,11,0.005353212356567383
verify,noirky2-limb-nozk,xor/u16,500,12,0.005797386169433594
verify,noirky2-limb-nozk,xor/u16,500,13,0.005366086959838867
verify,noirky2-limb-nozk,xor/u16,500,14,0.0054378509521484375
verify,noirky2-limb-nozk,xor/u16,1000,0,0.0051937103271484375
verify,noirky2-limb-nozk,xor/u16,1000,1,0.0054111480712890625
verify,noirky2-limb-nozk,xor/u16,1000,2,0.005285739898681641
verify,noirky2-limb-nozk,xor/u16,1000,3,0.005035877227783203
verify,noirky2-limb-nozk,xor/u16,1000,4,0.005059957504272461
verify,noirky2-limb-nozk,xor/u16,1000,5,0.004707813262939453
verify,noirky2-limb-nozk,xor/u16,1000,6,0.005409717559814453
verify,noirky2-limb-nozk,xor/u16,1000,7,0.005399227142333984
verify,noirky2-limb-nozk,xor/u16,1000,8,0.005296468734741211
verify,noirky2-limb-nozk,xor/u16,1000,9,0.005100250244140625
verify,noirky2-limb-nozk,xor/u16,1000,10,0.005252838134765625
verify,noirky2-limb-nozk,xor/u16,1000,11,0.004811763763427734
verify,noirky2-limb-nozk,xor/u16,1000,12,0.005427837371826172
verify,noirky2-limb-nozk,xor/u16,1000,13,0.005318641662597656
verify,noirky2-limb-nozk,xor/u16,1000,14,0.005639553070068359
verify,noirky2-limb-nozk,xor/u16,2000,0,0.0050199031829833984
verify,noirky2-limb-nozk,xor/u16,2000,1,0.0052983760833740234
verify,noirky2-limb-nozk,xor/u16,2000,2,0.005321979522705078
verify,noirky2-limb-nozk,xor/u16,2000,3,0.00620579719543457
verify,noirky2-limb-nozk,xor/u16,2000,4,0.005648374557495117
verify,noirky2-limb-nozk,xor/u16,2000,5,0.00524592399597168
verify,noirky2-limb-nozk,xor/u16,2000,6,0.005128383636474609
verify,noirky2-limb-nozk,xor/u16,2000,7,0.005024433135986328
verify,noirky2-limb-nozk,xor/u16,2000,8,0.005243062973022461
verify,noirky2-limb-nozk,xor/u16,2000,9,0.005090236663818359
verify,noirky2-limb-nozk,xor/u16,2000,10,0.005094051361083984
verify,noirky2-limb-nozk,xor/u16,2000,11,0.005301952362060547
verify,noirky2-limb-nozk,xor/u16,2000,12,0.004786491394042969
verify,noirky2-limb-nozk,xor/u16,2000,13,0.005301713943481445
verify,noirky2-limb-nozk,xor/u16,2000,14,0.005123138427734375
verify,noirky2-bits,xor/u32,100,0,0.0056362152099609375
verify,noirky2-bits,xor/u32,100,1,0.004408359527587891
verify,noirky2-bits,xor/u32,100,2,0.004518747329711914
verify,noirky2-bits,xor/u32,100,3,0.004387855529785156
verify,noirky2-bits,xor/u32,100,4,0.0044438838958740234
verify,noirky2-bits,xor/u32,100,5,0.004494428634643555
verify,noirky2-bits,xor/u32,100,6,0.00452113151550293
verify,noirky2-bits,xor/u32,100,7,0.0045719146728515625
verify,noirky2-bits,xor/u32,100,8,0.004518985748291016
verify,noirky2-bits,xor/u32,100,9,0.004386425018310547
verify,noirky2-bits,xor/u32,100,10,0.00460362434387207
verify,noirky2-bits,xor/u32,100,11,0.004209995269775391
verify,noirky2-bits,xor/u32,100,12,0.004373788833618164
verify,noirky2-bits,xor/u32,100,13,0.004393815994262695
verify,noirky2-bits,xor/u32,100,14,0.0042972564697265625
verify,noirky2-bits,xor/u32,500,0,0.00414586067199707
verify,noirky2-bits,xor/u32,500,1,0.004599571228027344
verify,noirky2-bits,xor/u32,500,2,0.004202604293823242
verify,noirky2-bits,xor/u32,500,3,0.0043582916259765625
verify,noirky2-bits,xor/u32,500,4,0.004316091537475586
verify,noirky2-bits,xor/u32,500,5,0.004536867141723633
verify,noirky2-bits,xor/u32,500,6,0.004738569259643555
verify,noirky2-bits,xor/u32,500,7,0.004423379898071289
verify,noirky2-bits,xor/u32,500,8,0.004315614700317383
verify,noirky2-bits,xor/u32,500,9,0.004339456558227539
verify,noirky2-bits,xor/u32,500,10,0.0044040679931640625
verify,noirky2-bits,xor/u32,500,11,0.004400730133056641
verify,noirky2-bits,xor/u32,500,12,0.004370689392089844
verify,noirky2-bits,xor/u32,500,13,0.00437164306640625
verify,noirky2-bits,xor/u32,500,14,0.004189014434814453
verify,noirky2-bits,xor/u32,1000,0,0.004633426666259766
verify,noirky2-bits,xor/u32,1000,1,0.00469970703125
verify,noirky2-bits,xor/u32,1000,2,0.004780292510986328
verify,noirky2-bits,xor/u32,1000,3,0.0046901702880859375
verify,noirky2-bits,xor/u32,1000,4,0.004782438278198242
verify,noirky2-bits,xor/u32,1000,5,0.005074739456176758
verify,noirky2-bits,xor/u32,1000,6,0.004532337188720703
verify,noirky2-bits,xor/u32,1000,7,0.004624605178833008
verify,noirky2-bits,xor/u32,1000,8,0.004848003387451172
verify,noirky2-bits,xor/u32,1000,9,0.004343986511230469
verify,noirky2-bits,xor/u32,1000,10,0.0049114227294921875
verify,noirky2-bits,xor/u32,1000,11,0.004706621170043945
verify,noirky2-bits,xor/u32,1000,12,0.004717350006103516
verify,noirky2-bits,xor/u32,1000,13,0.00487065315246582
verify,noirky2-bits,xor/u32,1000,14,0.004750728607177734
verify,noirky2-bits,xor/u32,2000,0,0.004296064376831055
verify,noirky2-bits,xor/u32,2000,1,0.004704713821411133
verify,noirky2-bits,xor/u32,2000,2,0.004617214202880859
verify,noirky2-bits,xor/u32,2000,3,0.005031585693359375
verify,noirky2-bits,xor/u32,2000,4,0.004788398742675781
verify,noirky2-bits,xor/u32,2000,5,0.004967927932739258
verify,noirky2-bits,xor/u32,2000,6,0.004660606384277344
verify,noirky2-bits,xor/u32,2000,7,0.004882097244262695
verify,noirky2-bits,xor/u32,2000,8,0.0049016475677490234
verify,noirky2-bits,xor/u32,2000,9,0.004461526870727539
verify,noirky2-bits,xor/u32,2000,10,0.004839181900024414
verify,noirky2-bits,xor/u32,2000,11,0.004743814468383789
verify,noirky2-bits,xor/u32,2000,12,0.004774808883666992
verify,noirky2-bits,xor/u32,2000,13,0.0049991607666015625
verify,noirky2-bits,xor/u32,2000,14,0.0050961971282958984
verify,noirky2-bits-nozk,xor/u32,100,0,0.003655672073364258
verify,noirky2-bits-nozk,xor/u32,100,1,0.003871440887451172
verify,noirky2-bits-nozk,xor/u32,100,2,0.0033631324768066406
verify,noirky2-bits-nozk,xor/u32,100,3,0.0037572383880615234
verify,noirky2-bits-nozk,xor/u32,100,4,0.0036573410034179688
verify,noirky2-bits-nozk,xor/u32,100,5,0.004469633102416992
verify,noirky2-bits-nozk,xor/u32,100,6,0.0034890174865722656
verify,noirky2-bits-nozk,xor/u32,100,7,0.003870725631713867
verify,noirky2-bits-nozk,xor/u32,100,8,0.0036737918853759766
verify,noirky2-bits-nozk,xor/u32,100,9,0.00390934944152832
verify,noirky2-bits-nozk,xor/u32,100,10,0.0033490657806396484
verify,noirky2-bits-nozk,xor/u32,100,11,0.003560781478881836
verify,noirky2-bits-nozk,xor/u32,100,12,0.0037488937377929688
verify,noirky2-bits-nozk,xor/u32,100,13,0.003493070602416992
verify,noirky2-bits-nozk,xor/u32,100,14,0.0036666393280029297
verify,noirky2-bits-nozk,xor/u32,500,0,0.004097938537597656
verify,noirky2-bits-nozk,xor/u32,500,1,0.004189729690551758
verify,noirky2-bits-nozk,xor/u32,500,2,0.0037353038787841797
verify,noirky2-bits-nozk,xor/u32,500,3,0.004165172576904297
verify,noirky2-bits-nozk,xor/u32,500,4,0.0037686824798583984
verify,noirky2-bits-nozk,xor/u32,500,5,0.0041484832763671875
verify,noirky2-bits-nozk,xor/u32,500,6,0.00453639030456543
verify,noirky2-bits-nozk,xor/u32,500,7,0.004149675369262695
verify,noirky2-bits-nozk,xor/u32,500,8,0.004081010818481445
verify,noirky2-bits-nozk,xor/u32,500,9,0.004103183746337891
verify,noirky2-bits-nozk,xor/u32,500,10,0.004087209701538086
verify,noirky2-bits-nozk,xor/u32,500,11,0.003725290298461914
verify,noirky2-bits-nozk,xor/u32,500,12,0.0039212703704833984
verify,noirky2-bits-nozk,xor/u32,500,13,0.003786325454711914
verify,noirky2-bits-nozk,xor/u32,500,14,0.003870248794555664
verify,noirky2-bits-nozk,xor/u32,1000,0,0.004609346389770508
verify,noirky2-bits-nozk,xor/u32,1000,1,0.0059871673583984375
verify,noirky2-bits-nozk,xor/u32,1000,2,0.009090662002563477
verify,noirky2-bits-nozk,xor/u32,1000,3,0.008117914199829102
verify,noirky2-bits-nozk,xor/u32,1000,4,0.007286548614501953
verify,noirky2-bits-nozk,xor/u32,1000,5,0.007570028305053711
verify,noirky2-bits-nozk,xor/u32,1000,6,0.008307695388793945
verify,noirky2-bits-nozk,xor/u32,1000,7,0.006087779998779297
verify,noirky2-bits-nozk,xor/u32,1000,8,0.007254362106323242
verify,noirky2-bits-nozk,xor/u32,1000,9,0.005380868911743164
verify,noirky2-bits-nozk,xor/u32,1000,10,0.006278276443481445
verify,noirky2-bits-nozk,xor/u32,1000,11,0.0059604644775390625
verify,noirky2-bits-nozk,xor/u32,1000,12,0.006949663162231445
verify,noirky2-bits-nozk,xor/u32,1000,13,0.005007505416870117
verify,noirky2-bits-nozk,xor/u32,1000,14,0.006082773208618164
verify,noirky2-bits-nozk,xor/u32,2000,0,0.004877567291259766
verify,noirky2-bits-nozk,xor/u32,2000,1,0.004892826080322266
verify,noirky2-bits-nozk,xor/u32,2000,2,0.0047969818115234375
verify,noirky2-bits-nozk,xor/u32,2000,3,0.004312753677368164
verify,noirky2-bits-nozk,xor/u32,2000,4,0.004649639129638672
verify,noirky2-bits-nozk,xor/u32,2000,5,0.004372835159301758
verify,noirky2-bits-nozk,xor/u32,2000,6,0.004832744598388672
verify,noirky2-bits-nozk,xor/u32,2000,7,0.0047702789306640625
verify,noirky2-bits-nozk,xor/u32,2000,8,0.0057795047760009766
verify,noirky2-bits-nozk,xor/u32,2000,9,0.006057024002075195
verify,noirky2-bits-nozk,xor/u32,2000,10,0.004650115966796875
verify,noirky2-bits-nozk,xor/u32,2000,11,0.005397796630859375
verify,noirky2-bits-nozk,xor/u32,2000,12,0.004774570465087891
verify,noirky2-bits-nozk,xor/u32,2000,13,0.00507664680480957
verify,noirky2-bits-nozk,xor/u32,2000,14,0.00601649284362793
verify,bb,xor/u32,100,0,0.0260164737701416
verify,bb,xor/u32,100,1,0.024662256240844727
verify,bb,xor/u32,100,2,0.025098562240600586
verify,bb,xor/u32,100,3,0.02545952796936035
verify,bb,xor/u32,100,4,0.02511906623840332
verify,bb,xor/u32,100,5,0.02559041976928711
verify,bb,xor/u32,100,6,0.025107622146606445
verify,bb,xor/u32,100,7,0.025035381317138672
verify,bb,xor/u32,100,8,0.025162935256958008
verify,bb,xor/u32,100,9,0.025605201721191406
verify,bb,xor/u32,100,10,0.025516271591186523
verify,bb,xor/u32,100,11,0.025588035583496094
verify,bb,xor/u32,100,12,0.025475025177001953
verify,bb,xor/u32,100,13,0.025410890579223633
verify,bb,xor/u32,100,14,0.025014638900756836
verify,bb,xor/u32,500,0,0.025562047958374023
verify,bb,xor/u32,500,1,0.025004148483276367
verify,bb,xor/u32,500,2,0.026086091995239258
verify,bb,xor/u32,500,3,0.0250546932220459
verify,bb,xor/u32,500,4,0.024541139602661133
verify,bb,xor/u32,500,5,0.025465011596679688
verify,bb,xor/u32,500,6,0.024804353713989258
verify,bb,xor/u32,500,7,0.0250241756439209
verify,bb,xor/u32,500,8,0.024768829345703125
verify,bb,xor/u32,500,9,0.025025367736816406
verify,bb,xor/u32,500,10,0.02531266212463379
verify,bb,xor/u32,500,11,0.025463581085205078
verify,bb,xor/u32,500,12,0.025162458419799805
verify,bb,xor/u32,500,13,0.025434017181396484
verify,bb,xor/u32,500,14,0.024946212768554688
verify,bb,xor/u32,1000,0,0.02548503875732422
verify,bb,xor/u32,1000,1,0.025119543075561523
verify,bb,xor/u32,1000,2,0.025240182876586914
verify,bb,xor/u32,1000,3,0.02616429328918457
verify,bb,xor/u32,1000,4,0.025429487228393555
verify,bb,xor/u32,1000,5,0.025671958923339844
verify,bb,xor/u32,1000,6,0.02565622329711914
verify,bb,xor/u32,1000,7,0.025190114974975586
verify,bb,xor/u32,1000,8,0.025284767150878906
verify,bb,xor/u32,1000,9,0.02477264404296875
verify,bb,xor/u32,1000,10,0.02527594566345215
verify,bb,xor/u32,1000,11,0.02567005157470703
verify,bb,xor/u32,1000,12,0.02567768096923828
verify,bb,xor/u32,1000,13,0.025229454040527344
verify,bb,xor/u32,1000,14,0.025617122650146484
verify,bb,xor/u32,2000,0,0.025461673736572266
verify,bb,xor/u32,2000,1,0.02513718605041504
verify,bb,xor/u32,2000,2,0.025336027145385742
verify,bb,xor/u32,2000,3,0.025545358657836914
verify,bb,xor/u32,2000,4,0.02550363540649414
verify,bb,xor/u32,2000,5,0.025181293487548828
verify,bb,xor/u32,2000,6,0.024859905242919922
verify,bb,xor/u32,2000,7,0.02525472640991211
verify,bb,xor/u32,2000,8,0.02542424201965332
verify,bb,xor/u32,2000,9,0.025627851486206055
verify,bb,xor/u32,2000,10,0.02499866485595703
verify,bb,xor/u32,2000,11,0.025242090225219727
verify,bb,xor/u32,2000,12,0.02541327476501465
verify,bb,xor/u32,2000,13,0.0253603458404541
verify,bb,xor/u32,2000,14,0.025508642196655273
verify,noirky2-limb,xor/u32,100,0,0.010300397872924805
verify,noirky2-limb,xor/u32,100,1,0.005696296691894531
verify,noirky2-limb,xor/u32,100,2,0.0061991214752197266
verify,noirky2-limb,xor/u32,100,3,0.006148815155029297
verify,noirky2-limb,xor/u32,100,4,0.006073951721191406
verify,noirky2-limb,xor/u32,100,5,0.0058863162994384766
verify,noirky2-limb,xor/u32,100,6,0.00597381591796875
verify,noirky2-limb,xor/u32,100,7,0.006579875946044922
verify,noirky2-limb,xor/u32,100,8,0.008394956588745117
verify,noirky2-limb,xor/u32,100,9,0.00693964958190918
verify,noirky2-limb,xor/u32,100,10,0.006940126419067383
verify,noirky2-limb,xor/u32,100,11,0.008330583572387695
verify,noirky2-limb,xor/u32,100,12,0.006328105926513672
verify,noirky2-limb,xor/u32,100,13,0.006168365478515625
verify,noirky2-limb,xor/u32,100,14,0.005630016326904297
verify,noirky2-limb,xor/u32,500,0,0.00557708740234375
verify,noirky2-limb,xor/u32,500,1,0.006308794021606445
verify,noirky2-limb,xor/u32,500,2,0.005874156951904297
verify,noirky2-limb,xor/u32,500,3,0.0056133270263671875
verify,noirky2-limb,xor/u32,500,4,0.005495309829711914
verify,noirky2-limb,xor/u32,500,5,0.006144285202026367
verify,noirky2-limb,xor/u32,500,6,0.006092548370361328
verify,noirky2-limb,xor/u32,500,7,0.006224393844604492
verify,noirky2-limb,xor/u32,500,8,0.005813121795654297
verify,noirky2-limb,xor/u32,500,9,0.006345987319946289
verify,noirky2-limb,xor/u32,500,10,0.005613565444946289
verify,noirky2-limb,xor/u32,500,11,0.005663633346557617
verify,noirky2-limb,xor/u32,500,12,0.006194591522216797
verify,noirky2-limb,xor/u32,500,13,0.006461381912231445
verify,noirky2-limb,xor/u32,500,14,0.006119966506958008
verify,noirky2-limb,xor/u32,1000,0,0.006607532501220703
verify,noirky2-limb,xor/u32,1000,1,0.006071567535400391
verify,noirky2-limb,xor/u32,1000,2,0.006157875061035156
verify,noirky2-limb,xor/u32,1000,3,0.006347179412841797
verify,noirky2-limb,xor/u32,1000,4,0.005947589874267578
verify,noirky2-limb,xor/u32,1000,5,0.00603795051574707
verify,noirky2-limb,xor/u32,1000,6,0.005858659744262695
verify,noirky2-limb,xor/u32,1000,7,0.005936622619628906
verify,noirky2-limb,xor/u32,1000,8,0.0060882568359375
verify,noirky2-limb,xor/u32,1000,9,0.005623340606689453
verify,noirky2-limb,xor/u32,1000,10,0.00593113899230957
verify,noirky2-limb,xor/u32,1000,11,0.005796194076538086
verify,noirky2-limb,xor/u32,1000,12,0.006127595901489258
verify,noirky2-limb,xor/u32,1000,13,0.005724906921386719
verify,noirky2-limb,xor/u32,1000,14,0.005834102630615234
verify,noirky2-limb,xor/u32,2000,0,0.005671977996826172
verify,noirky2-limb,xor/u32,2000,1,0.005768775939941406
verify,noirky2-limb,xor/u32,2000,2,0.005954265594482422
verify,noirky2-limb,xor/u32,2000,3,0.006192445755004883
verify,noirky2-limb,xor/u32,2000,4,0.0061757564544677734
verify,noirky2-limb,xor/u32,2000,5,0.0058422088623046875
verify,noirky2-limb,xor/u32,2000,6,0.005973339080810547
verify,noirky2-limb,xor/u32,2000,7,0.006039619445800781
verify,noirky2-limb,xor/u32,2000,8,0.005855560302734375
verify,noirky2-limb,xor/u32,2000,9,0.006104230880737305
verify,noirky2-limb,xor/u32,2000,10,0.006249666213989258
verify,noirky2-limb,xor/u32,2000,11,0.007081031799316406
verify,noirky2-limb,xor/u32,2000,12,0.00599980354309082
verify,noirky2-limb,xor/u32,2000,13,0.006321430206298828
verify,noirky2-limb,xor/u32,2000,14,0.006077766418457031
verify,noirky2-limb-nozk,xor/u32,100,0,0.005226850509643555
verify,noirky2-limb-nozk,xor/u32,100,1,0.00522613525390625
verify,noirky2-limb-nozk,xor/u32,100,2,0.0052394866943359375
verify,noirky2-limb-nozk,xor/u32,100,3,0.0054187774658203125
verify,noirky2-limb-nozk,xor/u32,100,4,0.005221366882324219
verify,noirky2-limb-nozk,xor/u32,100,5,0.005068540573120117
verify,noirky2-limb-nozk,xor/u32,100,6,0.005021095275878906
verify,noirky2-limb-nozk,xor/u32,100,7,0.004848957061767578
verify,noirky2-limb-nozk,xor/u32,100,8,0.005281925201416016
verify,noirky2-limb-nozk,xor/u32,100,9,0.0052754878997802734
verify,noirky2-limb-nozk,xor/u32,100,10,0.005193471908569336
verify,noirky2-limb-nozk,xor/u32,100,11,0.0049839019775390625
verify,noirky2-limb-nozk,xor/u32,100,12,0.004811763763427734
verify,noirky2-limb-nozk,xor/u32,100,13,0.005209922790527344
verify,noirky2-limb-nozk,xor/u32,100,14,0.005003690719604492
verify,noirky2-limb-nozk,xor/u32,500,0,0.005235195159912109
verify,noirky2-limb-nozk,xor/u32,500,1,0.005269527435302734
verify,noirky2-limb-nozk,xor/u32,500,2,0.005237102508544922
verify,noirky2-limb-nozk,xor/u32,500,3,0.005369424819946289
verify,noirky2-limb-nozk,xor/u32,500,4,0.005091667175292969
verify,noirky2-limb-nozk,xor/u32,500,5,0.005279541015625
verify,noirky2-limb-nozk,xor/u32,500,6,0.005370140075683594
verify,noirky2-limb-nozk,xor/u32,500,7,0.0055484771728515625
verify,noirky2-limb-nozk,xor/u32,500,8,0.005220890045166016
verify,noirky2-limb-nozk,xor/u32,500,9,0.005100727081298828
verify,noirky2-limb-nozk,xor/u32,500,10,0.00515437126159668
verify,noirky2-limb-nozk,xor/u32,500,11,0.0054285526275634766
verify,noirky2-limb-nozk,xor/u32,500,12,0.00528717041015625
verify,noirky2-limb-nozk,xor/u32,500,13,0.0056421756744384766
verify,noirky2-limb-nozk,xor/u32,500,14,0.005584716796875
verify,noirky2-limb-nozk,xor/u32,1000,0,0.005254030227661133
verify,noirky2-limb-nozk,xor/u32,1000,1,0.005217075347900391
verify,noirky2-limb-nozk,xor/u32,1000,2,0.005532503128051758
verify,noirky2-limb-nozk,xor/u32,1000,3,0.00541234016418457
verify,noirky2-limb-nozk,xor/u32,1000,4,0.005349636077880859
verify,noirky2-limb-nozk,xor/u32,1000,5,0.005508899688720703
verify,noirky2-limb-nozk,xor/u32,1000,6,0.007027387619018555
verify,noirky2-limb-nozk,xor/u32,1000,7,0.00586390495300293
verify,noirky2-limb-nozk,xor/u32,1000,8,0.0060198307037353516
verify,noirky2-limb-nozk,xor/u32,1000,9,0.0054624080657958984
verify,noirky2-limb-nozk,xor/u32,1000,10,0.005353450775146484
verify,noirky2-limb-nozk,xor/u32,1000,11,0.005029439926147461
verify,noirky2-limb-nozk,xor/u32,1000,12,0.005497455596923828
verify,noirky2-limb-nozk,xor/u32,1000,13,0.0060994625091552734
verify,noirky2-limb-nozk,xor/u32,1000,14,0.005420684814453125
verify,noirky2-limb-nozk,xor/u32,2000,0,0.006155967712402344
verify,noirky2-limb-nozk,xor/u32,2000,1,0.005249977111816406
verify,noirky2-limb-nozk,xor/u32,2000,2,0.005581855773925781
verify,noirky2-limb-nozk,xor/u32,2000,3,0.005616903305053711
verify,noirky2-limb-nozk,xor/u32,2000,4,0.005442619323730469
verify,noirky2-limb-nozk,xor/u32,2000,5,0.005504608154296875
verify,noirky2-limb-nozk,xor/u32,2000,6,0.005879402160644531
verify,noirky2-limb-nozk,xor/u32,2000,7,0.006976127624511719
verify,noirky2-limb-nozk,xor/u32,2000,8,0.005811214447021484
verify,noirky2-limb-nozk,xor/u32,2000,9,0.006397724151611328
verify,noirky2-limb-nozk,xor/u32,2000,10,0.005532026290893555
verify,noirky2-limb-nozk,xor/u32,2000,11,0.005972146987915039
verify,noirky2-limb-nozk,xor/u32,2000,12,0.00496363639831543
verify,noirky2-limb-nozk,xor/u32,2000,13,0.004922389984130859
verify,noirky2-limb-nozk,xor/u32,2000,14,0.00516057014465332
