comando,backend,ejemplo,n,iteracion,tiempo
prove,noirky2-bits,range/u8,5000,0,1.4003016948699951
prove,noirky2-bits,range/u8,5000,1,1.3825569152832031
prove,noirky2-bits,range/u8,5000,2,1.4059267044067383
prove,noirky2-bits,range/u8,5000,3,1.4692409038543701
prove,noirky2-bits,range/u8,5000,4,1.6750271320343018
prove,noirky2-bits,range/u8,5000,5,1.760580062866211
prove,noirky2-bits,range/u8,5000,6,1.690417766571045
prove,noirky2-bits,range/u8,5000,7,1.7171952724456787
prove,noirky2-bits,range/u8,5000,8,1.6636641025543213
prove,noirky2-bits,range/u8,5000,9,1.7322959899902344
prove,noirky2-bits,range/u8,5000,10,1.727273941040039
prove,noirky2-bits,range/u8,5000,11,1.7138700485229492
prove,noirky2-bits,range/u8,5000,12,1.6922860145568848
prove,noirky2-bits,range/u8,5000,13,1.6559629440307617
prove,noirky2-bits,range/u8,5000,14,1.6469824314117432
prove,noirky2-bits,range/u8,10000,0,3.116978883743286
prove,noirky2-bits,range/u8,10000,1,3.119718313217163
prove,noirky2-bits,range/u8,10000,2,3.247455358505249
prove,noirky2-bits,range/u8,10000,3,3.1780824661254883
prove,noirky2-bits,range/u8,10000,4,3.1672682762145996
prove,noirky2-bits,range/u8,10000,5,3.122452974319458
prove,noirky2-bits,range/u8,10000,6,3.171854257583618
prove,noirky2-bits,range/u8,10000,7,3.1790006160736084
prove,noirky2-bits,range/u8,10000,8,3.0962603092193604
prove,noirky2-bits,range/u8,10000,9,3.1376376152038574
prove,noirky2-bits,range/u8,10000,10,3.2099366188049316
prove,noirky2-bits,range/u8,10000,11,3.1288087368011475
prove,noirky2-bits,range/u8,10000,12,3.117706298828125
prove,noirky2-bits,range/u8,10000,13,3.1055312156677246
prove,noirky2-bits,range/u8,10000,14,3.1107852458953857
prove,noirky2-bits,range/u8,20000,0,3.16494083404541
prove,noirky2-bits,range/u8,20000,1,3.138442277908325
prove,noirky2-bits,range/u8,20000,2,3.120372772216797
prove,noirky2-bits,range/u8,20000,3,3.0930049419403076
prove,noirky2-bits,range/u8,20000,4,3.156484603881836
prove,noirky2-bits,range/u8,20000,5,3.1299829483032227
prove,noirky2-bits,range/u8,20000,6,3.1104965209960938
prove,noirky2-bits,range/u8,20000,7,3.158771276473999
prove,noirky2-bits,range/u8,20000,8,3.075134038925171
prove,noirky2-bits,range/u8,20000,9,3.094062328338623
prove,noirky2-bits,range/u8,20000,10,3.2352561950683594
prove,noirky2-bits,range/u8,20000,11,3.1177618503570557
prove,noirky2-bits,range/u8,20000,12,3.132075548171997
prove,noirky2-bits,range/u8,20000,13,3.1298468112945557
prove,noirky2-bits,range/u8,20000,14,3.215506076812744
prove,noirky2-bits-nozk,range/u8,5000,0,0.6617541313171387
prove,noirky2-bits-nozk,range/u8,5000,1,0.6079556941986084
prove,noirky2-bits-nozk,range/u8,5000,2,0.6017205715179443
prove,noirky2-bits-nozk,range/u8,5000,3,0.6048979759216309
prove,noirky2-bits-nozk,range/u8,5000,4,0.586972713470459
prove,noirky2-bits-nozk,range/u8,5000,5,0.5992765426635742
prove,noirky2-bits-nozk,range/u8,5000,6,0.622093677520752
prove,noirky2-bits-nozk,range/u8,5000,7,0.6133520603179932
prove,noirky2-bits-nozk,range/u8,5000,8,0.599909782409668
prove,noirky2-bits-nozk,range/u8,5000,9,0.6291038990020752
prove,noirky2-bits-nozk,range/u8,5000,10,0.6268444061279297
prove,noirky2-bits-nozk,range/u8,5000,11,0.6186778545379639
prove,noirky2-bits-nozk,range/u8,5000,12,0.6120517253875732
prove,noirky2-bits-nozk,range/u8,5000,13,0.620985746383667
prove,noirky2-bits-nozk,range/u8,5000,14,0.6653907299041748
prove,noirky2-bits-nozk,range/u8,10000,0,1.2029736042022705
prove,noirky2-bits-nozk,range/u8,10000,1,1.186741590499878
prove,noirky2-bits-nozk,range/u8,10000,2,1.2022688388824463
prove,noirky2-bits-nozk,range/u8,10000,3,1.2330939769744873
prove,noirky2-bits-nozk,range/u8,10000,4,1.2234885692596436
prove,noirky2-bits-nozk,range/u8,10000,5,1.204014778137207
prove,noirky2-bits-nozk,range/u8,10000,6,1.2425942420959473
prove,noirky2-bits-nozk,range/u8,10000,7,1.2173449993133545
prove,noirky2-bits-nozk,range/u8,10000,8,1.2079603672027588
prove,noirky2-bits-nozk,range/u8,10000,9,1.2265796661376953
prove,noirky2-bits-nozk,range/u8,10000,10,1.2268729209899902
prove,noirky2-bits-nozk,range/u8,10000,11,1.347184419631958
prove,noirky2-bits-nozk,range/u8,10000,12,1.214104413986206
prove,noirky2-bits-nozk,range/u8,10000,13,1.1997811794281006
prove,noirky2-bits-nozk,range/u8,10000,14,1.191054344177246
prove,noirky2-bits-nozk,range/u8,20000,0,2.4931867122650146
prove,noirky2-bits-nozk,range/u8,20000,1,2.485342264175415
prove,noirky2-bits-nozk,range/u8,20000,2,2.500474452972412
prove,noirky2-bits-nozk,range/u8,20000,3,2.476778268814087
prove,noirky2-bits-nozk,range/u8,20000,4,2.4701714515686035
prove,noirky2-bits-nozk,range/u8,20000,5,2.4850194454193115
prove,noirky2-bits-nozk,range/u8,20000,6,2.468312978744507
prove,noirky2-bits-nozk,range/u8,20000,7,2.492908239364624
prove,noirky2-bits-nozk,range/u8,20000,8,2.480743646621704
prove,noirky2-bits-nozk,range/u8,20000,9,2.4970016479492188
prove,noirky2-bits-nozk,range/u8,20000,10,2.5165181159973145
prove,noirky2-bits-nozk,range/u8,20000,11,2.5383856296539307
prove,noirky2-bits-nozk,range/u8,20000,12,2.4978456497192383
prove,noirky2-bits-nozk,range/u8,20000,13,2.496471643447876
prove,noirky2-bits-nozk,range/u8,20000,14,2.479583263397217
prove,bb,range/u8,5000,0,0.7505466938018799
prove,bb,range/u8,5000,1,0.5847375392913818
prove,bb,range/u8,5000,2,0.5854136943817139
prove,bb,range/u8,5000,3,0.5780441761016846
prove,bb,range/u8,5000,4,0.5884602069854736
prove,bb,range/u8,5000,5,0.5791728496551514
prove,bb,range/u8,5000,6,0.5808241367340088
prove,bb,range/u8,5000,7,0.5881962776184082
prove,bb,range/u8,5000,8,0.5836577415466309
prove,bb,range/u8,5000,9,0.583681583404541
prove,bb,range/u8,5000,10,0.5838916301727295
prove,bb,range/u8,5000,11,0.5827980041503906
prove,bb,range/u8,5000,12,0.5849645137786865
prove,bb,range/u8,5000,13,0.584031343460083
prove,bb,range/u8,5000,14,0.5877950191497803
prove,bb,range/u8,10000,0,0.9713225364685059
prove,bb,range/u8,10000,1,0.9854872226715088
prove,bb,range/u8,10000,2,0.9813461303710938
prove,bb,range/u8,10000,3,0.9816522598266602
prove,bb,range/u8,10000,4,0.9791653156280518
prove,bb,range/u8,10000,5,0.9834988117218018
prove,bb,range/u8,10000,6,0.9868919849395752
prove,bb,range/u8,10000,7,0.9881768226623535
prove,bb,range/u8,10000,8,0.9901089668273926
prove,bb,range/u8,10000,9,0.985567569732666
prove,bb,range/u8,10000,10,0.9845194816589355
prove,bb,range/u8,10000,11,0.9894106388092041
prove,bb,range/u8,10000,12,0.9860255718231201
prove,bb,range/u8,10000,13,0.9797511100769043
prove,bb,range/u8,10000,14,0.9815716743469238
prove,bb,range/u8,20000,0,1.7424707412719727
prove,bb,range/u8,20000,1,1.765627384185791
prove,bb,range/u8,20000,2,1.756157636642456
prove,bb,range/u8,20000,3,1.7603271007537842
prove,bb,range/u8,20000,4,1.7551002502441406
prove,bb,range/u8,20000,5,1.757491111755371
prove,bb,range/u8,20000,6,1.7633740901947021
prove,bb,range/u8,20000,7,1.7584466934204102
prove,bb,range/u8,20000,8,1.7690989971160889
prove,bb,range/u8,20000,9,1.7763493061065674
prove,bb,range/u8,20000,10,1.7612910270690918
prove,bb,range/u8,20000,11,1.7584292888641357
prove,bb,range/u8,20000,12,1.7610383033752441
prove,bb,range/u8,20000,13,1.769615650177002
prove,bb,range/u8,20000,14,1.7530851364135742
prove,noirky2-limb,range/u8,5000,0,1.9020798206329346
prove,noirky2-limb,range/u8,5000,1,1.8250398635864258
prove,noirky2-limb,range/u8,5000,2,1.839406967163086
prove,noirky2-limb,range/u8,5000,3,1.8301427364349365
prove,noirky2-limb,range/u8,5000,4,1.8190600872039795
prove,noirky2-limb,range/u8,5000,5,1.7969341278076172
prove,noirky2-limb,range/u8,5000,6,1.8383357524871826
prove,noirky2-limb,range/u8,5000,7,1.8260328769683838
prove,noirky2-limb,range/u8,5000,8,1.79207444190979
prove,noirky2-limb,range/u8,5000,9,1.8900642395019531
prove,noirky2-limb,range/u8,5000,10,1.8674452304840088
prove,noirky2-limb,range/u8,5000,11,1.819153070449829
prove,noirky2-limb,range/u8,5000,12,1.8245594501495361
prove,noirky2-limb,range/u8,5000,13,1.7943222522735596
prove,noirky2-limb,range/u8,5000,14,1.8354122638702393
prove,noirky2-limb,range/u8,10000,0,1.7827012538909912
prove,noirky2-limb,range/u8,10000,1,1.864797830581665
prove,noirky2-limb,range/u8,10000,2,1.9668827056884766
prove,noirky2-limb,range/u8,10000,3,1.8172473907470703
prove,noirky2-limb,range/u8,10000,4,1.948333501815796
prove,noirky2-limb,range/u8,10000,5,1.8856709003448486
prove,noirky2-limb,range/u8,10000,6,1.8235125541687012
prove,noirky2-limb,range/u8,10000,7,1.8273377418518066
prove,noirky2-limb,range/u8,10000,8,1.872565746307373
prove,noirky2-limb,range/u8,10000,9,1.8606898784637451
prove,noirky2-limb,range/u8,10000,10,1.7652759552001953
prove,noirky2-limb,range/u8,10000,11,1.8528056144714355
prove,noirky2-limb,range/u8,10000,12,1.8015553951263428
prove,noirky2-limb,range/u8,10000,13,1.8151299953460693
prove,noirky2-limb,range/u8,10000,14,1.7974772453308105
prove,noirky2-limb,range/u8,20000,0,1.8216238021850586
prove,noirky2-limb,range/u8,20000,1,1.8155560493469238
prove,noirky2-limb,range/u8,20000,2,1.82786226272583
prove,noirky2-limb,range/u8,20000,3,1.8238887786865234
prove,noirky2-limb,range/u8,20000,4,1.8456668853759766
prove,noirky2-limb,range/u8,20000,5,1.8405444622039795
prove,noirky2-limb,range/u8,20000,6,1.8467726707458496
prove,noirky2-limb,range/u8,20000,7,1.8423914909362793
prove,noirky2-limb,range/u8,20000,8,1.8128926753997803
prove,noirky2-limb,range/u8,20000,9,1.8409156799316406
prove,noirky2-limb,range/u8,20000,10,1.829298734664917
prove,noirky2-limb,range/u8,20000,11,1.8215663433074951
prove,noirky2-limb,range/u8,20000,12,1.8066720962524414
prove,noirky2-limb,range/u8,20000,13,1.8635194301605225
prove,noirky2-limb,range/u8,20000,14,1.877406120300293
prove,noirky2-limb-nozk,range/u8,5000,0,0.08345484733581543
prove,noirky2-limb-nozk,range/u8,5000,1,0.12059903144836426
prove,noirky2-limb-nozk,range/u8,5000,2,0.07388734817504883
prove,noirky2-limb-nozk,range/u8,5000,3,0.058068037033081055
prove,noirky2-limb-nozk,range/u8,5000,4,0.05950164794921875
prove,noirky2-limb-nozk,range/u8,5000,5,0.06569194793701172
prove,noirky2-limb-nozk,range/u8,5000,6,0.04385733604431152
prove,noirky2-limb-nozk,range/u8,5000,7,0.05415916442871094
prove,noirky2-limb-nozk,range/u8,5000,8,0.07374906539916992
prove,noirky2-limb-nozk,range/u8,5000,9,0.03823518753051758
prove,noirky2-limb-nozk,range/u8,5000,10,0.04778027534484863
prove,noirky2-limb-nozk,range/u8,5000,11,0.03661203384399414
prove,noirky2-limb-nozk,range/u8,5000,12,0.14234399795532227
prove,noirky2-limb-nozk,range/u8,5000,13,0.07916951179504395
prove,noirky2-limb-nozk,range/u8,5000,14,0.03968095779418945
prove,noirky2-limb-nozk,range/u8,10000,0,0.07884550094604492
prove,noirky2-limb-nozk,range/u8,10000,1,0.08531808853149414
prove,noirky2-limb-nozk,range/u8,10000,2,0.06966352462768555
prove,noirky2-limb-nozk,range/u8,10000,3,0.12071776390075684
prove,noirky2-limb-nozk,range/u8,10000,4,0.10038113594055176
prove,noirky2-limb-nozk,range/u8,10000,5,0.0781400203704834
prove,noirky2-limb-nozk,range/u8,10000,6,0.09386014938354492
prove,noirky2-limb-nozk,range/u8,10000,7,0.0929725170135498
prove,noirky2-limb-nozk,range/u8,10000,8,0.10380148887634277
prove,noirky2-limb-nozk,range/u8,10000,9,0.07573199272155762
prove,noirky2-limb-nozk,range/u8,10000,10,0.08918499946594238
prove,noirky2-limb-nozk,range/u8,10000,11,0.10149240493774414
prove,noirky2-limb-nozk,range/u8,10000,12,0.13364720344543457
prove,noirky2-limb-nozk,range/u8,10000,13,0.09329748153686523
prove,noirky2-limb-nozk,range/u8,10000,14,0.07189631462097168
prove,noirky2-limb-nozk,range/u8,20000,0,0.15217256546020508
prove,noirky2-limb-nozk,range/u8,20000,1,0.15856528282165527
prove,noirky2-limb-nozk,range/u8,20000,2,0.1587231159210205
prove,noirky2-limb-nozk,range/u8,20000,3,0.16589689254760742
prove,noirky2-limb-nozk,range/u8,20000,4,0.13743281364440918
prove,noirky2-limb-nozk,range/u8,20000,5,0.1529388427734375
prove,noirky2-limb-nozk,range/u8,20000,6,0.16664576530456543
prove,noirky2-limb-nozk,range/u8,20000,7,0.15044474601745605
prove,noirky2-limb-nozk,range/u8,20000,8,0.139756441116333
prove,noirky2-limb-nozk,range/u8,20000,9,0.1336503028869629
prove,noirky2-limb-nozk,range/u8,20000,10,0.1423025131225586
prove,noirky2-limb-nozk,range/u8,20000,11,0.1360020637512207
prove,noirky2-limb-nozk,range/u8,20000,12,0.15433359146118164
prove,noirky2-limb-nozk,range/u8,20000,13,0.1365964412689209
prove,noirky2-limb-nozk,range/u8,20000,14,0.20877790451049805
prove,noirky2-bits,range/u16,5000,0,1.6297874450683594
prove,noirky2-bits,range/u16,5000,1,1.625178575515747
prove,noirky2-bits,range/u16,5000,2,1.6500420570373535
prove,noirky2-bits,range/u16,5000,3,1.7188472747802734
prove,noirky2-bits,range/u16,5000,4,1.6981561183929443
prove,noirky2-bits,range/u16,5000,5,1.631375789642334
prove,noirky2-bits,range/u16,5000,6,1.6554625034332275
prove,noirky2-bits,range/u16,5000,7,1.642388105392456
prove,noirky2-bits,range/u16,5000,8,1.6180164813995361
prove,noirky2-bits,range/u16,5000,9,1.6237099170684814
prove,noirky2-bits,range/u16,5000,10,1.6053340435028076
prove,noirky2-bits,range/u16,5000,11,1.6482479572296143
prove,noirky2-bits,range/u16,5000,12,1.6358039379119873
prove,noirky2-bits,range/u16,5000,13,1.714428424835205
prove,noirky2-bits,range/u16,5000,14,1.6368091106414795
prove,noirky2-bits,range/u16,10000,0,3.0162100791931152
prove,noirky2-bits,range/u16,10000,1,3.0678176879882812
prove,noirky2-bits,range/u16,10000,2,3.1497507095336914
prove,noirky2-bits,range/u16,10000,3,3.1219444274902344
prove,noirky2-bits,range/u16,10000,4,3.127708911895752
prove,noirky2-bits,range/u16,10000,5,3.0807762145996094
prove,noirky2-bits,range/u16,10000,6,3.0583560466766357
prove,noirky2-bits,range/u16,10000,7,3.082643747329712
prove,noirky2-bits,range/u16,10000,8,3.145860433578491
prove,noirky2-bits,range/u16,10000,9,3.0984649658203125
prove,noirky2-bits,range/u16,10000,10,3.138183116912842
prove,noirky2-bits,range/u16,10000,11,3.1449570655822754
prove,noirky2-bits,range/u16,10000,12,3.1359283924102783
prove,noirky2-bits,range/u16,10000,13,3.0971155166625977
prove,noirky2-bits,range/u16,10000,14,3.165304660797119
prove,noirky2-bits,range/u16,20000,0,3.104133129119873
prove,noirky2-bits,range/u16,20000,1,3.1104254722595215
prove,noirky2-bits,range/u16,20000,2,3.0888383388519287
prove,noirky2-bits,range/u16,20000,3,3.091202974319458
prove,noirky2-bits,range/u16,20000,4,3.102522850036621
prove,noirky2-bits,range/u16,20000,5,3.137444496154785
prove,noirky2-bits,range/u16,20000,6,3.1820857524871826
prove,noirky2-bits,range/u16,20000,7,3.1027162075042725
prove,noirky2-bits,range/u16,20000,8,3.1233136653900146
prove,noirky2-bits,range/u16,20000,9,3.0944807529449463
prove,noirky2-bits,range/u16,20000,10,3.18080997467041
prove,noirky2-bits,range/u16,20000,11,3.049642562866211
prove,noirky2-bits,range/u16,20000,12,3.1260571479797363
prove,noirky2-bits,range/u16,20000,13,3.111686944961548
prove,noirky2-bits,range/u16,20000,14,3.1098995208740234
prove,noirky2-bits-nozk,range/u16,5000,0,0.6311430931091309
prove,noirky2-bits-nozk,range/u16,5000,1,0.6314125061035156
prove,noirky2-bits-nozk,range/u16,5000,2,0.5905880928039551
prove,noirky2-bits-nozk,range/u16,5000,3,0.6523327827453613
prove,noirky2-bits-nozk,range/u16,5000,4,0.6053798198699951
prove,noirky2-bits-nozk,range/u16,5000,5,0.6504976749420166
prove,noirky2-bits-nozk,range/u16,5000,6,0.6092727184295654
prove,noirky2-bits-nozk,range/u16,5000,7,0.6429145336151123
prove,noirky2-bits-nozk,range/u16,5000,8,0.6215612888336182
prove,noirky2-bits-nozk,range/u16,5000,9,0.6620612144470215
prove,noirky2-bits-nozk,range/u16,5000,10,0.6305644512176514
prove,noirky2-bits-nozk,range/u16,5000,11,0.5962369441986084
prove,noirky2-bits-nozk,range/u16,5000,12,0.6236295700073242
prove,noirky2-bits-nozk,range/u16,5000,13,0.6294877529144287
prove,noirky2-bits-nozk,range/u16,5000,14,0.5884790420532227
prove,noirky2-bits-nozk,range/u16,10000,0,1.1841449737548828
prove,noirky2-bits-nozk,range/u16,10000,1,1.175633430480957
prove,noirky2-bits-nozk,range/u16,10000,2,1.1842660903930664
prove,noirky2-bits-nozk,range/u16,10000,3,1.2568442821502686
prove,noirky2-bits-nozk,range/u16,10000,4,1.2602863311767578
prove,noirky2-bits-nozk,range/u16,10000,5,1.2534570693969727
prove,noirky2-bits-nozk,range/u16,10000,6,1.1912508010864258
prove,noirky2-bits-nozk,range/u16,10000,7,1.2102606296539307
prove,noirky2-bits-nozk,range/u16,10000,8,1.1945254802703857
prove,noirky2-bits-nozk,range/u16,10000,9,1.1707570552825928
prove,noirky2-bits-nozk,range/u16,10000,10,1.262915849685669
prove,noirky2-bits-nozk,range/u16,10000,11,1.2017953395843506
prove,noirky2-bits-nozk,range/u16,10000,12,1.2367010116577148
prove,noirky2-bits-nozk,range/u16,10000,13,1.2204070091247559
prove,noirky2-bits-nozk,range/u16,10000,14,1.177506685256958
prove,noirky2-bits-nozk,range/u16,20000,0,2.4594457149505615
prove,noirky2-bits-nozk,range/u16,20000,1,2.5249557495117188
prove,noirky2-bits-nozk,range/u16,20000,2,2.4768121242523193
prove,noirky2-bits-nozk,range/u16,20000,3,2.455496072769165
prove,noirky2-bits-nozk,range/u16,20000,4,2.457192897796631
prove,noirky2-bits-nozk,range/u16,20000,5,2.5106606483459473
prove,noirky2-bits-nozk,range/u16,20000,6,2.4716408252716064
prove,noirky2-bits-nozk,range/u16,20000,7,2.502953290939331
prove,noirky2-bits-nozk,range/u16,20000,8,2.45698618888855
prove,noirky2-bits-nozk,range/u16,20000,9,2.5077898502349854
prove,noirky2-bits-nozk,range/u16,20000,10,2.489427328109741
prove,noirky2-bits-nozk,range/u16,20000,11,2.475100517272949
prove,noirky2-bits-nozk,range/u16,20000,12,2.499311923980713
prove,noirky2-bits-nozk,range/u16,20000,13,2.5860512256622314
prove,noirky2-bits-nozk,range/u16,20000,14,2.4536633491516113
prove,bb,range/u16,5000,0,1.0273337364196777
prove,bb,range/u16,5000,1,0.992229700088501
prove,bb,range/u16,5000,2,0.9787619113922119
prove,bb,range/u16,5000,3,0.9714047908782959
prove,bb,range/u16,5000,4,0.9728505611419678
prove,bb,range/u16,5000,5,0.9806618690490723
prove,bb,range/u16,5000,6,0.9777774810791016
prove,bb,range/u16,5000,7,0.9795904159545898
prove,bb,range/u16,5000,8,0.979729175567627
prove,bb,range/u16,5000,9,0.9781708717346191
prove,bb,range/u16,5000,10,0.9748580455780029
prove,bb,range/u16,5000,11,0.9726665019989014
prove,bb,range/u16,5000,12,0.9862942695617676
prove,bb,range/u16,5000,13,0.9800026416778564
prove,bb,range/u16,5000,14,0.9859004020690918
prove,bb,range/u16,10000,0,1.7287547588348389
prove,bb,range/u16,10000,1,1.8041136264801025
prove,bb,range/u16,10000,2,1.7805099487304688
prove,bb,range/u16,10000,3,1.754930019378662
prove,bb,range/u16,10000,4,1.754124402999878
prove,bb,range/u16,10000,5,1.7568368911743164
prove,bb,range/u16,10000,6,1.757380723953247
prove,bb,range/u16,10000,7,1.760202169418335
prove,bb,range/u16,10000,8,1.7607758045196533
prove,bb,range/u16,10000,9,1.7574617862701416
prove,bb,range/u16,10000,10,1.7568330764770508
prove,bb,range/u16,10000,11,1.7662463188171387
prove,bb,range/u16,10000,12,1.755075216293335
prove,bb,range/u16,10000,13,1.7607991695404053
prove,bb,range/u16,10000,14,1.7581963539123535
prove,bb,range/u16,20000,0,1.7894935607910156
prove,bb,range/u16,20000,1,1.7905476093292236
prove,bb,range/u16,20000,2,1.801154375076294
prove,bb,range/u16,20000,3,1.7868640422821045
prove,bb,range/u16,20000,4,1.7880170345306396
prove,bb,range/u16,20000,5,1.794222354888916
prove,bb,range/u16,20000,6,1.7824347019195557
prove,bb,range/u16,20000,7,1.7856407165527344
prove,bb,range/u16,20000,8,1.7907071113586426
prove,bb,range/u16,20000,9,1.7820806503295898
prove,bb,range/u16,20000,10,1.7786865234375
prove,bb,range/u16,20000,11,1.7871460914611816
prove,bb,range/u16,20000,12,1.7998969554901123
prove,bb,range/u16,20000,13,1.778151035308838
prove,bb,range/u16,20000,14,1.7902212142944336
prove,noirky2-limb,range/u16,5000,0,1.8562531471252441
prove,noirky2-limb,range/u16,5000,1,1.806337594985962
prove,noirky2-limb,range/u16,5000,2,1.855025053024292
prove,noirky2-limb,range/u16,5000,3,1.852574110031128
prove,noirky2-limb,range/u16,5000,4,1.86238694190979
prove,noirky2-limb,range/u16,5000,5,1.840411901473999
prove,noirky2-limb,range/u16,5000,6,1.854020595550537
prove,noirky2-limb,range/u16,5000,7,1.882267713546753
prove,noirky2-limb,range/u16,5000,8,1.8551416397094727
prove,noirky2-limb,range/u16,5000,9,1.8209631443023682
prove,noirky2-limb,range/u16,5000,10,1.8385963439941406
prove,noirky2-limb,range/u16,5000,11,1.850074291229248
prove,noirky2-limb,range/u16,5000,12,1.8386483192443848
prove,noirky2-limb,range/u16,5000,13,1.8711788654327393
prove,noirky2-limb,range/u16,5000,14,1.81526780128479
prove,noirky2-limb,range/u16,10000,0,1.8991608619689941
prove,noirky2-limb,range/u16,10000,1,1.8932123184204102
prove,noirky2-limb,range/u16,10000,2,1.888756513595581
prove,noirky2-limb,range/u16,10000,3,1.836345911026001
prove,noirky2-limb,range/u16,10000,4,1.9989511966705322
prove,noirky2-limb,range/u16,10000,5,1.8726425170898438
prove,noirky2-limb,range/u16,10000,6,1.8546748161315918
prove,noirky2-limb,range/u16,10000,7,1.9114222526550293
prove,noirky2-limb,range/u16,10000,8,1.8563544750213623
prove,noirky2-limb,range/u16,10000,9,1.9732251167297363
prove,noirky2-limb,range/u16,10000,10,1.8604118824005127
prove,noirky2-limb,range/u16,10000,11,1.8758578300476074
prove,noirky2-limb,range/u16,10000,12,1.873673915863037
prove,noirky2-limb,range/u16,10000,13,1.8907442092895508
prove,noirky2-limb,range/u16,10000,14,1.9395833015441895
prove,noirky2-limb,range/u16,20000,0,1.90153169631958
prove,noirky2-limb,range/u16,20000,1,1.886467456817627
prove,noirky2-limb,range/u16,20000,2,1.8998475074768066
prove,noirky2-limb,range/u16,20000,3,1.9123036861419678
prove,noirky2-limb,range/u16,20000,4,1.9134588241577148
prove,noirky2-limb,range/u16,20000,5,1.8935627937316895
prove,noirky2-limb,range/u16,20000,6,1.925290822982788
prove,noirky2-limb,range/u16,20000,7,1.9713194370269775
prove,noirky2-limb,range/u16,20000,8,1.9041306972503662
prove,noirky2-limb,range/u16,20000,9,1.9590072631835938
prove,noirky2-limb,range/u16,20000,10,2.0073440074920654
prove,noirky2-limb,range/u16,20000,11,1.9156169891357422
prove,noirky2-limb,range/u16,20000,12,1.9501721858978271
prove,noirky2-limb,range/u16,20000,13,1.8893818855285645
prove,noirky2-limb,range/u16,20000,14,1.9019770622253418
prove,noirky2-limb-nozk,range/u16,5000,0,0.1133415699005127
prove,noirky2-limb-nozk,range/u16,5000,1,0.12499880790710449
prove,noirky2-limb-nozk,range/u16,5000,2,0.13996553421020508
prove,noirky2-limb-nozk,range/u16,5000,3,0.1109013557434082
prove,noirky2-limb-nozk,range/u16,5000,4,0.13511919975280762
prove,noirky2-limb-nozk,range/u16,5000,5,0.13908600807189941
prove,noirky2-limb-nozk,range/u16,5000,6,0.12269377708435059
prove,noirky2-limb-nozk,range/u16,5000,7,0.14361023902893066
prove,noirky2-limb-nozk,range/u16,5000,8,0.15682625770568848
prove,noirky2-limb-nozk,range/u16,5000,9,0.1236121654510498
prove,noirky2-limb-nozk,range/u16,5000,10,0.1395101547241211
prove,noirky2-limb-nozk,range/u16,5000,11,0.11564922332763672
prove,noirky2-limb-nozk,range/u16,5000,12,0.19805479049682617
prove,noirky2-limb-nozk,range/u16,5000,13,0.11543941497802734
prove,noirky2-limb-nozk,range/u16,5000,14,0.11602306365966797
prove,noirky2-limb-nozk,range/u16,10000,0,0.14658355712890625
prove,noirky2-limb-nozk,range/u16,10000,1,0.14946627616882324
prove,noirky2-limb-nozk,range/u16,10000,2,0.18057823181152344
prove,noirky2-limb-nozk,range/u16,10000,3,0.1918809413909912
prove,noirky2-limb-nozk,range/u16,10000,4,0.1805558204650879
prove,noirky2-limb-nozk,range/u16,10000,5,0.15102100372314453
prove,noirky2-limb-nozk,range/u16,10000,6,0.14481735229492188
prove,noirky2-limb-nozk,range/u16,10000,7,0.20419907569885254
prove,noirky2-limb-nozk,range/u16,10000,8,0.1909351348876953
prove,noirky2-limb-nozk,range/u16,10000,9,0.1520521640777588
prove,noirky2-limb-nozk,range/u16,10000,10,0.17589950561523438
prove,noirky2-limb-nozk,range/u16,10000,11,0.15409159660339355
prove,noirky2-limb-nozk,range/u16,10000,12,0.1355142593383789
prove,noirky2-limb-nozk,range/u16,10000,13,0.22739338874816895
prove,noirky2-limb-nozk,range/u16,10000,14,0.1520843505859375
prove,noirky2-limb-nozk,range/u16,20000,0,0.2968740463256836
prove,noirky2-limb-nozk,range/u16,20000,1,0.3403782844543457
prove,noirky2-limb-nozk,range/u16,20000,2,0.2694225311279297
prove,noirky2-limb-nozk,range/u16,20000,3,0.2711172103881836
prove,noirky2-limb-nozk,range/u16,20000,4,0.305692195892334
prove,noirky2-limb-nozk,range/u16,20000,5,0.3359260559082031
prove,noirky2-limb-nozk,range/u16,20000,6,0.33624696731567383
prove,noirky2-limb-nozk,range/u16,20000,7,0.27477455139160156
prove,noirky2-limb-nozk,range/u16,20000,8,0.2928779125213623
prove,noirky2-limb-nozk,range/u16,20000,9,0.26537299156188965
prove,noirky2-limb-nozk,range/u16,20000,10,0.26169729232788086
prove,noirky2-limb-nozk,range/u16,20000,11,0.27787303924560547
prove,noirky2-limb-nozk,range/u16,20000,12,0.3103811740875244
prove,noirky2-limb-nozk,range/u16,20000,13,0.27951765060424805
prove,noirky2-limb-nozk,range/u16,20000,14,0.264695405960083
prove,noirky2-bits,range/u32,5000,0,1.6243550777435303
prove,noirky2-bits,range/u32,5000,1,1.5989506244659424
prove,noirky2-bits,range/u32,5000,2,1.622598648071289
prove,noirky2-bits,range/u32,5000,3,1.7014288902282715
prove,noirky2-bits,range/u32,5000,4,1.7180559635162354
prove,noirky2-bits,range/u32,5000,5,1.661625862121582
prove,noirky2-bits,range/u32,5000,6,1.6529114246368408
prove,noirky2-bits,range/u32,5000,7,1.6506788730621338
prove,noirky2-bits,range/u32,5000,8,1.607046127319336
prove,noirky2-bits,range/u32,5000,9,1.6580979824066162
prove,noirky2-bits,range/u32,5000,10,1.6253612041473389
prove,noirky2-bits,range/u32,5000,11,1.6322438716888428
prove,noirky2-bits,range/u32,5000,12,1.6449306011199951
prove,noirky2-bits,range/u32,5000,13,1.6205165386199951
prove,noirky2-bits,range/u32,5000,14,1.6830024719238281
prove,noirky2-bits,range/u32,10000,0,3.074399709701538
prove,noirky2-bits,range/u32,10000,1,3.2009193897247314
prove,noirky2-bits,range/u32,10000,2,3.1572186946868896
prove,noirky2-bits,range/u32,10000,3,3.13525652885437
prove,noirky2-bits,range/u32,10000,4,3.0768022537231445
prove,noirky2-bits,range/u32,10000,5,3.1638057231903076
prove,noirky2-bits,range/u32,10000,6,3.139003038406372
prove,noirky2-bits,range/u32,10000,7,3.143549680709839
prove,noirky2-bits,range/u32,10000,8,3.173640251159668
prove,noirky2-bits,range/u32,10000,9,3.1374893188476562
prove,noirky2-bits,range/u32,10000,10,3.1051645278930664
prove,noirky2-bits,range/u32,10000,11,3.1192939281463623
prove,noirky2-bits,range/u32,10000,12,3.1052045822143555
prove,noirky2-bits,range/u32,10000,13,3.130180597305298
prove,noirky2-bits,range/u32,10000,14,3.1501429080963135
prove,noirky2-bits,range/u32,20000,0,3.1734087467193604
prove,noirky2-bits,range/u32,20000,1,3.1792843341827393
prove,noirky2-bits,range/u32,20000,2,3.147137403488159
prove,noirky2-bits,range/u32,20000,3,3.145503520965576
prove,noirky2-bits,range/u32,20000,4,3.134046792984009
prove,noirky2-bits,range/u32,20000,5,3.209418535232544
prove,noirky2-bits,range/u32,20000,6,3.1711952686309814
prove,noirky2-bits,range/u32,20000,7,3.212348461151123
prove,noirky2-bits,range/u32,20000,8,3.1398990154266357
prove,noirky2-bits,range/u32,20000,9,3.12229061126709
prove,noirky2-bits,range/u32,20000,10,3.2069954872131348
prove,noirky2-bits,range/u32,20000,11,3.1475303173065186
prove,noirky2-bits,range/u32,20000,12,3.1866393089294434
prove,noirky2-bits,range/u32,20000,13,3.1863579750061035
prove,noirky2-bits,range/u32,20000,14,3.195834159851074
prove,noirky2-bits-nozk,range/u32,5000,0,0.6251227855682373
prove,noirky2-bits-nozk,range/u32,5000,1,0.6558747291564941
prove,noirky2-bits-nozk,range/u32,5000,2,0.5989210605621338
prove,noirky2-bits-nozk,range/u32,5000,3,0.595454216003418
prove,noirky2-bits-nozk,range/u32,5000,4,0.6098134517669678
prove,noirky2-bits-nozk,range/u32,5000,5,0.6549968719482422
prove,noirky2-bits-nozk,range/u32,5000,6,0.6582162380218506
prove,noirky2-bits-nozk,range/u32,5000,7,0.6217560768127441
prove,noirky2-bits-nozk,range/u32,5000,8,0.608588457107544
prove,noirky2-bits-nozk,range/u32,5000,9,0.6156580448150635
prove,noirky2-bits-nozk,range/u32,5000,10,0.6565203666687012
prove,noirky2-bits-nozk,range/u32,5000,11,0.603064775466919
prove,noirky2-bits-nozk,range/u32,5000,12,0.6065351963043213
prove,noirky2-bits-nozk,range/u32,5000,13,0.6126108169555664
prove,noirky2-bits-nozk,range/u32,5000,14,0.6371641159057617
prove,noirky2-bits-nozk,range/u32,10000,0,1.2060832977294922
prove,noirky2-bits-nozk,range/u32,10000,1,1.2127597332000732
prove,noirky2-bits-nozk,range/u32,10000,2,1.2402684688568115
prove,noirky2-bits-nozk,range/u32,10000,3,1.2097585201263428
prove,noirky2-bits-nozk,range/u32,10000,4,1.230485439300537
prove,noirky2-bits-nozk,range/u32,10000,5,1.2249979972839355
prove,noirky2-bits-nozk,range/u32,10000,6,1.19879150390625
prove,noirky2-bits-nozk,range/u32,10000,7,1.220226526260376
prove,noirky2-bits-nozk,range/u32,10000,8,1.193143367767334
prove,noirky2-bits-nozk,range/u32,10000,9,1.1964893341064453
prove,noirky2-bits-nozk,range/u32,10000,10,1.2717761993408203
prove,noirky2-bits-nozk,range/u32,10000,11,1.2064886093139648
prove,noirky2-bits-nozk,range/u32,10000,12,1.25313138961792
prove,noirky2-bits-nozk,range/u32,10000,13,1.2510395050048828
prove,noirky2-bits-nozk,range/u32,10000,14,1.2072291374206543
prove,noirky2-bits-nozk,range/u32,20000,0,2.592900276184082
prove,noirky2-bits-nozk,range/u32,20000,1,2.5436015129089355
prove,noirky2-bits-nozk,range/u32,20000,2,2.581627368927002
prove,noirky2-bits-nozk,range/u32,20000,3,2.536632537841797
prove,noirky2-bits-nozk,range/u32,20000,4,2.5081536769866943
prove,noirky2-bits-nozk,range/u32,20000,5,2.610311269760132
prove,noirky2-bits-nozk,range/u32,20000,6,2.642726421356201
prove,noirky2-bits-nozk,range/u32,20000,7,2.604475259780884
prove,noirky2-bits-nozk,range/u32,20000,8,2.5316162109375
prove,noirky2-bits-nozk,range/u32,20000,9,2.5237815380096436
prove,noirky2-bits-nozk,range/u32,20000,10,2.5223875045776367
prove,noirky2-bits-nozk,range/u32,20000,11,2.5395636558532715
prove,noirky2-bits-nozk,range/u32,20000,12,2.555123805999756
prove,noirky2-bits-nozk,range/u32,20000,13,2.5422561168670654
prove,noirky2-bits-nozk,range/u32,20000,14,2.5184545516967773
prove,bb,range/u32,5000,0,1.030552625656128
prove,bb,range/u32,5000,1,0.9921424388885498
prove,bb,range/u32,5000,2,0.9828586578369141
prove,bb,range/u32,5000,3,0.9756534099578857
prove,bb,range/u32,5000,4,0.9814741611480713
prove,bb,range/u32,5000,5,0.973853588104248
prove,bb,range/u32,5000,6,0.9874374866485596
prove,bb,range/u32,5000,7,0.980560302734375
prove,bb,range/u32,5000,8,0.9827842712402344
prove,bb,range/u32,5000,9,0.975388765335083
prove,bb,range/u32,5000,10,0.977189302444458
prove,bb,range/u32,5000,11,0.9804818630218506
prove,bb,range/u32,5000,12,0.982121467590332
prove,bb,range/u32,5000,13,0.9765610694885254
prove,bb,range/u32,5000,14,0.985670804977417
prove,bb,range/u32,10000,0,1.7297999858856201
prove,bb,range/u32,10000,1,1.7452044486999512
prove,bb,range/u32,10000,2,1.7631254196166992
prove,bb,range/u32,10000,3,1.7537901401519775
prove,bb,range/u32,10000,4,1.7549691200256348
prove,bb,range/u32,10000,5,1.7652435302734375
prove,bb,range/u32,10000,6,1.752044916152954
prove,bb,range/u32,10000,7,1.8063840866088867
prove,bb,range/u32,10000,8,1.7543058395385742
prove,bb,range/u32,10000,9,1.757157802581787
prove,bb,range/u32,10000,10,1.7537806034088135
prove,bb,range/u32,10000,11,1.7560207843780518
prove,bb,range/u32,10000,12,1.756998062133789
prove,bb,range/u32,10000,13,1.7553398609161377
prove,bb,range/u32,10000,14,1.7638053894042969
prove,bb,range/u32,20000,0,3.292785882949829
prove,bb,range/u32,20000,1,3.329922676086426
prove,bb,range/u32,20000,2,3.372581958770752
prove,bb,range/u32,20000,3,3.3424081802368164
prove,bb,range/u32,20000,4,3.3480851650238037
prove,bb,range/u32,20000,5,3.3373358249664307
prove,bb,range/u32,20000,6,3.346932888031006
prove,bb,range/u32,20000,7,3.3513290882110596
prove,bb,range/u32,20000,8,3.3623476028442383
prove,bb,range/u32,20000,9,3.338315963745117
prove,bb,range/u32,20000,10,3.361506938934326
prove,bb,range/u32,20000,11,3.345879316329956
prove,bb,range/u32,20000,12,3.3501033782958984
prove,bb,range/u32,20000,13,3.402191638946533
prove,bb,range/u32,20000,14,3.3461084365844727
prove,noirky2-limb,range/u32,5000,0,1.9182827472686768
prove,noirky2-limb,range/u32,5000,1,1.8453104496002197
prove,noirky2-limb,range/u32,5000,2,1.8725152015686035
prove,noirky2-limb,range/u32,5000,3,1.8613865375518799
prove,noirky2-limb,range/u32,5000,4,1.8989925384521484
prove,noirky2-limb,range/u32,5000,5,1.8667247295379639
prove,noirky2-limb,range/u32,5000,6,1.8790018558502197
prove,noirky2-limb,range/u32,5000,7,1.9190380573272705
prove,noirky2-limb,range/u32,5000,8,1.8536016941070557
prove,noirky2-limb,range/u32,5000,9,1.856825351715088
prove,noirky2-limb,range/u32,5000,10,1.9356274604797363
prove,noirky2-limb,range/u32,5000,11,1.8637559413909912
prove,noirky2-limb,range/u32,5000,12,1.8717594146728516
prove,noirky2-limb,range/u32,5000,13,1.8676347732543945
prove,noirky2-limb,range/u32,5000,14,1.866194486618042
prove,noirky2-limb,range/u32,10000,0,1.9479432106018066
prove,noirky2-limb,range/u32,10000,1,1.9560177326202393
prove,noirky2-limb,range/u32,10000,2,1.8958969116210938
prove,noirky2-limb,range/u32,10000,3,1.9371955394744873
prove,noirky2-limb,range/u32,10000,4,1.926952600479126
prove,noirky2-limb,range/u32,10000,5,1.9652342796325684
prove,noirky2-limb,range/u32,10000,6,1.9384453296661377
prove,noirky2-limb,range/u32,10000,7,1.91243314743042
prove,noirky2-limb,range/u32,10000,8,1.9439635276794434
prove,noirky2-limb,range/u32,10000,9,1.9378893375396729
prove,noirky2-limb,range/u32,10000,10,1.995314121246338
prove,noirky2-limb,range/u32,10000,11,1.9140350818634033
prove,noirky2-limb,range/u32,10000,12,1.909632682800293
prove,noirky2-limb,range/u32,10000,13,1.9769299030303955
prove,noirky2-limb,range/u32,10000,14,2.034597873687744
prove,noirky2-limb,range/u32,20000,0,2.067077398300171
prove,noirky2-limb,range/u32,20000,1,2.0428922176361084
prove,noirky2-limb,range/u32,20000,2,2.0153496265411377
prove,noirky2-limb,range/u32,20000,3,2.044118881225586
prove,noirky2-limb,range/u32,20000,4,2.020143508911133
prove,noirky2-limb,range/u32,20000,5,2.0059030055999756
prove,noirky2-limb,range/u32,20000,6,2.0452053546905518
prove,noirky2-limb,range/u32,20000,7,2.0067670345306396
prove,noirky2-limb,range/u32,20000,8,2.0955560207366943
prove,noirky2-limb,range/u32,20000,9,2.0145370960235596
prove,noirky2-limb,range/u32,20000,10,2.0285990238189697
prove,noirky2-limb,range/u32,20000,11,2.0274150371551514
prove,noirky2-limb,range/u32,20000,12,2.007894515991211
prove,noirky2-limb,range/u32,20000,13,2.064321279525757
prove,noirky2-limb,range/u32,20000,14,2.0187203884124756
prove,noirky2-limb-nozk,range/u32,5000,0,0.24984049797058105
prove,noirky2-limb-nozk,range/u32,5000,1,0.23644804954528809
prove,noirky2-limb-nozk,range/u32,5000,2,0.26602768898010254
prove,noirky2-limb-nozk,range/u32,5000,3,0.28400564193725586
prove,noirky2-limb-nozk,range/u32,5000,4,0.22164440155029297
prove,noirky2-limb-nozk,range/u32,5000,5,0.24929046630859375
prove,noirky2-limb-nozk,range/u32,5000,6,0.22124481201171875
prove,noirky2-limb-nozk,range/u32,5000,7,0.2479095458984375
prove,noirky2-limb-nozk,range/u32,5000,8,0.26286840438842773
prove,noirky2-limb-nozk,range/u32,5000,9,0.2339918613433838
prove,noirky2-limb-nozk,range/u32,5000,10,0.34340596199035645
prove,noirky2-limb-nozk,range/u32,5000,11,0.2550487518310547
prove,noirky2-limb-nozk,range/u32,5000,12,0.2521975040435791
prove,noirky2-limb-nozk,range/u32,5000,13,0.25116848945617676
prove,noirky2-limb-nozk,range/u32,5000,14,0.26343727111816406
prove,noirky2-limb-nozk,range/u32,10000,0,0.441709041595459
prove,noirky2-limb-nozk,range/u32,10000,1,0.4301276206970215
prove,noirky2-limb-nozk,range/u32,10000,2,0.4627702236175537
prove,noirky2-limb-nozk,range/u32,10000,3,0.45907020568847656
prove,noirky2-limb-nozk,range/u32,10000,4,0.46133995056152344
prove,noirky2-limb-nozk,range/u32,10000,5,0.4883396625518799
prove,noirky2-limb-nozk,range/u32,10000,6,0.43026256561279297
prove,noirky2-limb-nozk,range/u32,10000,7,0.5057706832885742
prove,noirky2-limb-nozk,range/u32,10000,8,0.4991481304168701
prove,noirky2-limb-nozk,range/u32,10000,9,0.46870923042297363
prove,noirky2-limb-nozk,range/u32,10000,10,0.4362215995788574
prove,noirky2-limb-nozk,range/u32,10000,11,0.4988868236541748
prove,noirky2-limb-nozk,range/u32,10000,12,0.4933156967163086
prove,noirky2-limb-nozk,range/u32,10000,13,0.43595027923583984
prove,noirky2-limb-nozk,range/u32,10000,14,0.45468783378601074
prove,noirky2-limb-nozk,range/u32,20000,0,0.8823695182800293
prove,noirky2-limb-nozk,range/u32,20000,1,0.8927891254425049
prove,noirky2-limb-nozk,range/u32,20000,2,0.8713929653167725
prove,noirky2-limb-nozk,range/u32,20000,3,0.9004368782043457
prove,noirky2-limb-nozk,range/u32,20000,4,0.9244158267974854
prove,noirky2-limb-nozk,range/u32,20000,5,0.90053391456604
prove,noirky2-limb-nozk,range/u32,20000,6,0.8957760334014893
prove,noirky2-limb-nozk,range/u32,20000,7,0.8649773597717285
prove,noirky2-limb-nozk,range/u32,20000,8,0.9989652633666992
prove,noirky2-limb-nozk,range/u32,20000,9,0.8727068901062012
prove,noirky2-limb-nozk,range/u32,20000,10,0.8640499114990234
prove,noirky2-limb-nozk,range/u32,20000,11,0.8986227512359619
prove,noirky2-limb-nozk,range/u32,20000,12,0.9119541645050049
prove,noirky2-limb-nozk,range/u32,20000,13,0.8776552677154541
prove,noirky2-limb-nozk,range/u32,20000,14,0.8640155792236328
prove,noirky2-bits,xor/u8,5000,0,3.5872015953063965
prove,noirky2-bits,xor/u8,5000,1,3.560455322265625
prove,noirky2-bits,xor/u8,5000,2,3.573268175125122
prove,noirky2-bits,xor/u8,5000,3,3.5995235443115234
prove,noirky2-bits,xor/u8,5000,4,3.566486358642578
prove,noirky2-bits,xor/u8,5000,5,3.651125431060791
prove,noirky2-bits,xor/u8,5000,6,3.624483823776245
prove,noirky2-bits,xor/u8,5000,7,3.557494640350342
prove,noirky2-bits,xor/u8,5000,8,3.59924578666687
prove,noirky2-bits,xor/u8,5000,9,3.5842509269714355
prove,noirky2-bits,xor/u8,5000,10,3.621281623840332
prove,noirky2-bits,xor/u8,5000,11,3.6036033630371094
prove,noirky2-bits,xor/u8,5000,12,3.547978639602661
prove,noirky2-bits,xor/u8,5000,13,3.5967955589294434
prove,noirky2-bits,xor/u8,5000,14,3.5994629859924316
prove,noirky2-bits,xor/u8,10000,0,7.238522529602051
prove,noirky2-bits,xor/u8,10000,1,7.367427587509155
prove,noirky2-bits,xor/u8,10000,2,7.378357648849487
prove,noirky2-bits,xor/u8,10000,3,7.232423782348633
prove,noirky2-bits,xor/u8,10000,4,7.3919289112091064
prove,noirky2-bits,xor/u8,10000,5,7.460155487060547
prove,noirky2-bits,xor/u8,10000,6,7.274843215942383
prove,noirky2-bits,xor/u8,10000,7,7.38377833366394
prove,noirky2-bits,xor/u8,10000,8,7.367535829544067
prove,noirky2-bits,xor/u8,10000,9,7.3773887157440186
prove,noirky2-bits,xor/u8,10000,10,7.280362367630005
prove,noirky2-bits,xor/u8,10000,11,7.469972133636475
prove,noirky2-bits,xor/u8,10000,12,7.428385496139526
prove,noirky2-bits,xor/u8,10000,13,7.358155012130737
prove,noirky2-bits,xor/u8,10000,14,7.315275192260742
prove,noirky2-bits,xor/u8,20000,0,14.76337194442749
prove,noirky2-bits,xor/u8,20000,1,15.566603899002075
prove,noirky2-bits,xor/u8,20000,2,14.97762656211853
prove,noirky2-bits,xor/u8,20000,3,15.772132396697998
prove,noirky2-bits,xor/u8,20000,4,15.14269757270813
prove,noirky2-bits,xor/u8,20000,5,15.636498928070068
prove,noirky2-bits,xor/u8,20000,6,15.269741296768188
prove,noirky2-bits,xor/u8,20000,7,15.307927370071411
prove,noirky2-bits,xor/u8,20000,8,14.88389277458191
prove,noirky2-bits,xor/u8,20000,9,15.899954557418823
prove,noirky2-bits,xor/u8,20000,10,15.560075998306274
prove,noirky2-bits,xor/u8,20000,11,14.996003150939941
prove,noirky2-bits,xor/u8,20000,12,15.54094409942627
prove,noirky2-bits,xor/u8,20000,13,14.941700220108032
prove,noirky2-bits,xor/u8,20000,14,15.518236637115479
prove,noirky2-bits-nozk,xor/u8,5000,0,3.3143765926361084
prove,noirky2-bits-nozk,xor/u8,5000,1,3.1864166259765625
prove,noirky2-bits-nozk,xor/u8,5000,2,2.8727869987487793
prove,noirky2-bits-nozk,xor/u8,5000,3,2.905914545059204
prove,noirky2-bits-nozk,xor/u8,5000,4,2.9284987449645996
prove,noirky2-bits-nozk,xor/u8,5000,5,2.984308958053589
prove,noirky2-bits-nozk,xor/u8,5000,6,2.9341535568237305
prove,noirky2-bits-nozk,xor/u8,5000,7,2.966461420059204
prove,noirky2-bits-nozk,xor/u8,5000,8,3.015131711959839
prove,noirky2-bits-nozk,xor/u8,5000,9,2.9516489505767822
prove,noirky2-bits-nozk,xor/u8,5000,10,2.9667985439300537
prove,noirky2-bits-nozk,xor/u8,5000,11,2.942000389099121
prove,noirky2-bits-nozk,xor/u8,5000,12,2.960113525390625
prove,noirky2-bits-nozk,xor/u8,5000,13,2.9431967735290527
prove,noirky2-bits-nozk,xor/u8,5000,14,2.96806001663208
prove,noirky2-bits-nozk,xor/u8,10000,0,6.304505348205566
prove,noirky2-bits-nozk,xor/u8,10000,1,6.4204723834991455
prove,noirky2-bits-nozk,xor/u8,10000,2,6.43389892578125
prove,noirky2-bits-nozk,xor/u8,10000,3,6.416321516036987
prove,noirky2-bits-nozk,xor/u8,10000,4,6.4481658935546875
prove,noirky2-bits-nozk,xor/u8,10000,5,6.439519643783569
prove,noirky2-bits-nozk,xor/u8,10000,6,6.421248912811279
prove,noirky2-bits-nozk,xor/u8,10000,7,6.441584348678589
prove,noirky2-bits-nozk,xor/u8,10000,8,6.419116497039795
prove,noirky2-bits-nozk,xor/u8,10000,9,6.441117286682129
prove,noirky2-bits-nozk,xor/u8,10000,10,6.413167715072632
prove,noirky2-bits-nozk,xor/u8,10000,11,6.4232518672943115
prove,noirky2-bits-nozk,xor/u8,10000,12,6.416700839996338
prove,noirky2-bits-nozk,xor/u8,10000,13,6.451831102371216
prove,noirky2-bits-nozk,xor/u8,10000,14,6.492167711257935
prove,noirky2-bits-nozk,xor/u8,20000,0,13.39787220954895
prove,noirky2-bits-nozk,xor/u8,20000,1,13.702985525131226
prove,noirky2-bits-nozk,xor/u8,20000,2,13.390539646148682
prove,noirky2-bits-nozk,xor/u8,20000,3,13.97622799873352
prove,noirky2-bits-nozk,xor/u8,20000,4,13.674638748168945
prove,noirky2-bits-nozk,xor/u8,20000,5,13.437413692474365
prove,noirky2-bits-nozk,xor/u8,20000,6,13.920885562896729
prove,noirky2-bits-nozk,xor/u8,20000,7,13.440524816513062
prove,noirky2-bits-nozk,xor/u8,20000,8,14.0096914768219
prove,noirky2-bits-nozk,xor/u8,20000,9,13.730689764022827
prove,noirky2-bits-nozk,xor/u8,20000,10,13.651896238327026
prove,noirky2-bits-nozk,xor/u8,20000,11,13.629146099090576
prove,noirky2-bits-nozk,xor/u8,20000,12,13.672828435897827
prove,noirky2-bits-nozk,xor/u8,20000,13,13.71794843673706
prove,noirky2-bits-nozk,xor/u8,20000,14,13.681050062179565
prove,bb,xor/u8,5000,0,12.792319059371948
prove,bb,xor/u8,5000,1,12.722795248031616
prove,bb,xor/u8,5000,2,12.783048391342163
prove,bb,xor/u8,5000,3,12.740276575088501
prove,bb,xor/u8,5000,4,12.7238290309906
prove,bb,xor/u8,5000,5,12.738229751586914
prove,bb,xor/u8,5000,6,12.729581356048584
prove,bb,xor/u8,5000,7,12.803810834884644
prove,bb,xor/u8,5000,8,12.722556829452515
prove,bb,xor/u8,5000,9,12.72076678276062
prove,bb,xor/u8,5000,10,12.748318910598755
prove,bb,xor/u8,5000,11,12.731887102127075
prove,bb,xor/u8,5000,12,12.788386821746826
prove,bb,xor/u8,5000,13,12.73192572593689
prove,bb,xor/u8,5000,14,12.735402822494507
prove,bb,xor/u8,10000,0,25.199851036071777
prove,bb,xor/u8,10000,1,25.227368354797363
prove,bb,xor/u8,10000,2,25.208075284957886
prove,bb,xor/u8,10000,3,25.27351427078247
prove,bb,xor/u8,10000,4,25.2572922706604
prove,bb,xor/u8,10000,5,25.26908779144287
prove,bb,xor/u8,10000,6,25.230737924575806
prove,bb,xor/u8,10000,7,25.208065509796143
prove,bb,xor/u8,10000,8,25.289973735809326
prove,bb,xor/u8,10000,9,25.67863416671753
prove,bb,xor/u8,10000,10,25.236231088638306
prove,bb,xor/u8,10000,11,25.207894802093506
prove,bb,xor/u8,10000,12,25.26452398300171
prove,bb,xor/u8,10000,13,25.209001302719116
prove,bb,xor/u8,10000,14,25.227319717407227
prove,bb,xor/u8,20000,0,51.3092474937439
prove,bb,xor/u8,20000,1,51.6565055847168
prove,bb,xor/u8,20000,2,51.61622953414917
prove,bb,xor/u8,20000,3,51.497010707855225
prove,bb,xor/u8,20000,4,51.547895193099976
prove,bb,xor/u8,20000,5,51.40712547302246
prove,bb,xor/u8,20000,6,51.39508080482483
prove,bb,xor/u8,20000,7,51.35106945037842
prove,bb,xor/u8,20000,8,51.42137575149536
prove,bb,xor/u8,20000,9,51.41316628456116
prove,bb,xor/u8,20000,10,51.50745964050293
prove,bb,xor/u8,20000,11,51.446022033691406
prove,bb,xor/u8,20000,12,51.462663412094116
prove,bb,xor/u8,20000,13,51.55243635177612
prove,bb,xor/u8,20000,14,51.5164909362793
prove,noirky2-limb,xor/u8,5000,0,2.1039345264434814
prove,noirky2-limb,xor/u8,5000,1,2.0989937782287598
prove,noirky2-limb,xor/u8,5000,2,2.056121349334717
prove,noirky2-limb,xor/u8,5000,3,2.089078664779663
prove,noirky2-limb,xor/u8,5000,4,2.112499237060547
prove,noirky2-limb,xor/u8,5000,5,1.8652946949005127
prove,noirky2-limb,xor/u8,5000,6,1.8208882808685303
prove,noirky2-limb,xor/u8,5000,7,1.8271658420562744
prove,noirky2-limb,xor/u8,5000,8,1.8557915687561035
prove,noirky2-limb,xor/u8,5000,9,1.8542346954345703
prove,noirky2-limb,xor/u8,5000,10,1.8648936748504639
prove,noirky2-limb,xor/u8,5000,11,1.8600342273712158
prove,noirky2-limb,xor/u8,5000,12,1.9311108589172363
prove,noirky2-limb,xor/u8,5000,13,1.8640930652618408
prove,noirky2-limb,xor/u8,5000,14,1.9377377033233643
prove,noirky2-limb,xor/u8,10000,0,1.9059593677520752
prove,noirky2-limb,xor/u8,10000,1,1.859004020690918
prove,noirky2-limb,xor/u8,10000,2,1.9153392314910889
prove,noirky2-limb,xor/u8,10000,3,1.8795971870422363
prove,noirky2-limb,xor/u8,10000,4,1.8859553337097168
prove,noirky2-limb,xor/u8,10000,5,1.9050076007843018
prove,noirky2-limb,xor/u8,10000,6,1.8906595706939697
prove,noirky2-limb,xor/u8,10000,7,1.8552775382995605
prove,noirky2-limb,xor/u8,10000,8,1.8809902667999268
prove,noirky2-limb,xor/u8,10000,9,1.8599510192871094
prove,noirky2-limb,xor/u8,10000,10,1.9111535549163818
prove,noirky2-limb,xor/u8,10000,11,1.9621608257293701
prove,noirky2-limb,xor/u8,10000,12,1.9010207653045654
prove,noirky2-limb,xor/u8,10000,13,1.9000904560089111
prove,noirky2-limb,xor/u8,10000,14,1.883991003036499
prove,noirky2-limb,xor/u8,20000,0,1.9426805973052979
prove,noirky2-limb,xor/u8,20000,1,1.9258325099945068
prove,noirky2-limb,xor/u8,20000,2,1.9787685871124268
prove,noirky2-limb,xor/u8,20000,3,1.9212090969085693
prove,noirky2-limb,xor/u8,20000,4,1.970167875289917
prove,noirky2-limb,xor/u8,20000,5,1.926661491394043
prove,noirky2-limb,xor/u8,20000,6,1.9363303184509277
prove,noirky2-limb,xor/u8,20000,7,1.970963954925537
prove,noirky2-limb,xor/u8,20000,8,1.8932008743286133
prove,noirky2-limb,xor/u8,20000,9,1.936584711074829
prove,noirky2-limb,xor/u8,20000,10,1.9287428855895996
prove,noirky2-limb,xor/u8,20000,11,1.99169921875
prove,noirky2-limb,xor/u8,20000,12,1.916646957397461
prove,noirky2-limb,xor/u8,20000,13,1.9700071811676025
prove,noirky2-limb,xor/u8,20000,14,1.914928913116455
prove,noirky2-limb-nozk,xor/u8,5000,0,0.4308164119720459
prove,noirky2-limb-nozk,xor/u8,5000,1,0.3834192752838135
prove,noirky2-limb-nozk,xor/u8,5000,2,0.3808457851409912
prove,noirky2-limb-nozk,xor/u8,5000,3,0.38060927391052246
prove,noirky2-limb-nozk,xor/u8,5000,4,0.40068554878234863
prove,noirky2-limb-nozk,xor/u8,5000,5,0.4463224411010742
prove,noirky2-limb-nozk,xor/u8,5000,6,0.39045166969299316
prove,noirky2-limb-nozk,xor/u8,5000,7,0.4178886413574219
prove,noirky2-limb-nozk,xor/u8,5000,8,0.37975430488586426
prove,noirky2-limb-nozk,xor/u8,5000,9,0.4077005386352539
prove,noirky2-limb-nozk,xor/u8,5000,10,0.3711874485015869
prove,noirky2-limb-nozk,xor/u8,5000,11,0.40932726860046387
prove,noirky2-limb-nozk,xor/u8,5000,12,0.38765549659729004
prove,noirky2-limb-nozk,xor/u8,5000,13,0.43788862228393555
prove,noirky2-limb-nozk,xor/u8,5000,14,0.38326358795166016
prove,noirky2-limb-nozk,xor/u8,10000,0,0.42021632194519043
prove,noirky2-limb-nozk,xor/u8,10000,1,0.38637733459472656
prove,noirky2-limb-nozk,xor/u8,10000,2,0.42741870880126953
prove,noirky2-limb-nozk,xor/u8,10000,3,0.39771127700805664
prove,noirky2-limb-nozk,xor/u8,10000,4,0.3976287841796875
prove,noirky2-limb-nozk,xor/u8,10000,5,0.41078782081604004
prove,noirky2-limb-nozk,xor/u8,10000,6,0.4354085922241211
prove,noirky2-limb-nozk,xor/u8,10000,7,0.41174983978271484
prove,noirky2-limb-nozk,xor/u8,10000,8,0.40065598487854004
prove,noirky2-limb-nozk,xor/u8,10000,9,0.4332137107849121
prove,noirky2-limb-nozk,xor/u8,10000,10,0.3919394016265869
prove,noirky2-limb-nozk,xor/u8,10000,11,0.3937809467315674
prove,noirky2-limb-nozk,xor/u8,10000,12,0.4716227054595947
prove,noirky2-limb-nozk,xor/u8,10000,13,0.5059075355529785
prove,noirky2-limb-nozk,xor/u8,10000,14,0.41751527786254883
prove,noirky2-limb-nozk,xor/u8,20000,0,0.497312068939209
prove,noirky2-limb-nozk,xor/u8,20000,1,0.4249606132507324
prove,noirky2-limb-nozk,xor/u8,20000,2,0.4330742359161377
prove,noirky2-limb-nozk,xor/u8,20000,3,0.45909762382507324
prove,noirky2-limb-nozk,xor/u8,20000,4,0.45941710472106934
prove,noirky2-limb-nozk,xor/u8,20000,5,0.4605557918548584
prove,noirky2-limb-nozk,xor/u8,20000,6,0.42318201065063477
prove,noirky2-limb-nozk,xor/u8,20000,7,0.44885706901550293
prove,noirky2-limb-nozk,xor/u8,20000,8,0.5220646858215332
prove,noirky2-limb-nozk,xor/u8,20000,9,0.43204712867736816
prove,noirky2-limb-nozk,xor/u8,20000,10,0.42566895484924316
prove,noirky2-limb-nozk,xor/u8,20000,11,0.45587158203125
prove,noirky2-limb-nozk,xor/u8,20000,12,0.42143702507019043
prove,noirky2-limb-nozk,xor/u8,20000,13,0.48581433296203613
prove,noirky2-limb-nozk,xor/u8,20000,14,0.42474794387817383
prove,noirky2-bits,xor/u16,5000,0,7.128587245941162
prove,noirky2-bits,xor/u16,5000,1,7.341261863708496
prove,noirky2-bits,xor/u16,5000,2,7.348129034042358
prove,noirky2-bits,xor/u16,5000,3,7.219156980514526
prove,noirky2-bits,xor/u16,5000,4,7.205912828445435
prove,noirky2-bits,xor/u16,5000,5,7.210450172424316
prove,noirky2-bits,xor/u16,5000,6,7.432339191436768
prove,noirky2-bits,xor/u16,5000,7,7.314759016036987
prove,noirky2-bits,xor/u16,5000,8,7.291761875152588
prove,noirky2-bits,xor/u16,5000,9,7.300138473510742
prove,noirky2-bits,xor/u16,5000,10,7.248989582061768
prove,noirky2-bits,xor/u16,5000,11,7.278843402862549
prove,noirky2-bits,xor/u16,5000,12,7.342123508453369
prove,noirky2-bits,xor/u16,5000,13,7.150001049041748
prove,noirky2-bits,xor/u16,5000,14,7.317126989364624
prove,noirky2-bits,xor/u16,10000,0,14.608432292938232
prove,noirky2-bits,xor/u16,10000,1,15.163693189620972
prove,noirky2-bits,xor/u16,10000,2,15.14624571800232
prove,noirky2-bits,xor/u16,10000,3,15.602974891662598
prove,noirky2-bits,xor/u16,10000,4,14.774729251861572
prove,noirky2-bits,xor/u16,10000,5,15.189268589019775
prove,noirky2-bits,xor/u16,10000,6,15.297971725463867
prove,noirky2-bits,xor/u16,10000,7,15.32215404510498
prove,noirky2-bits,xor/u16,10000,8,15.34574270248413
prove,noirky2-bits,xor/u16,10000,9,15.743152379989624
prove,noirky2-bits,xor/u16,10000,10,15.677900075912476
prove,noirky2-bits,xor/u16,10000,11,14.65200161933899
prove,noirky2-bits,xor/u16,10000,12,15.871131420135498
prove,noirky2-bits,xor/u16,10000,13,14.764737844467163
prove,noirky2-bits,xor/u16,10000,14,15.220602035522461
prove,noirky2-bits,xor/u16,20000,0,31.59455919265747
prove,noirky2-bits,xor/u16,20000,1,31.482333421707153
prove,noirky2-bits,xor/u16,20000,2,31.1217098236084
prove,noirky2-bits,xor/u16,20000,3,30.991515398025513
prove,noirky2-bits,xor/u16,20000,4,31.23493242263794
prove,noirky2-bits,xor/u16,20000,5,31.570585012435913
prove,noirky2-bits,xor/u16,20000,6,31.738051652908325
prove,noirky2-bits,xor/u16,20000,7,31.214791536331177
prove,noirky2-bits,xor/u16,20000,8,31.28362202644348
prove,noirky2-bits,xor/u16,20000,9,31.935827493667603
prove,noirky2-bits,xor/u16,20000,10,31.32611107826233
prove,noirky2-bits,xor/u16,20000,11,32.11462140083313
prove,noirky2-bits,xor/u16,20000,12,31.090452194213867
prove,noirky2-bits,xor/u16,20000,13,31.463704824447632
prove,noirky2-bits,xor/u16,20000,14,32.260244846343994
prove,noirky2-bits-nozk,xor/u16,5000,0,6.798142671585083
prove,noirky2-bits-nozk,xor/u16,5000,1,6.213116407394409
prove,noirky2-bits-nozk,xor/u16,5000,2,6.283151626586914
prove,noirky2-bits-nozk,xor/u16,5000,3,6.359539270401001
prove,noirky2-bits-nozk,xor/u16,5000,4,6.2954511642456055
prove,noirky2-bits-nozk,xor/u16,5000,5,6.338379144668579
prove,noirky2-bits-nozk,xor/u16,5000,6,6.396176338195801
prove,noirky2-bits-nozk,xor/u16,5000,7,6.361084938049316
prove,noirky2-bits-nozk,xor/u16,5000,8,6.400857925415039
prove,noirky2-bits-nozk,xor/u16,5000,9,6.44952130317688
prove,noirky2-bits-nozk,xor/u16,5000,10,6.394102096557617
prove,noirky2-bits-nozk,xor/u16,5000,11,6.33379054069519
prove,noirky2-bits-nozk,xor/u16,5000,12,6.3707122802734375
prove,noirky2-bits-nozk,xor/u16,5000,13,6.415935277938843
prove,noirky2-bits-nozk,xor/u16,5000,14,6.364619970321655
prove,noirky2-bits-nozk,xor/u16,10000,0,13.015372037887573
prove,noirky2-bits-nozk,xor/u16,10000,1,13.586952686309814
prove,noirky2-bits-nozk,xor/u16,10000,2,13.622849941253662
prove,noirky2-bits-nozk,xor/u16,10000,3,13.667124509811401
prove,noirky2-bits-nozk,xor/u16,10000,4,13.682228088378906
prove,noirky2-bits-nozk,xor/u16,10000,5,13.70707106590271
prove,noirky2-bits-nozk,xor/u16,10000,6,13.671334743499756
prove,noirky2-bits-nozk,xor/u16,10000,7,13.582995653152466
prove,noirky2-bits-nozk,xor/u16,10000,8,13.645962238311768
prove,noirky2-bits-nozk,xor/u16,10000,9,13.660847663879395
prove,noirky2-bits-nozk,xor/u16,10000,10,13.592031717300415
prove,noirky2-bits-nozk,xor/u16,10000,11,13.591720342636108
prove,noirky2-bits-nozk,xor/u16,10000,12,13.569399118423462
prove,noirky2-bits-nozk,xor/u16,10000,13,13.679898023605347
prove,noirky2-bits-nozk,xor/u16,10000,14,13.61566424369812
prove,noirky2-bits-nozk,xor/u16,20000,0,28.20866084098816
prove,noirky2-bits-nozk,xor/u16,20000,1,29.047980070114136
prove,noirky2-bits-nozk,xor/u16,20000,2,28.36531639099121
prove,noirky2-bits-nozk,xor/u16,20000,3,28.873226165771484
prove,noirky2-bits-nozk,xor/u16,20000,4,28.15662169456482
prove,noirky2-bits-nozk,xor/u16,20000,5,29.027766466140747
prove,noirky2-bits-nozk,xor/u16,20000,6,28.837695121765137
prove,noirky2-bits-nozk,xor/u16,20000,7,28.624051570892334
prove,noirky2-bits-nozk,xor/u16,20000,8,28.53731942176819
prove,noirky2-bits-nozk,xor/u16,20000,9,28.615739345550537
prove,noirky2-bits-nozk,xor/u16,20000,10,28.805811643600464
prove,noirky2-bits-nozk,xor/u16,20000,11,29.07604146003723
prove,noirky2-bits-nozk,xor/u16,20000,12,28.812523365020752
prove,noirky2-bits-nozk,xor/u16,20000,13,29.208701610565186
prove,noirky2-bits-nozk,xor/u16,20000,14,29.22848391532898
prove,bb,xor/u16,5000,0,12.774780988693237
prove,bb,xor/u16,5000,1,12.756551265716553
prove,bb,xor/u16,5000,2,12.799068212509155
prove,bb,xor/u16,5000,3,12.818063497543335
prove,bb,xor/u16,5000,4,12.749009132385254
prove,bb,xor/u16,5000,5,12.78153109550476
prove,bb,xor/u16,5000,6,12.769502639770508
prove,bb,xor/u16,5000,7,12.755549430847168
prove,bb,xor/u16,5000,8,12.743898868560791
prove,bb,xor/u16,5000,9,12.749494075775146
prove,bb,xor/u16,5000,10,12.77219843864441
prove,bb,xor/u16,5000,11,12.745520830154419
prove,bb,xor/u16,5000,12,12.748169898986816
prove,bb,xor/u16,5000,13,12.747822999954224
prove,bb,xor/u16,5000,14,12.752582311630249
prove,bb,xor/u16,10000,0,25.551159620285034
prove,bb,xor/u16,10000,1,25.70139241218567
prove,bb,xor/u16,10000,2,25.737943172454834
prove,bb,xor/u16,10000,3,25.68740963935852
prove,bb,xor/u16,10000,4,25.715881824493408
prove,bb,xor/u16,10000,5,25.74507999420166
prove,bb,xor/u16,10000,6,25.69541311264038
prove,bb,xor/u16,10000,7,25.73696994781494
prove,bb,xor/u16,10000,8,25.6869957447052
prove,bb,xor/u16,10000,9,25.73300552368164
prove,bb,xor/u16,10000,10,25.673511743545532
prove,bb,xor/u16,10000,11,25.65713858604431
prove,bb,xor/u16,10000,12,25.71967339515686
prove,bb,xor/u16,10000,13,25.6649272441864
prove,bb,xor/u16,10000,14,25.75525403022766
prove,bb,xor/u16,20000,0,51.038002729415894
prove,bb,xor/u16,20000,1,51.69106841087341
prove,bb,xor/u16,20000,2,51.59917235374451
prove,bb,xor/u16,20000,3,51.580703020095825
prove,bb,xor/u16,20000,4,51.70379424095154
prove,bb,xor/u16,20000,5,51.59605097770691
prove,bb,xor/u16,20000,6,51.82059121131897
prove,bb,xor/u16,20000,7,51.60954236984253
prove,bb,xor/u16,20000,8,51.57918453216553
prove,bb,xor/u16,20000,9,51.62190890312195
prove,bb,xor/u16,20000,10,51.744900941848755
prove,bb,xor/u16,20000,11,51.60911726951599
prove,bb,xor/u16,20000,12,51.611374855041504
prove,bb,xor/u16,20000,13,51.7243754863739
prove,bb,xor/u16,20000,14,51.65799856185913
prove,noirky2-limb,xor/u16,5000,0,2.216106414794922
prove,noirky2-limb,xor/u16,5000,1,2.1661853790283203
prove,noirky2-limb,xor/u16,5000,2,2.25583815574646
prove,noirky2-limb,xor/u16,5000,3,2.2066268920898438
prove,noirky2-limb,xor/u16,5000,4,2.158740758895874
prove,noirky2-limb,xor/u16,5000,5,1.8592708110809326
prove,noirky2-limb,xor/u16,5000,6,2.010918140411377
prove,noirky2-limb,xor/u16,5000,7,1.9598920345306396
prove,noirky2-limb,xor/u16,5000,8,1.8833966255187988
prove,noirky2-limb,xor/u16,5000,9,1.9299843311309814
prove,noirky2-limb,xor/u16,5000,10,1.906808614730835
prove,noirky2-limb,xor/u16,5000,11,1.936328411102295
prove,noirky2-limb,xor/u16,5000,12,1.934178113937378
prove,noirky2-limb,xor/u16,5000,13,1.906012773513794
prove,noirky2-limb,xor/u16,5000,14,2.0051190853118896
prove,noirky2-limb,xor/u16,10000,0,1.9907054901123047
prove,noirky2-limb,xor/u16,10000,1,2.0059337615966797
prove,noirky2-limb,xor/u16,10000,2,2.0702085494995117
prove,noirky2-limb,xor/u16,10000,3,2.00296950340271
prove,noirky2-limb,xor/u16,10000,4,2.020430564880371
prove,noirky2-limb,xor/u16,10000,5,2.0105209350585938
prove,noirky2-limb,xor/u16,10000,6,2.0111310482025146
prove,noirky2-limb,xor/u16,10000,7,2.000680685043335
prove,noirky2-limb,xor/u16,10000,8,2.0290064811706543
prove,noirky2-limb,xor/u16,10000,9,1.9903550148010254
prove,noirky2-limb,xor/u16,10000,10,2.0270655155181885
prove,noirky2-limb,xor/u16,10000,11,2.0334177017211914
prove,noirky2-limb,xor/u16,10000,12,2.006957769393921
prove,noirky2-limb,xor/u16,10000,13,2.035691499710083
prove,noirky2-limb,xor/u16,10000,14,2.070357084274292
prove,noirky2-limb,xor/u16,20000,0,3.73622989654541
prove,noirky2-limb,xor/u16,20000,1,3.8889544010162354
prove,noirky2-limb,xor/u16,20000,2,3.8474676609039307
prove,noirky2-limb,xor/u16,20000,3,3.862727642059326
prove,noirky2-limb,xor/u16,20000,4,3.859994888305664
prove,noirky2-limb,xor/u16,20000,5,3.8228466510772705
prove,noirky2-limb,xor/u16,20000,6,3.89715313911438
prove,noirky2-limb,xor/u16,20000,7,3.7966527938842773
prove,noirky2-limb,xor/u16,20000,8,3.9025590419769287
prove,noirky2-limb,xor/u16,20000,9,3.841218948364258
prove,noirky2-limb,xor/u16,20000,10,3.9195802211761475
prove,noirky2-limb,xor/u16,20000,11,3.8682098388671875
prove,noirky2-limb,xor/u16,20000,12,3.910054922103882
prove,noirky2-limb,xor/u16,20000,13,3.8653228282928467
prove,noirky2-limb,xor/u16,20000,14,3.8959224224090576
prove,noirky2-limb-nozk,xor/u16,5000,0,0.8521053791046143
prove,noirky2-limb-nozk,xor/u16,5000,1,0.8617203235626221
prove,noirky2-limb-nozk,xor/u16,5000,2,0.7858448028564453
prove,noirky2-limb-nozk,xor/u16,5000,3,0.7883596420288086
prove,noirky2-limb-nozk,xor/u16,5000,4,0.7907366752624512
prove,noirky2-limb-nozk,xor/u16,5000,5,0.8551654815673828
prove,noirky2-limb-nozk,xor/u16,5000,6,0.802436113357544
prove,noirky2-limb-nozk,xor/u16,5000,7,0.7864046096801758
prove,noirky2-limb-nozk,xor/u16,5000,8,0.786534309387207
prove,noirky2-limb-nozk,xor/u16,5000,9,0.783841609954834
prove,noirky2-limb-nozk,xor/u16,5000,10,0.7693474292755127
prove,noirky2-limb-nozk,xor/u16,5000,11,0.8284258842468262
prove,noirky2-limb-nozk,xor/u16,5000,12,0.8126938343048096
prove,noirky2-limb-nozk,xor/u16,5000,13,0.821058988571167
prove,noirky2-limb-nozk,xor/u16,5000,14,0.787804365158081
prove,noirky2-limb-nozk,xor/u16,10000,0,0.8717484474182129
prove,noirky2-limb-nozk,xor/u16,10000,1,0.8438799381256104
prove,noirky2-limb-nozk,xor/u16,10000,2,0.8812060356140137
prove,noirky2-limb-nozk,xor/u16,10000,3,0.8530945777893066
prove,noirky2-limb-nozk,xor/u16,10000,4,0.861292839050293
prove,noirky2-limb-nozk,xor/u16,10000,5,0.8710947036743164
prove,noirky2-limb-nozk,xor/u16,10000,6,0.8678829669952393
prove,noirky2-limb-nozk,xor/u16,10000,7,0.8489847183227539
prove,noirky2-limb-nozk,xor/u16,10000,8,0.8471901416778564
prove,noirky2-limb-nozk,xor/u16,10000,9,0.8436017036437988
prove,noirky2-limb-nozk,xor/u16,10000,10,0.9044232368469238
prove,noirky2-limb-nozk,xor/u16,10000,11,0.8561043739318848
prove,noirky2-limb-nozk,xor/u16,10000,12,0.8591339588165283
prove,noirky2-limb-nozk,xor/u16,10000,13,0.861548900604248
prove,noirky2-limb-nozk,xor/u16,10000,14,0.8616635799407959
prove,noirky2-limb-nozk,xor/u16,20000,0,1.7185983657836914
prove,noirky2-limb-nozk,xor/u16,20000,1,1.733046293258667
prove,noirky2-limb-nozk,xor/u16,20000,2,1.692148208618164
prove,noirky2-limb-nozk,xor/u16,20000,3,1.7187950611114502
prove,noirky2-limb-nozk,xor/u16,20000,4,1.7315030097961426
prove,noirky2-limb-nozk,xor/u16,20000,5,1.7469513416290283
prove,noirky2-limb-nozk,xor/u16,20000,6,1.7352519035339355
prove,noirky2-limb-nozk,xor/u16,20000,7,1.7069754600524902
prove,noirky2-limb-nozk,xor/u16,20000,8,1.6975207328796387
prove,noirky2-limb-nozk,xor/u16,20000,9,1.7450320720672607
prove,noirky2-limb-nozk,xor/u16,20000,10,1.7283976078033447
prove,noirky2-limb-nozk,xor/u16,20000,11,1.7029666900634766
prove,noirky2-limb-nozk,xor/u16,20000,12,1.7225236892700195
prove,noirky2-limb-nozk,xor/u16,20000,13,1.7633147239685059
prove,noirky2-limb-nozk,xor/u16,20000,14,1.7076990604400635
prove,noirky2-bits,xor/u32,5000,0,7.686424732208252
prove,noirky2-bits,xor/u32,5000,1,7.969424247741699
prove,noirky2-bits,xor/u32,5000,2,7.921417951583862
prove,noirky2-bits,xor/u32,5000,3,7.9313764572143555
prove,noirky2-bits,xor/u32,5000,4,7.840054273605347
prove,noirky2-bits,xor/u32,5000,5,7.84675407409668
prove,noirky2-bits,xor/u32,5000,6,7.815430641174316
prove,noirky2-bits,xor/u32,5000,7,7.829505681991577
prove,noirky2-bits,xor/u32,5000,8,7.793693542480469
prove,noirky2-bits,xor/u32,5000,9,7.90982723236084
prove,noirky2-bits,xor/u32,5000,10,7.945269584655762
prove,noirky2-bits,xor/u32,5000,11,7.791019678115845
prove,noirky2-bits,xor/u32,5000,12,7.941420555114746
prove,noirky2-bits,xor/u32,5000,13,7.921063661575317
prove,noirky2-bits,xor/u32,5000,14,7.883730173110962
prove,noirky2-bits,xor/u32,10000,0,15.999499797821045
prove,noirky2-bits,xor/u32,10000,1,16.20040488243103
prove,noirky2-bits,xor/u32,10000,2,16.174428939819336
prove,noirky2-bits,xor/u32,10000,3,16.62084722518921
prove,noirky2-bits,xor/u32,10000,4,16.155165433883667
prove,noirky2-bits,xor/u32,10000,5,16.6630699634552
prove,noirky2-bits,xor/u32,10000,6,15.736340045928955
prove,noirky2-bits,xor/u32,10000,7,16.680930852890015
prove,noirky2-bits,xor/u32,10000,8,15.966399669647217
prove,noirky2-bits,xor/u32,10000,9,16.554398775100708
prove,noirky2-bits,xor/u32,10000,10,16.12263560295105
prove,noirky2-bits,xor/u32,10000,11,16.61679244041443
prove,noirky2-bits,xor/u32,10000,12,16.31867790222168
prove,noirky2-bits,xor/u32,10000,13,16.229806661605835
prove,noirky2-bits,xor/u32,10000,14,15.964144229888916
prove,noirky2-bits,xor/u32,20000,0,33.600441455841064
prove,noirky2-bits,xor/u32,20000,1,32.86252999305725
prove,noirky2-bits,xor/u32,20000,2,33.12097668647766
prove,noirky2-bits,xor/u32,20000,3,33.807769536972046
prove,noirky2-bits,xor/u32,20000,4,33.53013014793396
prove,noirky2-bits,xor/u32,20000,5,34.62700533866882
prove,noirky2-bits,xor/u32,20000,6,34.39796781539917
prove,noirky2-bits,xor/u32,20000,7,32.82950472831726
prove,noirky2-bits,xor/u32,20000,8,33.90625500679016
prove,noirky2-bits,xor/u32,20000,9,33.95510411262512
prove,noirky2-bits,xor/u32,20000,10,33.08475947380066
prove,noirky2-bits,xor/u32,20000,11,33.49439740180969
prove,noirky2-bits,xor/u32,20000,12,33.583147048950195
prove,noirky2-bits,xor/u32,20000,13,33.664082765579224
prove,noirky2-bits,xor/u32,20000,14,33.6083083152771
prove,noirky2-bits-nozk,xor/u32,5000,0,7.577008247375488
prove,noirky2-bits-nozk,xor/u32,5000,1,6.784663438796997
prove,noirky2-bits-nozk,xor/u32,5000,2,6.905539274215698
prove,noirky2-bits-nozk,xor/u32,5000,3,6.895877838134766
prove,noirky2-bits-nozk,xor/u32,5000,4,7.009270429611206
prove,noirky2-bits-nozk,xor/u32,5000,5,7.01413893699646
prove,noirky2-bits-nozk,xor/u32,5000,6,6.977663516998291
prove,noirky2-bits-nozk,xor/u32,5000,7,6.959375381469727
prove,noirky2-bits-nozk,xor/u32,5000,8,6.934532165527344
prove,noirky2-bits-nozk,xor/u32,5000,9,6.915817022323608
prove,noirky2-bits-nozk,xor/u32,5000,10,6.8984215259552
prove,noirky2-bits-nozk,xor/u32,5000,11,6.911161661148071
prove,noirky2-bits-nozk,xor/u32,5000,12,6.928325414657593
prove,noirky2-bits-nozk,xor/u32,5000,13,6.927838087081909
prove,noirky2-bits-nozk,xor/u32,5000,14,6.942977428436279
prove,noirky2-bits-nozk,xor/u32,10000,0,14.077797651290894
prove,noirky2-bits-nozk,xor/u32,10000,1,14.961538314819336
prove,noirky2-bits-nozk,xor/u32,10000,2,14.726776361465454
prove,noirky2-bits-nozk,xor/u32,10000,3,14.611974000930786
prove,noirky2-bits-nozk,xor/u32,10000,4,14.331115245819092
prove,noirky2-bits-nozk,xor/u32,10000,5,14.942241668701172
prove,noirky2-bits-nozk,xor/u32,10000,6,14.387701034545898
prove,noirky2-bits-nozk,xor/u32,10000,7,15.06113600730896
prove,noirky2-bits-nozk,xor/u32,10000,8,14.457308769226074
prove,noirky2-bits-nozk,xor/u32,10000,9,15.040810108184814
prove,noirky2-bits-nozk,xor/u32,10000,10,14.584807872772217
prove,noirky2-bits-nozk,xor/u32,10000,11,14.377889633178711
prove,noirky2-bits-nozk,xor/u32,10000,12,15.037298440933228
prove,noirky2-bits-nozk,xor/u32,10000,13,14.34345531463623
prove,noirky2-bits-nozk,xor/u32,10000,14,14.936135530471802
prove,noirky2-bits-nozk,xor/u32,20000,0,31.041089296340942
prove,noirky2-bits-nozk,xor/u32,20000,1,31.262582540512085
prove,noirky2-bits-nozk,xor/u32,20000,2,31.457410097122192
prove,noirky2-bits-nozk,xor/u32,20000,3,31.02625298500061
prove,noirky2-bits-nozk,xor/u32,20000,4,31.098013639450073
prove,noirky2-bits-nozk,xor/u32,20000,5,30.686365127563477
prove,noirky2-bits-nozk,xor/u32,20000,6,30.875772953033447
prove,noirky2-bits-nozk,xor/u32,20000,7,30.91653347015381
prove,noirky2-bits-nozk,xor/u32,20000,8,30.273959636688232
prove,noirky2-bits-nozk,xor/u32,20000,9,31.723230361938477
prove,noirky2-bits-nozk,xor/u32,20000,10,31.228708505630493
prove,noirky2-bits-nozk,xor/u32,20000,11,30.59294033050537
prove,noirky2-bits-nozk,xor/u32,20000,12,31.729703903198242
prove,noirky2-bits-nozk,xor/u32,20000,13,31.243767976760864
prove,noirky2-bits-nozk,xor/u32,20000,14,30.921343564987183
prove,bb,xor/u32,5000,0,12.904547452926636
prove,bb,xor/u32,5000,1,12.860989570617676
prove,bb,xor/u32,5000,2,12.851868391036987
prove,bb,xor/u32,5000,3,12.85857081413269
prove,bb,xor/u32,5000,4,12.853724956512451
prove,bb,xor/u32,5000,5,12.907546758651733
prove,bb,xor/u32,5000,6,12.856674194335938
prove,bb,xor/u32,5000,7,12.833778142929077
prove,bb,xor/u32,5000,8,12.82529091835022
prove,bb,xor/u32,5000,9,12.856077909469604
prove,bb,xor/u32,5000,10,12.885947704315186
prove,bb,xor/u32,5000,11,12.843003749847412
prove,bb,xor/u32,5000,12,12.837972402572632
prove,bb,xor/u32,5000,13,12.83070969581604
prove,bb,xor/u32,5000,14,12.870857954025269
prove,bb,xor/u32,10000,0,25.39117741584778
prove,bb,xor/u32,10000,1,25.461097717285156
prove,bb,xor/u32,10000,2,25.50151824951172
prove,bb,xor/u32,10000,3,25.44706439971924
prove,bb,xor/u32,10000,4,25.498381853103638
prove,bb,xor/u32,10000,5,25.457075119018555
prove,bb,xor/u32,10000,6,25.470489501953125
prove,bb,xor/u32,10000,7,25.505770206451416
prove,bb,xor/u32,10000,8,25.464353799819946
prove,bb,xor/u32,10000,9,25.48982572555542
prove,bb,xor/u32,10000,10,25.4365234375
prove,bb,xor/u32,10000,11,25.462062120437622
prove,bb,xor/u32,10000,12,25.457099199295044
prove,bb,xor/u32,10000,13,25.504809379577637
prove,bb,xor/u32,10000,14,25.44564390182495
prove,bb,xor/u32,20000,0,51.26420307159424
prove,bb,xor/u32,20000,1,51.70001244544983
prove,bb,xor/u32,20000,2,51.65241241455078
prove,bb,xor/u32,20000,3,51.605730295181274
prove,bb,xor/u32,20000,4,51.705256938934326
prove,bb,xor/u32,20000,5,51.59939742088318
prove,bb,xor/u32,20000,6,51.611690044403076
prove,bb,xor/u32,20000,7,51.59045958518982
prove,bb,xor/u32,20000,8,51.631707429885864
prove,bb,xor/u32,20000,9,51.66814160346985
prove,bb,xor/u32,20000,10,51.676257610321045
prove,bb,xor/u32,20000,11,51.50361680984497
prove,bb,xor/u32,20000,12,51.61385226249695
prove,bb,xor/u32,20000,13,51.548553228378296
prove,bb,xor/u32,20000,14,51.576536655426025
prove,noirky2-limb,xor/u32,5000,0,2.3081419467926025
prove,noirky2-limb,xor/u32,5000,1,2.402635335922241
prove,noirky2-limb,xor/u32,5000,2,2.4135043621063232
prove,noirky2-limb,xor/u32,5000,3,2.396854877471924
prove,noirky2-limb,xor/u32,5000,4,2.0777053833007812
prove,noirky2-limb,xor/u32,5000,5,1.9796855449676514
prove,noirky2-limb,xor/u32,5000,6,2.0508081912994385
prove,noirky2-limb,xor/u32,5000,7,2.019016742706299
prove,noirky2-limb,xor/u32,5000,8,2.0680129528045654
prove,noirky2-limb,xor/u32,5000,9,2.13516902923584
prove,noirky2-limb,xor/u32,5000,10,2.045598030090332
prove,noirky2-limb,xor/u32,5000,11,2.0195600986480713
prove,noirky2-limb,xor/u32,5000,12,2.0254786014556885
prove,noirky2-limb,xor/u32,5000,13,2.05985689163208
prove,noirky2-limb,xor/u32,5000,14,2.0635478496551514
prove,noirky2-limb,xor/u32,10000,0,3.8921010494232178
prove,noirky2-limb,xor/u32,10000,1,3.9299449920654297
prove,noirky2-limb,xor/u32,10000,2,3.9668924808502197
prove,noirky2-limb,xor/u32,10000,3,3.9425501823425293
prove,noirky2-limb,xor/u32,10000,4,3.8690381050109863
prove,noirky2-limb,xor/u32,10000,5,3.9238064289093018
prove,noirky2-limb,xor/u32,10000,6,3.948974847793579
prove,noirky2-limb,xor/u32,10000,7,3.852550506591797
prove,noirky2-limb,xor/u32,10000,8,3.9315531253814697
prove,noirky2-limb,xor/u32,10000,9,3.9170258045196533
prove,noirky2-limb,xor/u32,10000,10,3.908627986907959
prove,noirky2-limb,xor/u32,10000,11,3.9191055297851562
prove,noirky2-limb,xor/u32,10000,12,3.8596887588500977
prove,noirky2-limb,xor/u32,10000,13,3.9588449001312256
prove,noirky2-limb,xor/u32,10000,14,3.9028637409210205
prove,noirky2-limb,xor/u32,20000,0,4.264596939086914
prove,noirky2-limb,xor/u32,20000,1,4.289803504943848
prove,noirky2-limb,xor/u32,20000,2,4.225744962692261
prove,noirky2-limb,xor/u32,20000,3,4.25263524055481
prove,noirky2-limb,xor/u32,20000,4,4.217156887054443
prove,noirky2-limb,xor/u32,20000,5,4.249792575836182
prove,noirky2-limb,xor/u32,20000,6,4.194913387298584
prove,noirky2-limb,xor/u32,20000,7,4.261536121368408
prove,noirky2-limb,xor/u32,20000,8,4.244200944900513
prove,noirky2-limb,xor/u32,20000,9,4.2352423667907715
prove,noirky2-limb,xor/u32,20000,10,4.206985712051392
prove,noirky2-limb,xor/u32,20000,11,4.2395031452178955
prove,noirky2-limb,xor/u32,20000,12,4.219789743423462
prove,noirky2-limb,xor/u32,20000,13,4.290014743804932
prove,noirky2-limb,xor/u32,20000,14,4.207016468048096
prove,noirky2-limb-nozk,xor/u32,5000,0,0.9842660427093506
prove,noirky2-limb-nozk,xor/u32,5000,1,0.9171266555786133
prove,noirky2-limb-nozk,xor/u32,5000,2,0.877016544342041
prove,noirky2-limb-nozk,xor/u32,5000,3,0.885530948638916
prove,noirky2-limb-nozk,xor/u32,5000,4,0.9431703090667725
prove,noirky2-limb-nozk,xor/u32,5000,5,0.8743574619293213
prove,noirky2-limb-nozk,xor/u32,5000,6,0.896040678024292
prove,noirky2-limb-nozk,xor/u32,5000,7,0.9257609844207764
prove,noirky2-limb-nozk,xor/u32,5000,8,0.8762001991271973
prove,noirky2-limb-nozk,xor/u32,5000,9,0.8675415515899658
prove,noirky2-limb-nozk,xor/u32,5000,10,0.8638067245483398
prove,noirky2-limb-nozk,xor/u32,5000,11,0.9075760841369629
prove,noirky2-limb-nozk,xor/u32,5000,12,0.8843584060668945
prove,noirky2-limb-nozk,xor/u32,5000,13,0.8841884136199951
prove,noirky2-limb-nozk,xor/u32,5000,14,0.9097375869750977
prove,noirky2-limb-nozk,xor/u32,10000,0,1.7381227016448975
prove,noirky2-limb-nozk,xor/u32,10000,1,1.7615187168121338
prove,noirky2-limb-nozk,xor/u32,10000,2,1.8008217811584473
prove,noirky2-limb-nozk,xor/u32,10000,3,1.7668001651763916
prove,noirky2-limb-nozk,xor/u32,10000,4,1.7536163330078125
prove,noirky2-limb-nozk,xor/u32,10000,5,1.7579097747802734
prove,noirky2-limb-nozk,xor/u32,10000,6,1.7494447231292725
prove,noirky2-limb-nozk,xor/u32,10000,7,1.752882719039917
prove,noirky2-limb-nozk,xor/u32,10000,8,1.7708709239959717
prove,noirky2-limb-nozk,xor/u32,10000,9,1.7666070461273193
prove,noirky2-limb-nozk,xor/u32,10000,10,1.7554047107696533
prove,noirky2-limb-nozk,xor/u32,10000,11,1.809647560119629
prove,noirky2-limb-nozk,xor/u32,10000,12,1.83880615234375
prove,noirky2-limb-nozk,xor/u32,10000,13,1.7691318988800049
prove,noirky2-limb-nozk,xor/u32,10000,14,1.7459766864776611
prove,noirky2-limb-nozk,xor/u32,20000,0,3.5290496349334717
prove,noirky2-limb-nozk,xor/u32,20000,1,3.6181700229644775
prove,noirky2-limb-nozk,xor/u32,20000,2,3.6880574226379395
prove,noirky2-limb-nozk,xor/u32,20000,3,3.6491615772247314
prove,noirky2-limb-nozk,xor/u32,20000,4,3.6181447505950928
prove,noirky2-limb-nozk,xor/u32,20000,5,3.7156524658203125
prove,noirky2-limb-nozk,xor/u32,20000,6,3.6763153076171875
prove,noirky2-limb-nozk,xor/u32,20000,7,3.6047823429107666
prove,noirky2-limb-nozk,xor/u32,20000,8,3.587373733520508
prove,noirky2-limb-nozk,xor/u32,20000,9,3.6190454959869385
prove,noirky2-limb-nozk,xor/u32,20000,10,3.593580722808838
prove,noirky2-limb-nozk,xor/u32,20000,11,3.6380186080932617
prove,noirky2-limb-nozk,xor/u32,20000,12,3.6931405067443848
prove,noirky2-limb-nozk,xor/u32,20000,13,3.6455562114715576
prove,noirky2-limb-nozk,xor/u32,20000,14,3.6244683265686035
write_vk,noirky2-bits,range/u8,5000,0,0.694286584854126
write_vk,noirky2-bits,range/u8,5000,1,0.6038491725921631
write_vk,noirky2-bits,range/u8,5000,2,0.5988409519195557
write_vk,noirky2-bits,range/u8,5000,3,0.5997164249420166
write_vk,noirky2-bits,range/u8,5000,4,0.6001393795013428
write_vk,noirky2-bits,range/u8,5000,5,0.6006674766540527
write_vk,noirky2-bits,range/u8,5000,6,0.6001133918762207
write_vk,noirky2-bits,range/u8,5000,7,0.6006302833557129
write_vk,noirky2-bits,range/u8,5000,8,0.5970072746276855
write_vk,noirky2-bits,range/u8,5000,9,0.5982959270477295
write_vk,noirky2-bits,range/u8,5000,10,0.602306604385376
write_vk,noirky2-bits,range/u8,5000,11,0.600867748260498
write_vk,noirky2-bits,range/u8,5000,12,0.5985913276672363
write_vk,noirky2-bits,range/u8,5000,13,0.6048591136932373
write_vk,noirky2-bits,range/u8,5000,14,0.6011617183685303
write_vk,noirky2-bits,range/u8,10000,0,1.202117681503296
write_vk,noirky2-bits,range/u8,10000,1,1.211681842803955
write_vk,noirky2-bits,range/u8,10000,2,1.2166571617126465
write_vk,noirky2-bits,range/u8,10000,3,1.2126915454864502
write_vk,noirky2-bits,range/u8,10000,4,1.20522141456604
write_vk,noirky2-bits,range/u8,10000,5,1.2105534076690674
write_vk,noirky2-bits,range/u8,10000,6,1.2185676097869873
write_vk,noirky2-bits,range/u8,10000,7,1.2134919166564941
write_vk,noirky2-bits,range/u8,10000,8,1.2158148288726807
write_vk,noirky2-bits,range/u8,10000,9,1.2259583473205566
write_vk,noirky2-bits,range/u8,10000,10,1.2123236656188965
write_vk,noirky2-bits,range/u8,10000,11,1.2186179161071777
write_vk,noirky2-bits,range/u8,10000,12,1.2231776714324951
write_vk,noirky2-bits,range/u8,10000,13,1.2347910404205322
write_vk,noirky2-bits,range/u8,10000,14,1.215939998626709
write_vk,noirky2-bits,range/u8,20000,0,1.223067045211792
write_vk,noirky2-bits,range/u8,20000,1,1.2046432495117188
write_vk,noirky2-bits,range/u8,20000,2,1.2125458717346191
write_vk,noirky2-bits,range/u8,20000,3,1.2076830863952637
write_vk,noirky2-bits,range/u8,20000,4,1.2110371589660645
write_vk,noirky2-bits,range/u8,20000,5,1.2096881866455078
write_vk,noirky2-bits,range/u8,20000,6,1.2065167427062988
write_vk,noirky2-bits,range/u8,20000,7,1.210026741027832
write_vk,noirky2-bits,range/u8,20000,8,1.2105169296264648
write_vk,noirky2-bits,range/u8,20000,9,1.206134557723999
write_vk,noirky2-bits,range/u8,20000,10,1.2145233154296875
write_vk,noirky2-bits,range/u8,20000,11,1.2109732627868652
write_vk,noirky2-bits,range/u8,20000,12,1.2115962505340576
write_vk,noirky2-bits,range/u8,20000,13,1.2134275436401367
write_vk,noirky2-bits,range/u8,20000,14,1.2055974006652832
write_vk,noirky2-bits-nozk,range/u8,5000,0,0.2624623775482178
write_vk,noirky2-bits-nozk,range/u8,5000,1,0.2589433193206787
write_vk,noirky2-bits-nozk,range/u8,5000,2,0.26132774353027344
write_vk,noirky2-bits-nozk,range/u8,5000,3,0.26140856742858887
write_vk,noirky2-bits-nozk,range/u8,5000,4,0.26193976402282715
write_vk,noirky2-bits-nozk,range/u8,5000,5,0.26485586166381836
write_vk,noirky2-bits-nozk,range/u8,5000,6,0.26496195793151855
write_vk,noirky2-bits-nozk,range/u8,5000,7,0.2624971866607666
write_vk,noirky2-bits-nozk,range/u8,5000,8,0.2661316394805908
write_vk,noirky2-bits-nozk,range/u8,5000,9,0.266176700592041
write_vk,noirky2-bits-nozk,range/u8,5000,10,0.2610964775085449
write_vk,noirky2-bits-nozk,range/u8,5000,11,0.2642672061920166
write_vk,noirky2-bits-nozk,range/u8,5000,12,0.26235127449035645
write_vk,noirky2-bits-nozk,range/u8,5000,13,0.2600827217102051
write_vk,noirky2-bits-nozk,range/u8,5000,14,0.2606027126312256
write_vk,noirky2-bits-nozk,range/u8,10000,0,0.5256204605102539
write_vk,noirky2-bits-nozk,range/u8,10000,1,0.5314536094665527
write_vk,noirky2-bits-nozk,range/u8,10000,2,0.5372574329376221
write_vk,noirky2-bits-nozk,range/u8,10000,3,0.5337634086608887
write_vk,noirky2-bits-nozk,range/u8,10000,4,0.5363428592681885
write_vk,noirky2-bits-nozk,range/u8,10000,5,0.539116382598877
write_vk,noirky2-bits-nozk,range/u8,10000,6,0.5381968021392822
write_vk,noirky2-bits-nozk,range/u8,10000,7,0.5371325016021729
write_vk,noirky2-bits-nozk,range/u8,10000,8,0.5396604537963867
write_vk,noirky2-bits-nozk,range/u8,10000,9,0.5374259948730469
write_vk,noirky2-bits-nozk,range/u8,10000,10,0.5399816036224365
write_vk,noirky2-bits-nozk,range/u8,10000,11,0.5406398773193359
write_vk,noirky2-bits-nozk,range/u8,10000,12,0.5420951843261719
write_vk,noirky2-bits-nozk,range/u8,10000,13,0.5379376411437988
write_vk,noirky2-bits-nozk,range/u8,10000,14,0.5395689010620117
write_vk,noirky2-bits-nozk,range/u8,20000,0,1.1199874877929688
write_vk,noirky2-bits-nozk,range/u8,20000,1,1.1248643398284912
write_vk,noirky2-bits-nozk,range/u8,20000,2,1.1265003681182861
write_vk,noirky2-bits-nozk,range/u8,20000,3,1.134566068649292
write_vk,noirky2-bits-nozk,range/u8,20000,4,1.135486125946045
write_vk,noirky2-bits-nozk,range/u8,20000,5,1.132359266281128
write_vk,noirky2-bits-nozk,range/u8,20000,6,1.1303391456604004
write_vk,noirky2-bits-nozk,range/u8,20000,7,1.1354289054870605
write_vk,noirky2-bits-nozk,range/u8,20000,8,1.1320886611938477
write_vk,noirky2-bits-nozk,range/u8,20000,9,1.136594295501709
write_vk,noirky2-bits-nozk,range/u8,20000,10,1.135744333267212
write_vk,noirky2-bits-nozk,range/u8,20000,11,1.1383640766143799
write_vk,noirky2-bits-nozk,range/u8,20000,12,1.1279447078704834
write_vk,noirky2-bits-nozk,range/u8,20000,13,1.130096673965454
write_vk,noirky2-bits-nozk,range/u8,20000,14,1.1350560188293457
write_vk,bb,range/u8,5000,0,0.6179378032684326
write_vk,bb,range/u8,5000,1,0.6438398361206055
write_vk,bb,range/u8,5000,2,0.650571346282959
write_vk,bb,range/u8,5000,3,0.6398053169250488
write_vk,bb,range/u8,5000,4,0.6455848217010498
write_vk,bb,range/u8,5000,5,0.6441764831542969
write_vk,bb,range/u8,5000,6,0.6394350528717041
write_vk,bb,range/u8,5000,7,0.6387269496917725
write_vk,bb,range/u8,5000,8,0.6436829566955566
write_vk,bb,range/u8,5000,9,0.6397063732147217
write_vk,bb,range/u8,5000,10,0.6518363952636719
write_vk,bb,range/u8,5000,11,0.6448335647583008
write_vk,bb,range/u8,5000,12,0.643949031829834
write_vk,bb,range/u8,5000,13,0.637965202331543
write_vk,bb,range/u8,5000,14,0.6449203491210938
write_vk,bb,range/u8,10000,0,1.0948472023010254
write_vk,bb,range/u8,10000,1,1.0544328689575195
write_vk,bb,range/u8,10000,2,1.0649869441986084
write_vk,bb,range/u8,10000,3,1.0603199005126953
write_vk,bb,range/u8,10000,4,1.0620360374450684
write_vk,bb,range/u8,10000,5,1.0578250885009766
write_vk,bb,range/u8,10000,6,1.057035207748413
write_vk,bb,range/u8,10000,7,1.0634510517120361
write_vk,bb,range/u8,10000,8,1.0559132099151611
write_vk,bb,range/u8,10000,9,1.0573341846466064
write_vk,bb,range/u8,10000,10,1.0590496063232422
write_vk,bb,range/u8,10000,11,1.0572481155395508
write_vk,bb,range/u8,10000,12,1.0588364601135254
write_vk,bb,range/u8,10000,13,1.056229829788208
write_vk,bb,range/u8,10000,14,1.0587708950042725
write_vk,bb,range/u8,20000,0,1.8299951553344727
write_vk,bb,range/u8,20000,1,1.8466520309448242
write_vk,bb,range/u8,20000,2,1.8554041385650635
write_vk,bb,range/u8,20000,3,1.8536081314086914
write_vk,bb,range/u8,20000,4,1.8602335453033447
write_vk,bb,range/u8,20000,5,1.8523454666137695
write_vk,bb,range/u8,20000,6,1.8500275611877441
write_vk,bb,range/u8,20000,7,1.8599903583526611
write_vk,bb,range/u8,20000,8,1.8551793098449707
write_vk,bb,range/u8,20000,9,1.8542461395263672
write_vk,bb,range/u8,20000,10,1.8561434745788574
write_vk,bb,range/u8,20000,11,1.8598744869232178
write_vk,bb,range/u8,20000,12,1.852297067642212
write_vk,bb,range/u8,20000,13,1.8539509773254395
write_vk,bb,range/u8,20000,14,1.8547840118408203
write_vk,noirky2-limb,range/u8,5000,0,0.6993584632873535
write_vk,noirky2-limb,range/u8,5000,1,0.6314597129821777
write_vk,noirky2-limb,range/u8,5000,2,0.6251792907714844
write_vk,noirky2-limb,range/u8,5000,3,0.6256439685821533
write_vk,noirky2-limb,range/u8,5000,4,0.624786376953125
write_vk,noirky2-limb,range/u8,5000,5,0.6283721923828125
write_vk,noirky2-limb,range/u8,5000,6,0.6292569637298584
write_vk,noirky2-limb,range/u8,5000,7,0.6267960071563721
write_vk,noirky2-limb,range/u8,5000,8,0.6279864311218262
write_vk,noirky2-limb,range/u8,5000,9,0.6249432563781738
write_vk,noirky2-limb,range/u8,5000,10,0.6276965141296387
write_vk,noirky2-limb,range/u8,5000,11,0.626859188079834
write_vk,noirky2-limb,range/u8,5000,12,0.6299624443054199
write_vk,noirky2-limb,range/u8,5000,13,0.6315281391143799
write_vk,noirky2-limb,range/u8,5000,14,0.6259174346923828
write_vk,noirky2-limb,range/u8,10000,0,0.6362326145172119
write_vk,noirky2-limb,range/u8,10000,1,0.6311566829681396
write_vk,noirky2-limb,range/u8,10000,2,0.6344470977783203
write_vk,noirky2-limb,range/u8,10000,3,0.6337530612945557
write_vk,noirky2-limb,range/u8,10000,4,0.6307370662689209
write_vk,noirky2-limb,range/u8,10000,5,0.6342024803161621
write_vk,noirky2-limb,range/u8,10000,6,0.6346042156219482
write_vk,noirky2-limb,range/u8,10000,7,0.636519193649292
write_vk,noirky2-limb,range/u8,10000,8,0.6339237689971924
write_vk,noirky2-limb,range/u8,10000,9,0.6338722705841064
write_vk,noirky2-limb,range/u8,10000,10,0.6534667015075684
write_vk,noirky2-limb,range/u8,10000,11,0.6380190849304199
write_vk,noirky2-limb,range/u8,10000,12,0.6361651420593262
write_vk,noirky2-limb,range/u8,10000,13,0.6319422721862793
write_vk,noirky2-limb,range/u8,10000,14,0.6314404010772705
write_vk,noirky2-limb,range/u8,20000,0,0.6475775241851807
write_vk,noirky2-limb,range/u8,20000,1,0.6479642391204834
write_vk,noirky2-limb,range/u8,20000,2,0.646721363067627
write_vk,noirky2-limb,range/u8,20000,3,0.648629903793335
write_vk,noirky2-limb,range/u8,20000,4,0.6524233818054199
write_vk,noirky2-limb,range/u8,20000,5,0.6491820812225342
write_vk,noirky2-limb,range/u8,20000,6,0.6511178016662598
write_vk,noirky2-limb,range/u8,20000,7,0.6427760124206543
write_vk,noirky2-limb,range/u8,20000,8,0.6501996517181396
write_vk,noirky2-limb,range/u8,20000,9,0.6516058444976807
write_vk,noirky2-limb,range/u8,20000,10,0.650933027267456
write_vk,noirky2-limb,range/u8,20000,11,0.6459918022155762
write_vk,noirky2-limb,range/u8,20000,12,0.6510629653930664
write_vk,noirky2-limb,range/u8,20000,13,0.6490733623504639
write_vk,noirky2-limb,range/u8,20000,14,0.6484389305114746
write_vk,noirky2-limb-nozk,range/u8,5000,0,0.016011714935302734
write_vk,noirky2-limb-nozk,range/u8,5000,1,0.017485618591308594
write_vk,noirky2-limb-nozk,range/u8,5000,2,0.016101837158203125
write_vk,noirky2-limb-nozk,range/u8,5000,3,0.01608896255493164
write_vk,noirky2-limb-nozk,range/u8,5000,4,0.01603245735168457
write_vk,noirky2-limb-nozk,range/u8,5000,5,0.01603388786315918
write_vk,noirky2-limb-nozk,range/u8,5000,6,0.015959739685058594
write_vk,noirky2-limb-nozk,range/u8,5000,7,0.015952587127685547
write_vk,noirky2-limb-nozk,range/u8,5000,8,0.015970945358276367
write_vk,noirky2-limb-nozk,range/u8,5000,9,0.015929698944091797
write_vk,noirky2-limb-nozk,range/u8,5000,10,0.016416311264038086
write_vk,noirky2-limb-nozk,range/u8,5000,11,0.016317367553710938
write_vk,noirky2-limb-nozk,range/u8,5000,12,0.016458988189697266
write_vk,noirky2-limb-nozk,range/u8,5000,13,0.0163114070892334
write_vk,noirky2-limb-nozk,range/u8,5000,14,0.016092538833618164
write_vk,noirky2-limb-nozk,range/u8,10000,0,0.02924823760986328
write_vk,noirky2-limb-nozk,range/u8,10000,1,0.029517173767089844
write_vk,noirky2-limb-nozk,range/u8,10000,2,0.029248952865600586
write_vk,noirky2-limb-nozk,range/u8,10000,3,0.029541969299316406
write_vk,noirky2-limb-nozk,range/u8,10000,4,0.029507875442504883
write_vk,noirky2-limb-nozk,range/u8,10000,5,0.030671358108520508
write_vk,noirky2-limb-nozk,range/u8,10000,6,0.029290437698364258
write_vk,noirky2-limb-nozk,range/u8,10000,7,0.029465198516845703
write_vk,noirky2-limb-nozk,range/u8,10000,8,0.03021240234375
write_vk,noirky2-limb-nozk,range/u8,10000,9,0.02930474281311035
write_vk,noirky2-limb-nozk,range/u8,10000,10,0.030646085739135742
write_vk,noirky2-limb-nozk,range/u8,10000,11,0.030024290084838867
write_vk,noirky2-limb-nozk,range/u8,10000,12,0.029569149017333984
write_vk,noirky2-limb-nozk,range/u8,10000,13,0.029653072357177734
write_vk,noirky2-limb-nozk,range/u8,10000,14,0.0299990177154541
write_vk,noirky2-limb-nozk,range/u8,20000,0,0.05802774429321289
write_vk,noirky2-limb-nozk,range/u8,20000,1,0.057683467864990234
write_vk,noirky2-limb-nozk,range/u8,20000,2,0.05717182159423828
write_vk,noirky2-limb-nozk,range/u8,20000,3,0.05818367004394531
write_vk,noirky2-limb-nozk,range/u8,20000,4,0.057912588119506836
write_vk,noirky2-limb-nozk,range/u8,20000,5,0.05848097801208496
write_vk,noirky2-limb-nozk,range/u8,20000,6,0.05794882774353027
write_vk,noirky2-limb-nozk,range/u8,20000,7,0.05695676803588867
write_vk,noirky2-limb-nozk,range/u8,20000,8,0.056601524353027344
write_vk,noirky2-limb-nozk,range/u8,20000,9,0.057698726654052734
write_vk,noirky2-limb-nozk,range/u8,20000,10,0.05687665939331055
write_vk,noirky2-limb-nozk,range/u8,20000,11,0.05614209175109863
write_vk,noirky2-limb-nozk,range/u8,20000,12,0.05680084228515625
write_vk,noirky2-limb-nozk,range/u8,20000,13,0.05611920356750488
write_vk,noirky2-limb-nozk,range/u8,20000,14,0.05644702911376953
write_vk,noirky2-bits,range/u16,5000,0,0.598146915435791
write_vk,noirky2-bits,range/u16,5000,1,0.5911765098571777
write_vk,noirky2-bits,range/u16,5000,2,0.5928864479064941
write_vk,noirky2-bits,range/u16,5000,3,0.5929956436157227
write_vk,noirky2-bits,range/u16,5000,4,0.5953085422515869
write_vk,noirky2-bits,range/u16,5000,5,0.5933859348297119
write_vk,noirky2-bits,range/u16,5000,6,0.5972068309783936
write_vk,noirky2-bits,range/u16,5000,7,0.5931391716003418
write_vk,noirky2-bits,range/u16,5000,8,0.5951893329620361
write_vk,noirky2-bits,range/u16,5000,9,0.5951030254364014
write_vk,noirky2-bits,range/u16,5000,10,0.5943052768707275
write_vk,noirky2-bits,range/u16,5000,11,0.593742847442627
write_vk,noirky2-bits,range/u16,5000,12,0.5948307514190674
write_vk,noirky2-bits,range/u16,5000,13,0.5934996604919434
write_vk,noirky2-bits,range/u16,5000,14,0.6021339893341064
write_vk,noirky2-bits,range/u16,10000,0,1.195739984512329
write_vk,noirky2-bits,range/u16,10000,1,1.1884281635284424
write_vk,noirky2-bits,range/u16,10000,2,1.18998122215271
write_vk,noirky2-bits,range/u16,10000,3,1.1976823806762695
write_vk,noirky2-bits,range/u16,10000,4,1.190112829208374
write_vk,noirky2-bits,range/u16,10000,5,1.1949684619903564
write_vk,noirky2-bits,range/u16,10000,6,1.1965107917785645
write_vk,noirky2-bits,range/u16,10000,7,1.2036962509155273
write_vk,noirky2-bits,range/u16,10000,8,1.2029597759246826
write_vk,noirky2-bits,range/u16,10000,9,1.1960456371307373
write_vk,noirky2-bits,range/u16,10000,10,1.190122127532959
write_vk,noirky2-bits,range/u16,10000,11,1.192077398300171
write_vk,noirky2-bits,range/u16,10000,12,1.2041172981262207
write_vk,noirky2-bits,range/u16,10000,13,1.1973907947540283
write_vk,noirky2-bits,range/u16,10000,14,1.1921780109405518
write_vk,noirky2-bits,range/u16,20000,0,1.1886234283447266
write_vk,noirky2-bits,range/u16,20000,1,1.1766598224639893
write_vk,noirky2-bits,range/u16,20000,2,1.184145450592041
write_vk,noirky2-bits,range/u16,20000,3,1.1888558864593506
write_vk,noirky2-bits,range/u16,20000,4,1.182690143585205
write_vk,noirky2-bits,range/u16,20000,5,1.175551414489746
write_vk,noirky2-bits,range/u16,20000,6,1.180462121963501
write_vk,noirky2-bits,range/u16,20000,7,1.1878833770751953
write_vk,noirky2-bits,range/u16,20000,8,1.188000202178955
write_vk,noirky2-bits,range/u16,20000,9,1.1851153373718262
write_vk,noirky2-bits,range/u16,20000,10,1.182201623916626
write_vk,noirky2-bits,range/u16,20000,11,1.1719210147857666
write_vk,noirky2-bits,range/u16,20000,12,1.1876051425933838
write_vk,noirky2-bits,range/u16,20000,13,1.191974401473999
write_vk,noirky2-bits,range/u16,20000,14,1.1780123710632324
write_vk,noirky2-bits-nozk,range/u16,5000,0,0.25540924072265625
write_vk,noirky2-bits-nozk,range/u16,5000,1,0.2515592575073242
write_vk,noirky2-bits-nozk,range/u16,5000,2,0.273029088973999
write_vk,noirky2-bits-nozk,range/u16,5000,3,0.25890088081359863
write_vk,noirky2-bits-nozk,range/u16,5000,4,0.258406400680542
write_vk,noirky2-bits-nozk,range/u16,5000,5,0.2542412281036377
write_vk,noirky2-bits-nozk,range/u16,5000,6,0.2528104782104492
write_vk,noirky2-bits-nozk,range/u16,5000,7,0.25515246391296387
write_vk,noirky2-bits-nozk,range/u16,5000,8,0.25659918785095215
write_vk,noirky2-bits-nozk,range/u16,5000,9,0.25464773178100586
write_vk,noirky2-bits-nozk,range/u16,5000,10,0.2538168430328369
write_vk,noirky2-bits-nozk,range/u16,5000,11,0.2557258605957031
write_vk,noirky2-bits-nozk,range/u16,5000,12,0.2538323402404785
write_vk,noirky2-bits-nozk,range/u16,5000,13,0.25121569633483887
write_vk,noirky2-bits-nozk,range/u16,5000,14,0.2550952434539795
write_vk,noirky2-bits-nozk,range/u16,10000,0,0.5230584144592285
write_vk,noirky2-bits-nozk,range/u16,10000,1,0.521550178527832
write_vk,noirky2-bits-nozk,range/u16,10000,2,0.5236811637878418
write_vk,noirky2-bits-nozk,range/u16,10000,3,0.5195751190185547
write_vk,noirky2-bits-nozk,range/u16,10000,4,0.5219335556030273
write_vk,noirky2-bits-nozk,range/u16,10000,5,0.5246739387512207
write_vk,noirky2-bits-nozk,range/u16,10000,6,0.5220534801483154
write_vk,noirky2-bits-nozk,range/u16,10000,7,0.5232827663421631
write_vk,noirky2-bits-nozk,range/u16,10000,8,0.5196003913879395
write_vk,noirky2-bits-nozk,range/u16,10000,9,0.5182321071624756
write_vk,noirky2-bits-nozk,range/u16,10000,10,0.5212666988372803
write_vk,noirky2-bits-nozk,range/u16,10000,11,0.5242416858673096
write_vk,noirky2-bits-nozk,range/u16,10000,12,0.5198643207550049
write_vk,noirky2-bits-nozk,range/u16,10000,13,0.5200817584991455
write_vk,noirky2-bits-nozk,range/u16,10000,14,0.5224506855010986
write_vk,noirky2-bits-nozk,range/u16,20000,0,1.1014714241027832
write_vk,noirky2-bits-nozk,range/u16,20000,1,1.0945496559143066
write_vk,noirky2-bits-nozk,range/u16,20000,2,1.1052656173706055
write_vk,noirky2-bits-nozk,range/u16,20000,3,1.1053838729858398
write_vk,noirky2-bits-nozk,range/u16,20000,4,1.0994892120361328
write_vk,noirky2-bits-nozk,range/u16,20000,5,1.0955455303192139
write_vk,noirky2-bits-nozk,range/u16,20000,6,1.1000452041625977
write_vk,noirky2-bits-nozk,range/u16,20000,7,1.0966427326202393
write_vk,noirky2-bits-nozk,range/u16,20000,8,1.1043643951416016
write_vk,noirky2-bits-nozk,range/u16,20000,9,1.1102161407470703
write_vk,noirky2-bits-nozk,range/u16,20000,10,1.1007251739501953
write_vk,noirky2-bits-nozk,range/u16,20000,11,1.0977966785430908
write_vk,noirky2-bits-nozk,range/u16,20000,12,1.0983741283416748
write_vk,noirky2-bits-nozk,range/u16,20000,13,1.1030807495117188
write_vk,noirky2-bits-nozk,range/u16,20000,14,1.0925445556640625
write_vk,bb,range/u16,5000,0,1.0122010707855225
write_vk,bb,range/u16,5000,1,1.053098201751709
write_vk,bb,range/u16,5000,2,1.0613749027252197
write_vk,bb,range/u16,5000,3,1.0614900588989258
write_vk,bb,range/u16,5000,4,1.0645427703857422
write_vk,bb,range/u16,5000,5,1.063084602355957
write_vk,bb,range/u16,5000,6,1.0583794116973877
write_vk,bb,range/u16,5000,7,1.068174123764038
write_vk,bb,range/u16,5000,8,1.0595192909240723
write_vk,bb,range/u16,5000,9,1.062194585800171
write_vk,bb,range/u16,5000,10,1.0594842433929443
write_vk,bb,range/u16,5000,11,1.0558412075042725
write_vk,bb,range/u16,5000,12,1.0621726512908936
write_vk,bb,range/u16,5000,13,1.0598783493041992
write_vk,bb,range/u16,5000,14,1.0602824687957764
write_vk,bb,range/u16,10000,0,1.813537836074829
write_vk,bb,range/u16,10000,1,1.8432230949401855
write_vk,bb,range/u16,10000,2,1.8439557552337646
write_vk,bb,range/u16,10000,3,1.849984884262085
write_vk,bb,range/u16,10000,4,1.8503825664520264
write_vk,bb,range/u16,10000,5,1.847303867340088
write_vk,bb,range/u16,10000,6,1.8421308994293213
write_vk,bb,range/u16,10000,7,1.8466558456420898
write_vk,bb,range/u16,10000,8,1.9058752059936523
write_vk,bb,range/u16,10000,9,1.8409852981567383
write_vk,bb,range/u16,10000,10,1.83976149559021
write_vk,bb,range/u16,10000,11,1.8439726829528809
write_vk,bb,range/u16,10000,12,1.8432974815368652
write_vk,bb,range/u16,10000,13,1.8414816856384277
write_vk,bb,range/u16,10000,14,1.839846134185791
write_vk,bb,range/u16,20000,0,1.8800437450408936
write_vk,bb,range/u16,20000,1,1.8655765056610107
write_vk,bb,range/u16,20000,2,1.864964485168457
write_vk,bb,range/u16,20000,3,1.8693301677703857
write_vk,bb,range/u16,20000,4,1.8770930767059326
write_vk,bb,range/u16,20000,5,1.8754971027374268
write_vk,bb,range/u16,20000,6,1.8747215270996094
write_vk,bb,range/u16,20000,7,1.8667607307434082
write_vk,bb,range/u16,20000,8,1.871915578842163
write_vk,bb,range/u16,20000,9,1.8712925910949707
write_vk,bb,range/u16,20000,10,1.8875386714935303
write_vk,bb,range/u16,20000,11,1.8718478679656982
write_vk,bb,range/u16,20000,12,1.8656582832336426
write_vk,bb,range/u16,20000,13,1.868290662765503
write_vk,bb,range/u16,20000,14,1.8666322231292725
write_vk,noirky2-limb,range/u16,5000,0,0.710296630859375
write_vk,noirky2-limb,range/u16,5000,1,0.6434135437011719
write_vk,noirky2-limb,range/u16,5000,2,0.6361780166625977
write_vk,noirky2-limb,range/u16,5000,3,0.6358804702758789
write_vk,noirky2-limb,range/u16,5000,4,0.6407265663146973
write_vk,noirky2-limb,range/u16,5000,5,0.6345927715301514
write_vk,noirky2-limb,range/u16,5000,6,0.6443173885345459
write_vk,noirky2-limb,range/u16,5000,7,0.6381511688232422
write_vk,noirky2-limb,range/u16,5000,8,0.6390535831451416
write_vk,noirky2-limb,range/u16,5000,9,0.6384742259979248
write_vk,noirky2-limb,range/u16,5000,10,0.6392104625701904
write_vk,noirky2-limb,range/u16,5000,11,0.6451416015625
write_vk,noirky2-limb,range/u16,5000,12,0.6441681385040283
write_vk,noirky2-limb,range/u16,5000,13,0.6380336284637451
write_vk,noirky2-limb,range/u16,5000,14,0.6440329551696777
write_vk,noirky2-limb,range/u16,10000,0,0.6585812568664551
write_vk,noirky2-limb,range/u16,10000,1,0.6559126377105713
write_vk,noirky2-limb,range/u16,10000,2,0.6568596363067627
write_vk,noirky2-limb,range/u16,10000,3,0.6598300933837891
write_vk,noirky2-limb,range/u16,10000,4,0.6559569835662842
write_vk,noirky2-limb,range/u16,10000,5,0.6553065776824951
write_vk,noirky2-limb,range/u16,10000,6,0.6600940227508545
write_vk,noirky2-limb,range/u16,10000,7,0.6591804027557373
write_vk,noirky2-limb,range/u16,10000,8,0.6611394882202148
write_vk,noirky2-limb,range/u16,10000,9,0.6616029739379883
write_vk,noirky2-limb,range/u16,10000,10,0.661522388458252
write_vk,noirky2-limb,range/u16,10000,11,0.6599302291870117
write_vk,noirky2-limb,range/u16,10000,12,0.6590914726257324
write_vk,noirky2-limb,range/u16,10000,13,0.6587879657745361
write_vk,noirky2-limb,range/u16,10000,14,0.657698392868042
write_vk,noirky2-limb,range/u16,20000,0,0.717193603515625
write_vk,noirky2-limb,range/u16,20000,1,0.7046356201171875
write_vk,noirky2-limb,range/u16,20000,2,0.6971807479858398
write_vk,noirky2-limb,range/u16,20000,3,0.6981112957000732
write_vk,noirky2-limb,range/u16,20000,4,0.7004563808441162
write_vk,noirky2-limb,range/u16,20000,5,0.6944370269775391
write_vk,noirky2-limb,range/u16,20000,6,0.6922662258148193
write_vk,noirky2-limb,range/u16,20000,7,0.6893165111541748
write_vk,noirky2-limb,range/u16,20000,8,0.6923608779907227
write_vk,noirky2-limb,range/u16,20000,9,0.6985647678375244
write_vk,noirky2-limb,range/u16,20000,10,0.6928212642669678
write_vk,noirky2-limb,range/u16,20000,11,0.6916172504425049
write_vk,noirky2-limb,range/u16,20000,12,0.6905548572540283
write_vk,noirky2-limb,range/u16,20000,13,0.693878173828125
write_vk,noirky2-limb,range/u16,20000,14,0.6946847438812256
write_vk,noirky2-limb-nozk,range/u16,5000,0,0.05214047431945801
write_vk,noirky2-limb-nozk,range/u16,5000,1,0.049826622009277344
write_vk,noirky2-limb-nozk,range/u16,5000,2,0.0491182804107666
write_vk,noirky2-limb-nozk,range/u16,5000,3,0.049498796463012695
write_vk,noirky2-limb-nozk,range/u16,5000,4,0.05076789855957031
write_vk,noirky2-limb-nozk,range/u16,5000,5,0.051088571548461914
write_vk,noirky2-limb-nozk,range/u16,5000,6,0.051717519760131836
write_vk,noirky2-limb-nozk,range/u16,5000,7,0.051011085510253906
write_vk,noirky2-limb-nozk,range/u16,5000,8,0.05125308036804199
write_vk,noirky2-limb-nozk,range/u16,5000,9,0.05111050605773926
write_vk,noirky2-limb-nozk,range/u16,5000,10,0.051308393478393555
write_vk,noirky2-limb-nozk,range/u16,5000,11,0.05092597007751465
write_vk,noirky2-limb-nozk,range/u16,5000,12,0.05178403854370117
write_vk,noirky2-limb-nozk,range/u16,5000,13,0.05151176452636719
write_vk,noirky2-limb-nozk,range/u16,5000,14,0.05187344551086426
write_vk,noirky2-limb-nozk,range/u16,10000,0,0.0707240104675293
write_vk,noirky2-limb-nozk,range/u16,10000,1,0.06907081604003906
write_vk,noirky2-limb-nozk,range/u16,10000,2,0.06933712959289551
write_vk,noirky2-limb-nozk,range/u16,10000,3,0.06824421882629395
write_vk,noirky2-limb-nozk,range/u16,10000,4,0.06804513931274414
write_vk,noirky2-limb-nozk,range/u16,10000,5,0.06794500350952148
write_vk,noirky2-limb-nozk,range/u16,10000,6,0.06754946708679199
write_vk,noirky2-limb-nozk,range/u16,10000,7,0.0690145492553711
write_vk,noirky2-limb-nozk,range/u16,10000,8,0.0678248405456543
write_vk,noirky2-limb-nozk,range/u16,10000,9,0.06817984580993652
write_vk,noirky2-limb-nozk,range/u16,10000,10,0.06804108619689941
write_vk,noirky2-limb-nozk,range/u16,10000,11,0.06827831268310547
write_vk,noirky2-limb-nozk,range/u16,10000,12,0.06827306747436523
write_vk,noirky2-limb-nozk,range/u16,10000,13,0.06794023513793945
write_vk,noirky2-limb-nozk,range/u16,10000,14,0.06988167762756348
write_vk,noirky2-limb-nozk,range/u16,20000,0,0.1386270523071289
write_vk,noirky2-limb-nozk,range/u16,20000,1,0.1363692283630371
write_vk,noirky2-limb-nozk,range/u16,20000,2,0.14023137092590332
write_vk,noirky2-limb-nozk,range/u16,20000,3,0.13527584075927734
write_vk,noirky2-limb-nozk,range/u16,20000,4,0.13452363014221191
write_vk,noirky2-limb-nozk,range/u16,20000,5,0.1342761516571045
write_vk,noirky2-limb-nozk,range/u16,20000,6,0.13380074501037598
write_vk,noirky2-limb-nozk,range/u16,20000,7,0.13163137435913086
write_vk,noirky2-limb-nozk,range/u16,20000,8,0.13264751434326172
write_vk,noirky2-limb-nozk,range/u16,20000,9,0.13202309608459473
write_vk,noirky2-limb-nozk,range/u16,20000,10,0.1333174705505371
write_vk,noirky2-limb-nozk,range/u16,20000,11,0.13308358192443848
write_vk,noirky2-limb-nozk,range/u16,20000,12,0.13378024101257324
write_vk,noirky2-limb-nozk,range/u16,20000,13,0.1334543228149414
write_vk,noirky2-limb-nozk,range/u16,20000,14,0.13260722160339355
write_vk,noirky2-bits,range/u32,5000,0,0.588799238204956
write_vk,noirky2-bits,range/u32,5000,1,0.597294807434082
write_vk,noirky2-bits,range/u32,5000,2,0.6000936031341553
write_vk,noirky2-bits,range/u32,5000,3,0.5970864295959473
write_vk,noirky2-bits,range/u32,5000,4,0.5932443141937256
write_vk,noirky2-bits,range/u32,5000,5,0.5950441360473633
write_vk,noirky2-bits,range/u32,5000,6,0.5933530330657959
write_vk,noirky2-bits,range/u32,5000,7,0.5917670726776123
write_vk,noirky2-bits,range/u32,5000,8,0.596472978591919
write_vk,noirky2-bits,range/u32,5000,9,0.5957586765289307
write_vk,noirky2-bits,range/u32,5000,10,0.5937144756317139
write_vk,noirky2-bits,range/u32,5000,11,0.59902024269104
write_vk,noirky2-bits,range/u32,5000,12,0.5953702926635742
write_vk,noirky2-bits,range/u32,5000,13,0.59739089012146
write_vk,noirky2-bits,range/u32,5000,14,0.5952742099761963
write_vk,noirky2-bits,range/u32,10000,0,1.1901636123657227
write_vk,noirky2-bits,range/u32,10000,1,1.1920340061187744
write_vk,noirky2-bits,range/u32,10000,2,1.2040586471557617
write_vk,noirky2-bits,range/u32,10000,3,1.199747085571289
write_vk,noirky2-bits,range/u32,10000,4,1.2082197666168213
write_vk,noirky2-bits,range/u32,10000,5,1.2026329040527344
write_vk,noirky2-bits,range/u32,10000,6,1.2148911952972412
write_vk,noirky2-bits,range/u32,10000,7,1.2060353755950928
write_vk,noirky2-bits,range/u32,10000,8,1.2067341804504395
write_vk,noirky2-bits,range/u32,10000,9,1.199577808380127
write_vk,noirky2-bits,range/u32,10000,10,1.203019142150879
write_vk,noirky2-bits,range/u32,10000,11,1.199920892715454
write_vk,noirky2-bits,range/u32,10000,12,1.2081220149993896
write_vk,noirky2-bits,range/u32,10000,13,1.2043373584747314
write_vk,noirky2-bits,range/u32,10000,14,1.211181402206421
write_vk,noirky2-bits,range/u32,20000,0,1.2336294651031494
write_vk,noirky2-bits,range/u32,20000,1,1.2163059711456299
write_vk,noirky2-bits,range/u32,20000,2,1.2215797901153564
write_vk,noirky2-bits,range/u32,20000,3,1.2311336994171143
write_vk,noirky2-bits,range/u32,20000,4,1.2304368019104004
write_vk,noirky2-bits,range/u32,20000,5,1.2275547981262207
write_vk,noirky2-bits,range/u32,20000,6,1.224245309829712
write_vk,noirky2-bits,range/u32,20000,7,1.2281968593597412
write_vk,noirky2-bits,range/u32,20000,8,1.2233169078826904
write_vk,noirky2-bits,range/u32,20000,9,1.2224338054656982
write_vk,noirky2-bits,range/u32,20000,10,1.2336618900299072
write_vk,noirky2-bits,range/u32,20000,11,1.2253837585449219
write_vk,noirky2-bits,range/u32,20000,12,1.2389178276062012
write_vk,noirky2-bits,range/u32,20000,13,1.2287919521331787
write_vk,noirky2-bits,range/u32,20000,14,1.2243175506591797
write_vk,noirky2-bits-nozk,range/u32,5000,0,0.26110100746154785
write_vk,noirky2-bits-nozk,range/u32,5000,1,0.2803313732147217
write_vk,noirky2-bits-nozk,range/u32,5000,2,0.2656829357147217
write_vk,noirky2-bits-nozk,range/u32,5000,3,0.2640964984893799
write_vk,noirky2-bits-nozk,range/u32,5000,4,0.26184892654418945
write_vk,noirky2-bits-nozk,range/u32,5000,5,0.25876617431640625
write_vk,noirky2-bits-nozk,range/u32,5000,6,0.2611081600189209
write_vk,noirky2-bits-nozk,range/u32,5000,7,0.262188196182251
write_vk,noirky2-bits-nozk,range/u32,5000,8,0.25899219512939453
write_vk,noirky2-bits-nozk,range/u32,5000,9,0.26012277603149414
write_vk,noirky2-bits-nozk,range/u32,5000,10,0.2605588436126709
write_vk,noirky2-bits-nozk,range/u32,5000,11,0.2596554756164551
write_vk,noirky2-bits-nozk,range/u32,5000,12,0.26507067680358887
write_vk,noirky2-bits-nozk,range/u32,5000,13,0.2621607780456543
write_vk,noirky2-bits-nozk,range/u32,5000,14,0.2604038715362549
write_vk,noirky2-bits-nozk,range/u32,10000,0,0.5358371734619141
write_vk,noirky2-bits-nozk,range/u32,10000,1,0.5363147258758545
write_vk,noirky2-bits-nozk,range/u32,10000,2,0.537426233291626
write_vk,noirky2-bits-nozk,range/u32,10000,3,0.5393044948577881
write_vk,noirky2-bits-nozk,range/u32,10000,4,0.5367867946624756
write_vk,noirky2-bits-nozk,range/u32,10000,5,0.5374250411987305
write_vk,noirky2-bits-nozk,range/u32,10000,6,0.5400011539459229
write_vk,noirky2-bits-nozk,range/u32,10000,7,0.5367114543914795
write_vk,noirky2-bits-nozk,range/u32,10000,8,0.5346095561981201
write_vk,noirky2-bits-nozk,range/u32,10000,9,0.5347461700439453
write_vk,noirky2-bits-nozk,range/u32,10000,10,0.5396111011505127
write_vk,noirky2-bits-nozk,range/u32,10000,11,0.5409233570098877
write_vk,noirky2-bits-nozk,range/u32,10000,12,0.5368175506591797
write_vk,noirky2-bits-nozk,range/u32,10000,13,0.5346896648406982
write_vk,noirky2-bits-nozk,range/u32,10000,14,0.5364575386047363
write_vk,noirky2-bits-nozk,range/u32,20000,0,1.1419188976287842
write_vk,noirky2-bits-nozk,range/u32,20000,1,1.1498358249664307
write_vk,noirky2-bits-nozk,range/u32,20000,2,1.1507549285888672
write_vk,noirky2-bits-nozk,range/u32,20000,3,1.1577365398406982
write_vk,noirky2-bits-nozk,range/u32,20000,4,1.1491820812225342
write_vk,noirky2-bits-nozk,range/u32,20000,5,1.1444714069366455
write_vk,noirky2-bits-nozk,range/u32,20000,6,1.144287347793579
write_vk,noirky2-bits-nozk,range/u32,20000,7,1.1511268615722656
write_vk,noirky2-bits-nozk,range/u32,20000,8,1.143176555633545
write_vk,noirky2-bits-nozk,range/u32,20000,9,1.1474487781524658
write_vk,noirky2-bits-nozk,range/u32,20000,10,1.1549017429351807
write_vk,noirky2-bits-nozk,range/u32,20000,11,1.148686408996582
write_vk,noirky2-bits-nozk,range/u32,20000,12,1.14626145362854
write_vk,noirky2-bits-nozk,range/u32,20000,13,1.152320384979248
write_vk,noirky2-bits-nozk,range/u32,20000,14,1.149024248123169
write_vk,bb,range/u32,5000,0,1.0156238079071045
write_vk,bb,range/u32,5000,1,1.0498154163360596
write_vk,bb,range/u32,5000,2,1.057429313659668
write_vk,bb,range/u32,5000,3,1.0619125366210938
write_vk,bb,range/u32,5000,4,1.0527446269989014
write_vk,bb,range/u32,5000,5,1.0565648078918457
write_vk,bb,range/u32,5000,6,1.0601000785827637
write_vk,bb,range/u32,5000,7,1.0582785606384277
write_vk,bb,range/u32,5000,8,1.0659630298614502
write_vk,bb,range/u32,5000,9,1.0587081909179688
write_vk,bb,range/u32,5000,10,1.053065538406372
write_vk,bb,range/u32,5000,11,1.050708532333374
write_vk,bb,range/u32,5000,12,1.0529096126556396
write_vk,bb,range/u32,5000,13,1.061784029006958
write_vk,bb,range/u32,5000,14,1.0532889366149902
write_vk,bb,range/u32,10000,0,1.8235704898834229
write_vk,bb,range/u32,10000,1,1.8555068969726562
write_vk,bb,range/u32,10000,2,1.8575329780578613
write_vk,bb,range/u32,10000,3,1.85064697265625
write_vk,bb,range/u32,10000,4,1.855139970779419
write_vk,bb,range/u32,10000,5,1.8557922840118408
write_vk,bb,range/u32,10000,6,1.8514916896820068
write_vk,bb,range/u32,10000,7,1.85966157913208
write_vk,bb,range/u32,10000,8,1.8694684505462646
write_vk,bb,range/u32,10000,9,1.857062578201294
write_vk,bb,range/u32,10000,10,1.8577640056610107
write_vk,bb,range/u32,10000,11,1.8464226722717285
write_vk,bb,range/u32,10000,12,1.8556406497955322
write_vk,bb,range/u32,10000,13,1.8519983291625977
write_vk,bb,range/u32,10000,14,1.8512964248657227
write_vk,bb,range/u32,20000,0,3.4108169078826904
write_vk,bb,range/u32,20000,1,3.467383861541748
write_vk,bb,range/u32,20000,2,3.480717182159424
write_vk,bb,range/u32,20000,3,3.4834628105163574
write_vk,bb,range/u32,20000,4,3.470670223236084
write_vk,bb,range/u32,20000,5,3.478872776031494
write_vk,bb,range/u32,20000,6,3.4846415519714355
write_vk,bb,range/u32,20000,7,3.463862419128418
write_vk,bb,range/u32,20000,8,3.470914363861084
write_vk,bb,range/u32,20000,9,3.4709508419036865
write_vk,bb,range/u32,20000,10,3.4707343578338623
write_vk,bb,range/u32,20000,11,3.4701881408691406
write_vk,bb,range/u32,20000,12,3.4710490703582764
write_vk,bb,range/u32,20000,13,3.542654037475586
write_vk,bb,range/u32,20000,14,3.4575812816619873
write_vk,noirky2-limb,range/u32,5000,0,0.7827589511871338
write_vk,noirky2-limb,range/u32,5000,1,0.670295000076294
write_vk,noirky2-limb,range/u32,5000,2,0.6646547317504883
write_vk,noirky2-limb,range/u32,5000,3,0.6596760749816895
write_vk,noirky2-limb,range/u32,5000,4,0.661496639251709
write_vk,noirky2-limb,range/u32,5000,5,0.6663088798522949
write_vk,noirky2-limb,range/u32,5000,6,0.6613931655883789
write_vk,noirky2-limb,range/u32,5000,7,0.6589558124542236
write_vk,noirky2-limb,range/u32,5000,8,0.661273717880249
write_vk,noirky2-limb,range/u32,5000,9,0.665186882019043
write_vk,noirky2-limb,range/u32,5000,10,0.6621434688568115
write_vk,noirky2-limb,range/u32,5000,11,0.6596775054931641
write_vk,noirky2-limb,range/u32,5000,12,0.6653709411621094
write_vk,noirky2-limb,range/u32,5000,13,0.6674439907073975
write_vk,noirky2-limb,range/u32,5000,14,0.665947437286377
write_vk,noirky2-limb,range/u32,10000,0,0.7123818397521973
write_vk,noirky2-limb,range/u32,10000,1,0.7043399810791016
write_vk,noirky2-limb,range/u32,10000,2,0.7073662281036377
write_vk,noirky2-limb,range/u32,10000,3,0.7087950706481934
write_vk,noirky2-limb,range/u32,10000,4,0.7086632251739502
write_vk,noirky2-limb,range/u32,10000,5,0.7070960998535156
write_vk,noirky2-limb,range/u32,10000,6,0.7129883766174316
write_vk,noirky2-limb,range/u32,10000,7,0.7057867050170898
write_vk,noirky2-limb,range/u32,10000,8,0.7090375423431396
write_vk,noirky2-limb,range/u32,10000,9,0.7132375240325928
write_vk,noirky2-limb,range/u32,10000,10,0.7095386981964111
write_vk,noirky2-limb,range/u32,10000,11,0.7085204124450684
write_vk,noirky2-limb,range/u32,10000,12,0.707604169845581
write_vk,noirky2-limb,range/u32,10000,13,0.7108571529388428
write_vk,noirky2-limb,range/u32,10000,14,0.7145171165466309
write_vk,noirky2-limb,range/u32,20000,0,0.8010170459747314
write_vk,noirky2-limb,range/u32,20000,1,0.7819831371307373
write_vk,noirky2-limb,range/u32,20000,2,0.7878921031951904
write_vk,noirky2-limb,range/u32,20000,3,0.7884082794189453
write_vk,noirky2-limb,range/u32,20000,4,0.7852005958557129
write_vk,noirky2-limb,range/u32,20000,5,0.7878098487854004
write_vk,noirky2-limb,range/u32,20000,6,0.7909460067749023
write_vk,noirky2-limb,range/u32,20000,7,0.7874534130096436
write_vk,noirky2-limb,range/u32,20000,8,0.7914767265319824
write_vk,noirky2-limb,range/u32,20000,9,0.7884228229522705
write_vk,noirky2-limb,range/u32,20000,10,0.7881746292114258
write_vk,noirky2-limb,range/u32,20000,11,0.7887978553771973
write_vk,noirky2-limb,range/u32,20000,12,0.7883908748626709
write_vk,noirky2-limb,range/u32,20000,13,0.7941708564758301
write_vk,noirky2-limb,range/u32,20000,14,0.792304277420044
write_vk,noirky2-limb-nozk,range/u32,5000,0,0.10467815399169922
write_vk,noirky2-limb-nozk,range/u32,5000,1,0.1057431697845459
write_vk,noirky2-limb-nozk,range/u32,5000,2,0.10371160507202148
write_vk,noirky2-limb-nozk,range/u32,5000,3,0.10682058334350586
write_vk,noirky2-limb-nozk,range/u32,5000,4,0.1066291332244873
write_vk,noirky2-limb-nozk,range/u32,5000,5,0.10523462295532227
write_vk,noirky2-limb-nozk,range/u32,5000,6,0.10787558555603027
write_vk,noirky2-limb-nozk,range/u32,5000,7,0.10652947425842285
write_vk,noirky2-limb-nozk,range/u32,5000,8,0.10820603370666504
write_vk,noirky2-limb-nozk,range/u32,5000,9,0.10693860054016113
write_vk,noirky2-limb-nozk,range/u32,5000,10,0.10662531852722168
write_vk,noirky2-limb-nozk,range/u32,5000,11,0.10767626762390137
write_vk,noirky2-limb-nozk,range/u32,5000,12,0.10786056518554688
write_vk,noirky2-limb-nozk,range/u32,5000,13,0.10612320899963379
write_vk,noirky2-limb-nozk,range/u32,5000,14,0.10620236396789551
write_vk,noirky2-limb-nozk,range/u32,10000,0,0.21702122688293457
write_vk,noirky2-limb-nozk,range/u32,10000,1,0.21628332138061523
write_vk,noirky2-limb-nozk,range/u32,10000,2,0.2130262851715088
write_vk,noirky2-limb-nozk,range/u32,10000,3,0.21262431144714355
write_vk,noirky2-limb-nozk,range/u32,10000,4,0.21220850944519043
write_vk,noirky2-limb-nozk,range/u32,10000,5,0.21184182167053223
write_vk,noirky2-limb-nozk,range/u32,10000,6,0.21402645111083984
write_vk,noirky2-limb-nozk,range/u32,10000,7,0.21204829216003418
write_vk,noirky2-limb-nozk,range/u32,10000,8,0.21217632293701172
write_vk,noirky2-limb-nozk,range/u32,10000,9,0.21079158782958984
write_vk,noirky2-limb-nozk,range/u32,10000,10,0.2139909267425537
write_vk,noirky2-limb-nozk,range/u32,10000,11,0.21173667907714844
write_vk,noirky2-limb-nozk,range/u32,10000,12,0.21151518821716309
write_vk,noirky2-limb-nozk,range/u32,10000,13,0.21340632438659668
write_vk,noirky2-limb-nozk,range/u32,10000,14,0.21352839469909668
write_vk,noirky2-limb-nozk,range/u32,20000,0,0.4333045482635498
write_vk,noirky2-limb-nozk,range/u32,20000,1,0.42793917655944824
write_vk,noirky2-limb-nozk,range/u32,20000,2,0.42975926399230957
write_vk,noirky2-limb-nozk,range/u32,20000,3,0.4297478199005127
write_vk,noirky2-limb-nozk,range/u32,20000,4,0.4326598644256592
write_vk,noirky2-limb-nozk,range/u32,20000,5,0.4276597499847412
write_vk,noirky2-limb-nozk,range/u32,20000,6,0.42778825759887695
write_vk,noirky2-limb-nozk,range/u32,20000,7,0.4338645935058594
write_vk,noirky2-limb-nozk,range/u32,20000,8,0.4321248531341553
write_vk,noirky2-limb-nozk,range/u32,20000,9,0.4343276023864746
write_vk,noirky2-limb-nozk,range/u32,20000,10,0.43324947357177734
write_vk,noirky2-limb-nozk,range/u32,20000,11,0.4315340518951416
write_vk,noirky2-limb-nozk,range/u32,20000,12,0.4271979331970215
write_vk,noirky2-limb-nozk,range/u32,20000,13,0.4278895854949951
write_vk,noirky2-limb-nozk,range/u32,20000,14,0.43089818954467773
write_vk,noirky2-bits,xor/u8,5000,0,1.5995962619781494
write_vk,noirky2-bits,xor/u8,5000,1,1.598724603652954
write_vk,noirky2-bits,xor/u8,5000,2,1.608130931854248
write_vk,noirky2-bits,xor/u8,5000,3,1.604248046875
write_vk,noirky2-bits,xor/u8,5000,4,1.5962834358215332
write_vk,noirky2-bits,xor/u8,5000,5,1.6003007888793945
write_vk,noirky2-bits,xor/u8,5000,6,1.6213946342468262
write_vk,noirky2-bits,xor/u8,5000,7,1.589374303817749
write_vk,noirky2-bits,xor/u8,5000,8,1.600562572479248
write_vk,noirky2-bits,xor/u8,5000,9,1.5938234329223633
write_vk,noirky2-bits,xor/u8,5000,10,1.5918254852294922
write_vk,noirky2-bits,xor/u8,5000,11,1.5995032787322998
write_vk,noirky2-bits,xor/u8,5000,12,1.592907428741455
write_vk,noirky2-bits,xor/u8,5000,13,1.5969443321228027
write_vk,noirky2-bits,xor/u8,5000,14,1.5957746505737305
write_vk,noirky2-bits,xor/u8,10000,0,3.358062267303467
write_vk,noirky2-bits,xor/u8,10000,1,3.3548357486724854
write_vk,noirky2-bits,xor/u8,10000,2,3.3611228466033936
write_vk,noirky2-bits,xor/u8,10000,3,3.3868649005889893
write_vk,noirky2-bits,xor/u8,10000,4,3.3794407844543457
write_vk,noirky2-bits,xor/u8,10000,5,3.3873062133789062
write_vk,noirky2-bits,xor/u8,10000,6,3.383718490600586
write_vk,noirky2-bits,xor/u8,10000,7,3.364025115966797
write_vk,noirky2-bits,xor/u8,10000,8,3.383990526199341
write_vk,noirky2-bits,xor/u8,10000,9,3.3818747997283936
write_vk,noirky2-bits,xor/u8,10000,10,3.392916440963745
write_vk,noirky2-bits,xor/u8,10000,11,3.385108232498169
write_vk,noirky2-bits,xor/u8,10000,12,3.381653308868408
write_vk,noirky2-bits,xor/u8,10000,13,3.3943986892700195
write_vk,noirky2-bits,xor/u8,10000,14,3.367360830307007
write_vk,noirky2-bits,xor/u8,20000,0,7.018583059310913
write_vk,noirky2-bits,xor/u8,20000,1,7.066897869110107
write_vk,noirky2-bits,xor/u8,20000,2,7.051455020904541
write_vk,noirky2-bits,xor/u8,20000,3,7.0311055183410645
write_vk,noirky2-bits,xor/u8,20000,4,7.076642990112305
write_vk,noirky2-bits,xor/u8,20000,5,7.0674121379852295
write_vk,noirky2-bits,xor/u8,20000,6,7.053661346435547
write_vk,noirky2-bits,xor/u8,20000,7,7.128897428512573
write_vk,noirky2-bits,xor/u8,20000,8,7.03961968421936
write_vk,noirky2-bits,xor/u8,20000,9,7.083867073059082
write_vk,noirky2-bits,xor/u8,20000,10,7.055452823638916
write_vk,noirky2-bits,xor/u8,20000,11,7.116639852523804
write_vk,noirky2-bits,xor/u8,20000,12,7.0960235595703125
write_vk,noirky2-bits,xor/u8,20000,13,7.084007978439331
write_vk,noirky2-bits,xor/u8,20000,14,7.06398344039917
write_vk,noirky2-bits-nozk,xor/u8,5000,0,1.4887094497680664
write_vk,noirky2-bits-nozk,xor/u8,5000,1,1.5148756504058838
write_vk,noirky2-bits-nozk,xor/u8,5000,2,1.5157420635223389
write_vk,noirky2-bits-nozk,xor/u8,5000,3,1.5209782123565674
write_vk,noirky2-bits-nozk,xor/u8,5000,4,1.5219063758850098
write_vk,noirky2-bits-nozk,xor/u8,5000,5,1.543330430984497
write_vk,noirky2-bits-nozk,xor/u8,5000,6,1.513369083404541
write_vk,noirky2-bits-nozk,xor/u8,5000,7,1.515070915222168
write_vk,noirky2-bits-nozk,xor/u8,5000,8,1.5210070610046387
write_vk,noirky2-bits-nozk,xor/u8,5000,9,1.5222132205963135
write_vk,noirky2-bits-nozk,xor/u8,5000,10,1.5097007751464844
write_vk,noirky2-bits-nozk,xor/u8,5000,11,1.5201835632324219
write_vk,noirky2-bits-nozk,xor/u8,5000,12,1.5120656490325928
write_vk,noirky2-bits-nozk,xor/u8,5000,13,1.5174410343170166
write_vk,noirky2-bits-nozk,xor/u8,5000,14,1.515315294265747
write_vk,noirky2-bits-nozk,xor/u8,10000,0,3.289067029953003
write_vk,noirky2-bits-nozk,xor/u8,10000,1,3.2848033905029297
write_vk,noirky2-bits-nozk,xor/u8,10000,2,3.285219430923462
write_vk,noirky2-bits-nozk,xor/u8,10000,3,3.27188777923584
write_vk,noirky2-bits-nozk,xor/u8,10000,4,3.279461622238159
write_vk,noirky2-bits-nozk,xor/u8,10000,5,3.2878801822662354
write_vk,noirky2-bits-nozk,xor/u8,10000,6,3.2960803508758545
write_vk,noirky2-bits-nozk,xor/u8,10000,7,3.2865021228790283
write_vk,noirky2-bits-nozk,xor/u8,10000,8,3.2937309741973877
write_vk,noirky2-bits-nozk,xor/u8,10000,9,3.284428358078003
write_vk,noirky2-bits-nozk,xor/u8,10000,10,3.2796404361724854
write_vk,noirky2-bits-nozk,xor/u8,10000,11,3.299323320388794
write_vk,noirky2-bits-nozk,xor/u8,10000,12,3.2994847297668457
write_vk,noirky2-bits-nozk,xor/u8,10000,13,3.325291633605957
write_vk,noirky2-bits-nozk,xor/u8,10000,14,3.2949013710021973
write_vk,noirky2-bits-nozk,xor/u8,20000,0,6.719535827636719
write_vk,noirky2-bits-nozk,xor/u8,20000,1,6.980117321014404
write_vk,noirky2-bits-nozk,xor/u8,20000,2,7.0491623878479
write_vk,noirky2-bits-nozk,xor/u8,20000,3,6.949715852737427
write_vk,noirky2-bits-nozk,xor/u8,20000,4,6.966794490814209
write_vk,noirky2-bits-nozk,xor/u8,20000,5,6.951467037200928
write_vk,noirky2-bits-nozk,xor/u8,20000,6,7.036958694458008
write_vk,noirky2-bits-nozk,xor/u8,20000,7,6.944175481796265
write_vk,noirky2-bits-nozk,xor/u8,20000,8,7.061628341674805
write_vk,noirky2-bits-nozk,xor/u8,20000,9,6.9622204303741455
write_vk,noirky2-bits-nozk,xor/u8,20000,10,6.970026016235352
write_vk,noirky2-bits-nozk,xor/u8,20000,11,6.944562911987305
write_vk,noirky2-bits-nozk,xor/u8,20000,12,6.951829671859741
write_vk,noirky2-bits-nozk,xor/u8,20000,13,6.940096855163574
write_vk,noirky2-bits-nozk,xor/u8,20000,14,6.9591968059539795
write_vk,bb,xor/u8,5000,0,12.464587211608887
write_vk,bb,xor/u8,5000,1,12.754804849624634
write_vk,bb,xor/u8,5000,2,12.740832805633545
write_vk,bb,xor/u8,5000,3,12.73563528060913
write_vk,bb,xor/u8,5000,4,12.740251064300537
write_vk,bb,xor/u8,5000,5,12.78809118270874
write_vk,bb,xor/u8,5000,6,12.720896005630493
write_vk,bb,xor/u8,5000,7,12.748161554336548
write_vk,bb,xor/u8,5000,8,12.744144678115845
write_vk,bb,xor/u8,5000,9,12.762125968933105
write_vk,bb,xor/u8,5000,10,12.778545618057251
write_vk,bb,xor/u8,5000,11,12.744356155395508
write_vk,bb,xor/u8,5000,12,12.752545356750488
write_vk,bb,xor/u8,5000,13,12.747022867202759
write_vk,bb,xor/u8,5000,14,12.78891110420227
write_vk,bb,xor/u8,10000,0,24.679097175598145
write_vk,bb,xor/u8,10000,1,24.734882354736328
write_vk,bb,xor/u8,10000,2,24.700268983840942
write_vk,bb,xor/u8,10000,3,24.689411401748657
write_vk,bb,xor/u8,10000,4,24.729507207870483
write_vk,bb,xor/u8,10000,5,24.681868076324463
write_vk,bb,xor/u8,10000,6,24.69511318206787
write_vk,bb,xor/u8,10000,7,24.752481937408447
write_vk,bb,xor/u8,10000,8,24.704816341400146
write_vk,bb,xor/u8,10000,9,24.748199939727783
write_vk,bb,xor/u8,10000,10,24.65394902229309
write_vk,bb,xor/u8,10000,11,24.706209182739258
write_vk,bb,xor/u8,10000,12,24.69661021232605
write_vk,bb,xor/u8,10000,13,24.675798892974854
write_vk,bb,xor/u8,10000,14,24.745479345321655
write_vk,bb,xor/u8,20000,0,48.894713401794434
write_vk,bb,xor/u8,20000,1,49.34816288948059
write_vk,bb,xor/u8,20000,2,49.2570743560791
write_vk,bb,xor/u8,20000,3,49.25485396385193
write_vk,bb,xor/u8,20000,4,49.322691917419434
write_vk,bb,xor/u8,20000,5,49.18487858772278
write_vk,bb,xor/u8,20000,6,49.181878328323364
write_vk,bb,xor/u8,20000,7,49.20376515388489
write_vk,bb,xor/u8,20000,8,49.29256248474121
write_vk,bb,xor/u8,20000,9,49.197176933288574
write_vk,bb,xor/u8,20000,10,49.23186445236206
write_vk,bb,xor/u8,20000,11,49.22203707695007
write_vk,bb,xor/u8,20000,12,49.17108678817749
write_vk,bb,xor/u8,20000,13,49.26165699958801
write_vk,bb,xor/u8,20000,14,49.133671283721924
write_vk,noirky2-limb,xor/u8,5000,0,0.8226888179779053
write_vk,noirky2-limb,xor/u8,5000,1,0.826345682144165
write_vk,noirky2-limb,xor/u8,5000,2,0.8186185359954834
write_vk,noirky2-limb,xor/u8,5000,3,0.8260602951049805
write_vk,noirky2-limb,xor/u8,5000,4,0.8184938430786133
write_vk,noirky2-limb,xor/u8,5000,5,0.8295910358428955
write_vk,noirky2-limb,xor/u8,5000,6,0.8191244602203369
write_vk,noirky2-limb,xor/u8,5000,7,0.8198509216308594
write_vk,noirky2-limb,xor/u8,5000,8,0.831099271774292
write_vk,noirky2-limb,xor/u8,5000,9,0.8196024894714355
write_vk,noirky2-limb,xor/u8,5000,10,0.6825754642486572
write_vk,noirky2-limb,xor/u8,5000,11,0.6560196876525879
write_vk,noirky2-limb,xor/u8,5000,12,0.6629948616027832
write_vk,noirky2-limb,xor/u8,5000,13,0.6537377834320068
write_vk,noirky2-limb,xor/u8,5000,14,0.6537408828735352
write_vk,noirky2-limb,xor/u8,10000,0,0.6707456111907959
write_vk,noirky2-limb,xor/u8,10000,1,0.6692419052124023
write_vk,noirky2-limb,xor/u8,10000,2,0.6751132011413574
write_vk,noirky2-limb,xor/u8,10000,3,0.6776027679443359
write_vk,noirky2-limb,xor/u8,10000,4,0.6837844848632812
write_vk,noirky2-limb,xor/u8,10000,5,0.6776883602142334
write_vk,noirky2-limb,xor/u8,10000,6,0.674872875213623
write_vk,noirky2-limb,xor/u8,10000,7,0.6789846420288086
write_vk,noirky2-limb,xor/u8,10000,8,0.6834218502044678
write_vk,noirky2-limb,xor/u8,10000,9,0.6768648624420166
write_vk,noirky2-limb,xor/u8,10000,10,0.6793038845062256
write_vk,noirky2-limb,xor/u8,10000,11,0.6800675392150879
write_vk,noirky2-limb,xor/u8,10000,12,0.6800100803375244
write_vk,noirky2-limb,xor/u8,10000,13,0.6875841617584229
write_vk,noirky2-limb,xor/u8,10000,14,0.6784415245056152
write_vk,noirky2-limb,xor/u8,20000,0,0.6987154483795166
write_vk,noirky2-limb,xor/u8,20000,1,0.69594407081604
write_vk,noirky2-limb,xor/u8,20000,2,0.7208237648010254
write_vk,noirky2-limb,xor/u8,20000,3,0.7077713012695312
write_vk,noirky2-limb,xor/u8,20000,4,0.7044978141784668
write_vk,noirky2-limb,xor/u8,20000,5,0.7044882774353027
write_vk,noirky2-limb,xor/u8,20000,6,0.7106497287750244
write_vk,noirky2-limb,xor/u8,20000,7,0.7091445922851562
write_vk,noirky2-limb,xor/u8,20000,8,0.7038969993591309
write_vk,noirky2-limb,xor/u8,20000,9,0.7049579620361328
write_vk,noirky2-limb,xor/u8,20000,10,0.7014524936676025
write_vk,noirky2-limb,xor/u8,20000,11,0.7040724754333496
write_vk,noirky2-limb,xor/u8,20000,12,0.7100391387939453
write_vk,noirky2-limb,xor/u8,20000,13,0.7089278697967529
write_vk,noirky2-limb,xor/u8,20000,14,0.7115716934204102
write_vk,noirky2-limb-nozk,xor/u8,5000,0,0.1587357521057129
write_vk,noirky2-limb-nozk,xor/u8,5000,1,0.15985631942749023
write_vk,noirky2-limb-nozk,xor/u8,5000,2,0.16034865379333496
write_vk,noirky2-limb-nozk,xor/u8,5000,3,0.1598670482635498
write_vk,noirky2-limb-nozk,xor/u8,5000,4,0.1602177619934082
write_vk,noirky2-limb-nozk,xor/u8,5000,5,0.15923643112182617
write_vk,noirky2-limb-nozk,xor/u8,5000,6,0.16613554954528809
write_vk,noirky2-limb-nozk,xor/u8,5000,7,0.15976905822753906
write_vk,noirky2-limb-nozk,xor/u8,5000,8,0.160597562789917
write_vk,noirky2-limb-nozk,xor/u8,5000,9,0.16201162338256836
write_vk,noirky2-limb-nozk,xor/u8,5000,10,0.16498398780822754
write_vk,noirky2-limb-nozk,xor/u8,5000,11,0.16006255149841309
write_vk,noirky2-limb-nozk,xor/u8,5000,12,0.16633105278015137
write_vk,noirky2-limb-nozk,xor/u8,5000,13,0.16073369979858398
write_vk,noirky2-limb-nozk,xor/u8,5000,14,0.16141223907470703
write_vk,noirky2-limb-nozk,xor/u8,10000,0,0.1730821132659912
write_vk,noirky2-limb-nozk,xor/u8,10000,1,0.17132282257080078
write_vk,noirky2-limb-nozk,xor/u8,10000,2,0.17307162284851074
write_vk,noirky2-limb-nozk,xor/u8,10000,3,0.16978979110717773
write_vk,noirky2-limb-nozk,xor/u8,10000,4,0.1755661964416504
write_vk,noirky2-limb-nozk,xor/u8,10000,5,0.17317485809326172
write_vk,noirky2-limb-nozk,xor/u8,10000,6,0.1721796989440918
write_vk,noirky2-limb-nozk,xor/u8,10000,7,0.17155122756958008
write_vk,noirky2-limb-nozk,xor/u8,10000,8,0.17174720764160156
write_vk,noirky2-limb-nozk,xor/u8,10000,9,0.17228174209594727
write_vk,noirky2-limb-nozk,xor/u8,10000,10,0.17839336395263672
write_vk,noirky2-limb-nozk,xor/u8,10000,11,0.17228150367736816
write_vk,noirky2-limb-nozk,xor/u8,10000,12,0.17751336097717285
write_vk,noirky2-limb-nozk,xor/u8,10000,13,0.17148518562316895
write_vk,noirky2-limb-nozk,xor/u8,10000,14,0.17735671997070312
write_vk,noirky2-limb-nozk,xor/u8,20000,0,0.1942141056060791
write_vk,noirky2-limb-nozk,xor/u8,20000,1,0.1923050880432129
write_vk,noirky2-limb-nozk,xor/u8,20000,2,0.19508743286132812
write_vk,noirky2-limb-nozk,xor/u8,20000,3,0.1935741901397705
write_vk,noirky2-limb-nozk,xor/u8,20000,4,0.19883513450622559
write_vk,noirky2-limb-nozk,xor/u8,20000,5,0.19307923316955566
write_vk,noirky2-limb-nozk,xor/u8,20000,6,0.19500255584716797
write_vk,noirky2-limb-nozk,xor/u8,20000,7,0.20050621032714844
write_vk,noirky2-limb-nozk,xor/u8,20000,8,0.1929628849029541
write_vk,noirky2-limb-nozk,xor/u8,20000,9,0.19316482543945312
write_vk,noirky2-limb-nozk,xor/u8,20000,10,0.19756603240966797
write_vk,noirky2-limb-nozk,xor/u8,20000,11,0.19262909889221191
write_vk,noirky2-limb-nozk,xor/u8,20000,12,0.19450926780700684
write_vk,noirky2-limb-nozk,xor/u8,20000,13,0.19857406616210938
write_vk,noirky2-limb-nozk,xor/u8,20000,14,0.1940779685974121
write_vk,noirky2-bits,xor/u16,5000,0,3.338534355163574
write_vk,noirky2-bits,xor/u16,5000,1,3.3364734649658203
write_vk,noirky2-bits,xor/u16,5000,2,3.3417272567749023
write_vk,noirky2-bits,xor/u16,5000,3,3.335324764251709
write_vk,noirky2-bits,xor/u16,5000,4,3.351069927215576
write_vk,noirky2-bits,xor/u16,5000,5,3.3442349433898926
write_vk,noirky2-bits,xor/u16,5000,6,3.332648277282715
write_vk,noirky2-bits,xor/u16,5000,7,3.3527841567993164
write_vk,noirky2-bits,xor/u16,5000,8,3.332838535308838
write_vk,noirky2-bits,xor/u16,5000,9,3.3381619453430176
write_vk,noirky2-bits,xor/u16,5000,10,3.3286266326904297
write_vk,noirky2-bits,xor/u16,5000,11,3.333427906036377
write_vk,noirky2-bits,xor/u16,5000,12,3.3659892082214355
write_vk,noirky2-bits,xor/u16,5000,13,3.3337514400482178
write_vk,noirky2-bits,xor/u16,5000,14,3.339167356491089
write_vk,noirky2-bits,xor/u16,10000,0,7.099260091781616
write_vk,noirky2-bits,xor/u16,10000,1,6.848934888839722
write_vk,noirky2-bits,xor/u16,10000,2,7.106660604476929
write_vk,noirky2-bits,xor/u16,10000,3,6.952476263046265
write_vk,noirky2-bits,xor/u16,10000,4,7.147756576538086
write_vk,noirky2-bits,xor/u16,10000,5,6.893064260482788
write_vk,noirky2-bits,xor/u16,10000,6,7.1816020011901855
write_vk,noirky2-bits,xor/u16,10000,7,7.192228555679321
write_vk,noirky2-bits,xor/u16,10000,8,6.889889240264893
write_vk,noirky2-bits,xor/u16,10000,9,7.153561115264893
write_vk,noirky2-bits,xor/u16,10000,10,7.024730205535889
write_vk,noirky2-bits,xor/u16,10000,11,7.111351728439331
write_vk,noirky2-bits,xor/u16,10000,12,6.947608947753906
write_vk,noirky2-bits,xor/u16,10000,13,7.2006516456604
write_vk,noirky2-bits,xor/u16,10000,14,6.9669129848480225
write_vk,noirky2-bits,xor/u16,20000,0,15.122072458267212
write_vk,noirky2-bits,xor/u16,20000,1,15.179051399230957
write_vk,noirky2-bits,xor/u16,20000,2,15.154993772506714
write_vk,noirky2-bits,xor/u16,20000,3,15.203141212463379
write_vk,noirky2-bits,xor/u16,20000,4,15.426307916641235
write_vk,noirky2-bits,xor/u16,20000,5,15.176361322402954
write_vk,noirky2-bits,xor/u16,20000,6,15.061325788497925
write_vk,noirky2-bits,xor/u16,20000,7,15.155210494995117
write_vk,noirky2-bits,xor/u16,20000,8,15.017163515090942
write_vk,noirky2-bits,xor/u16,20000,9,15.191909074783325
write_vk,noirky2-bits,xor/u16,20000,10,15.107583045959473
write_vk,noirky2-bits,xor/u16,20000,11,15.191555738449097
write_vk,noirky2-bits,xor/u16,20000,12,15.199778318405151
write_vk,noirky2-bits,xor/u16,20000,13,14.97478699684143
write_vk,noirky2-bits,xor/u16,20000,14,15.169188261032104
write_vk,noirky2-bits-nozk,xor/u16,5000,0,3.2878944873809814
write_vk,noirky2-bits-nozk,xor/u16,5000,1,3.2955868244171143
write_vk,noirky2-bits-nozk,xor/u16,5000,2,3.288796901702881
write_vk,noirky2-bits-nozk,xor/u16,5000,3,3.2748496532440186
write_vk,noirky2-bits-nozk,xor/u16,5000,4,3.270850658416748
write_vk,noirky2-bits-nozk,xor/u16,5000,5,3.3138809204101562
write_vk,noirky2-bits-nozk,xor/u16,5000,6,3.2503087520599365
write_vk,noirky2-bits-nozk,xor/u16,5000,7,3.2485902309417725
write_vk,noirky2-bits-nozk,xor/u16,5000,8,3.2667646408081055
write_vk,noirky2-bits-nozk,xor/u16,5000,9,3.2423787117004395
write_vk,noirky2-bits-nozk,xor/u16,5000,10,3.2567636966705322
write_vk,noirky2-bits-nozk,xor/u16,5000,11,3.2591898441314697
write_vk,noirky2-bits-nozk,xor/u16,5000,12,3.266667127609253
write_vk,noirky2-bits-nozk,xor/u16,5000,13,3.262058734893799
write_vk,noirky2-bits-nozk,xor/u16,5000,14,3.2461647987365723
write_vk,noirky2-bits-nozk,xor/u16,10000,0,6.694863557815552
write_vk,noirky2-bits-nozk,xor/u16,10000,1,7.0317347049713135
write_vk,noirky2-bits-nozk,xor/u16,10000,2,6.989913702011108
write_vk,noirky2-bits-nozk,xor/u16,10000,3,6.809598684310913
write_vk,noirky2-bits-nozk,xor/u16,10000,4,7.00788950920105
write_vk,noirky2-bits-nozk,xor/u16,10000,5,6.805475950241089
write_vk,noirky2-bits-nozk,xor/u16,10000,6,7.017413854598999
write_vk,noirky2-bits-nozk,xor/u16,10000,7,6.82533073425293
write_vk,noirky2-bits-nozk,xor/u16,10000,8,7.085915565490723
write_vk,noirky2-bits-nozk,xor/u16,10000,9,7.043164014816284
write_vk,noirky2-bits-nozk,xor/u16,10000,10,6.775649785995483
write_vk,noirky2-bits-nozk,xor/u16,10000,11,7.07806658744812
write_vk,noirky2-bits-nozk,xor/u16,10000,12,7.006904602050781
write_vk,noirky2-bits-nozk,xor/u16,10000,13,6.963988542556763
write_vk,noirky2-bits-nozk,xor/u16,10000,14,6.949732542037964
write_vk,noirky2-bits-nozk,xor/u16,20000,0,14.78951621055603
write_vk,noirky2-bits-nozk,xor/u16,20000,1,15.06500768661499
write_vk,noirky2-bits-nozk,xor/u16,20000,2,15.029551982879639
write_vk,noirky2-bits-nozk,xor/u16,20000,3,14.958293676376343
write_vk,noirky2-bits-nozk,xor/u16,20000,4,15.0982186794281
write_vk,noirky2-bits-nozk,xor/u16,20000,5,15.040703535079956
write_vk,noirky2-bits-nozk,xor/u16,20000,6,15.173238277435303
write_vk,noirky2-bits-nozk,xor/u16,20000,7,15.019822835922241
write_vk,noirky2-bits-nozk,xor/u16,20000,8,15.133593559265137
write_vk,noirky2-bits-nozk,xor/u16,20000,9,15.069472312927246
write_vk,noirky2-bits-nozk,xor/u16,20000,10,15.08581280708313
write_vk,noirky2-bits-nozk,xor/u16,20000,11,15.099094867706299
write_vk,noirky2-bits-nozk,xor/u16,20000,12,15.052167177200317
write_vk,noirky2-bits-nozk,xor/u16,20000,13,15.048628091812134
write_vk,noirky2-bits-nozk,xor/u16,20000,14,15.050928354263306
write_vk,bb,xor/u16,5000,0,12.208708763122559
write_vk,bb,xor/u16,5000,1,12.549720048904419
write_vk,bb,xor/u16,5000,2,12.552867889404297
write_vk,bb,xor/u16,5000,3,12.555964708328247
write_vk,bb,xor/u16,5000,4,12.607314825057983
write_vk,bb,xor/u16,5000,5,12.54957890510559
write_vk,bb,xor/u16,5000,6,12.558499097824097
write_vk,bb,xor/u16,5000,7,12.562330722808838
write_vk,bb,xor/u16,5000,8,12.556188344955444
write_vk,bb,xor/u16,5000,9,12.594393253326416
write_vk,bb,xor/u16,5000,10,12.559885740280151
write_vk,bb,xor/u16,5000,11,12.55327296257019
write_vk,bb,xor/u16,5000,12,12.561047554016113
write_vk,bb,xor/u16,5000,13,12.59647274017334
write_vk,bb,xor/u16,5000,14,12.55759596824646
write_vk,bb,xor/u16,10000,0,24.89082169532776
write_vk,bb,xor/u16,10000,1,24.94208002090454
write_vk,bb,xor/u16,10000,2,24.880698919296265
write_vk,bb,xor/u16,10000,3,24.848280906677246
write_vk,bb,xor/u16,10000,4,24.959925174713135
write_vk,bb,xor/u16,10000,5,24.864803791046143
write_vk,bb,xor/u16,10000,6,24.93633198738098
write_vk,bb,xor/u16,10000,7,24.874972820281982
write_vk,bb,xor/u16,10000,8,24.87560510635376
write_vk,bb,xor/u16,10000,9,24.873845100402832
write_vk,bb,xor/u16,10000,10,24.899723768234253
write_vk,bb,xor/u16,10000,11,24.91757559776306
write_vk,bb,xor/u16,10000,12,24.92152237892151
write_vk,bb,xor/u16,10000,13,24.947028398513794
write_vk,bb,xor/u16,10000,14,24.877117156982422
write_vk,bb,xor/u16,20000,0,48.78485870361328
write_vk,bb,xor/u16,20000,1,49.39284944534302
write_vk,bb,xor/u16,20000,2,49.258524656295776
write_vk,bb,xor/u16,20000,3,49.39054489135742
write_vk,bb,xor/u16,20000,4,49.246681213378906
write_vk,bb,xor/u16,20000,5,49.242993116378784
write_vk,bb,xor/u16,20000,6,49.24976897239685
write_vk,bb,xor/u16,20000,7,49.18680143356323
write_vk,bb,xor/u16,20000,8,49.194735527038574
write_vk,bb,xor/u16,20000,9,49.25762748718262
write_vk,bb,xor/u16,20000,10,49.315112352371216
write_vk,bb,xor/u16,20000,11,49.22128438949585
write_vk,bb,xor/u16,20000,12,49.302130699157715
write_vk,bb,xor/u16,20000,13,49.247349977493286
write_vk,bb,xor/u16,20000,14,49.259652853012085
write_vk,noirky2-limb,xor/u16,5000,0,0.9007260799407959
write_vk,noirky2-limb,xor/u16,5000,1,0.8976008892059326
write_vk,noirky2-limb,xor/u16,5000,2,0.9020395278930664
write_vk,noirky2-limb,xor/u16,5000,3,0.8959391117095947
write_vk,noirky2-limb,xor/u16,5000,4,0.9100794792175293
write_vk,noirky2-limb,xor/u16,5000,5,0.9094843864440918
write_vk,noirky2-limb,xor/u16,5000,6,0.9005582332611084
write_vk,noirky2-limb,xor/u16,5000,7,0.9041652679443359
write_vk,noirky2-limb,xor/u16,5000,8,0.8468208312988281
write_vk,noirky2-limb,xor/u16,5000,9,0.7318406105041504
write_vk,noirky2-limb,xor/u16,5000,10,0.7035825252532959
write_vk,noirky2-limb,xor/u16,5000,11,0.7067735195159912
write_vk,noirky2-limb,xor/u16,5000,12,0.7079389095306396
write_vk,noirky2-limb,xor/u16,5000,13,0.704387903213501
write_vk,noirky2-limb,xor/u16,5000,14,0.7092316150665283
write_vk,noirky2-limb,xor/u16,10000,0,0.7746751308441162
write_vk,noirky2-limb,xor/u16,10000,1,0.7690443992614746
write_vk,noirky2-limb,xor/u16,10000,2,0.7745516300201416
write_vk,noirky2-limb,xor/u16,10000,3,0.7782092094421387
write_vk,noirky2-limb,xor/u16,10000,4,0.7821898460388184
write_vk,noirky2-limb,xor/u16,10000,5,0.773094654083252
write_vk,noirky2-limb,xor/u16,10000,6,0.7778425216674805
write_vk,noirky2-limb,xor/u16,10000,7,0.7767353057861328
write_vk,noirky2-limb,xor/u16,10000,8,0.7772374153137207
write_vk,noirky2-limb,xor/u16,10000,9,0.7788007259368896
write_vk,noirky2-limb,xor/u16,10000,10,0.7771782875061035
write_vk,noirky2-limb,xor/u16,10000,11,0.7866480350494385
write_vk,noirky2-limb,xor/u16,10000,12,0.7816827297210693
write_vk,noirky2-limb,xor/u16,10000,13,0.781825065612793
write_vk,noirky2-limb,xor/u16,10000,14,0.7781004905700684
write_vk,noirky2-limb,xor/u16,20000,0,1.5586278438568115
write_vk,noirky2-limb,xor/u16,20000,1,1.5621404647827148
write_vk,noirky2-limb,xor/u16,20000,2,1.5737402439117432
write_vk,noirky2-limb,xor/u16,20000,3,1.566439151763916
write_vk,noirky2-limb,xor/u16,20000,4,1.5672783851623535
write_vk,noirky2-limb,xor/u16,20000,5,1.5612094402313232
write_vk,noirky2-limb,xor/u16,20000,6,1.5674362182617188
write_vk,noirky2-limb,xor/u16,20000,7,1.5790083408355713
write_vk,noirky2-limb,xor/u16,20000,8,1.5698902606964111
write_vk,noirky2-limb,xor/u16,20000,9,1.5645039081573486
write_vk,noirky2-limb,xor/u16,20000,10,1.5788071155548096
write_vk,noirky2-limb,xor/u16,20000,11,1.5711560249328613
write_vk,noirky2-limb,xor/u16,20000,12,1.5578105449676514
write_vk,noirky2-limb,xor/u16,20000,13,1.5762438774108887
write_vk,noirky2-limb,xor/u16,20000,14,1.5765330791473389
write_vk,noirky2-limb-nozk,xor/u16,5000,0,0.3478810787200928
write_vk,noirky2-limb-nozk,xor/u16,5000,1,0.3512992858886719
write_vk,noirky2-limb-nozk,xor/u16,5000,2,0.35433530807495117
write_vk,noirky2-limb-nozk,xor/u16,5000,3,0.35479164123535156
write_vk,noirky2-limb-nozk,xor/u16,5000,4,0.3538174629211426
write_vk,noirky2-limb-nozk,xor/u16,5000,5,0.35388779640197754
write_vk,noirky2-limb-nozk,xor/u16,5000,6,0.35790228843688965
write_vk,noirky2-limb-nozk,xor/u16,5000,7,0.35169410705566406
write_vk,noirky2-limb-nozk,xor/u16,5000,8,0.34958863258361816
write_vk,noirky2-limb-nozk,xor/u16,5000,9,0.35623931884765625
write_vk,noirky2-limb-nozk,xor/u16,5000,10,0.35143613815307617
write_vk,noirky2-limb-nozk,xor/u16,5000,11,0.3540961742401123
write_vk,noirky2-limb-nozk,xor/u16,5000,12,0.35187363624572754
write_vk,noirky2-limb-nozk,xor/u16,5000,13,0.35191798210144043
write_vk,noirky2-limb-nozk,xor/u16,5000,14,0.3600139617919922
write_vk,noirky2-limb-nozk,xor/u16,10000,0,0.41912221908569336
write_vk,noirky2-limb-nozk,xor/u16,10000,1,0.40961790084838867
write_vk,noirky2-limb-nozk,xor/u16,10000,2,0.41434669494628906
write_vk,noirky2-limb-nozk,xor/u16,10000,3,0.41065263748168945
write_vk,noirky2-limb-nozk,xor/u16,10000,4,0.41435837745666504
write_vk,noirky2-limb-nozk,xor/u16,10000,5,0.4100942611694336
write_vk,noirky2-limb-nozk,xor/u16,10000,6,0.4103107452392578
write_vk,noirky2-limb-nozk,xor/u16,10000,7,0.4146599769592285
write_vk,noirky2-limb-nozk,xor/u16,10000,8,0.4081413745880127
write_vk,noirky2-limb-nozk,xor/u16,10000,9,0.4106013774871826
write_vk,noirky2-limb-nozk,xor/u16,10000,10,0.41167283058166504
write_vk,noirky2-limb-nozk,xor/u16,10000,11,0.4182736873626709
write_vk,noirky2-limb-nozk,xor/u16,10000,12,0.4124948978424072
write_vk,noirky2-limb-nozk,xor/u16,10000,13,0.41655945777893066
write_vk,noirky2-limb-nozk,xor/u16,10000,14,0.40811824798583984
write_vk,noirky2-limb-nozk,xor/u16,20000,0,0.8254907131195068
write_vk,noirky2-limb-nozk,xor/u16,20000,1,0.8320071697235107
write_vk,noirky2-limb-nozk,xor/u16,20000,2,0.8434453010559082
write_vk,noirky2-limb-nozk,xor/u16,20000,3,0.8327183723449707
write_vk,noirky2-limb-nozk,xor/u16,20000,4,0.8345849514007568
write_vk,noirky2-limb-nozk,xor/u16,20000,5,0.8330903053283691
write_vk,noirky2-limb-nozk,xor/u16,20000,6,0.8357601165771484
write_vk,noirky2-limb-nozk,xor/u16,20000,7,0.8322737216949463
write_vk,noirky2-limb-nozk,xor/u16,20000,8,0.8344895839691162
write_vk,noirky2-limb-nozk,xor/u16,20000,9,0.8330159187316895
write_vk,noirky2-limb-nozk,xor/u16,20000,10,0.85630202293396
write_vk,noirky2-limb-nozk,xor/u16,20000,11,0.8394856452941895
write_vk,noirky2-limb-nozk,xor/u16,20000,12,0.8320610523223877
write_vk,noirky2-limb-nozk,xor/u16,20000,13,0.8338832855224609
write_vk,noirky2-limb-nozk,xor/u16,20000,14,0.8377327919006348
write_vk,noirky2-bits,xor/u32,5000,0,3.8989717960357666
write_vk,noirky2-bits,xor/u32,5000,1,3.87165904045105
write_vk,noirky2-bits,xor/u32,5000,2,3.867537498474121
write_vk,noirky2-bits,xor/u32,5000,3,3.87245774269104
write_vk,noirky2-bits,xor/u32,5000,4,3.8772404193878174
write_vk,noirky2-bits,xor/u32,5000,5,3.8600332736968994
write_vk,noirky2-bits,xor/u32,5000,6,3.9008829593658447
write_vk,noirky2-bits,xor/u32,5000,7,3.8719594478607178
write_vk,noirky2-bits,xor/u32,5000,8,3.8660809993743896
write_vk,noirky2-bits,xor/u32,5000,9,3.863598346710205
write_vk,noirky2-bits,xor/u32,5000,10,3.8822531700134277
write_vk,noirky2-bits,xor/u32,5000,11,3.8778250217437744
write_vk,noirky2-bits,xor/u32,5000,12,3.87892746925354
write_vk,noirky2-bits,xor/u32,5000,13,3.895869016647339
write_vk,noirky2-bits,xor/u32,5000,14,3.9203689098358154
write_vk,noirky2-bits,xor/u32,10000,0,7.795219898223877
write_vk,noirky2-bits,xor/u32,10000,1,8.216641426086426
write_vk,noirky2-bits,xor/u32,10000,2,8.045478105545044
write_vk,noirky2-bits,xor/u32,10000,3,7.916143178939819
write_vk,noirky2-bits,xor/u32,10000,4,8.188423156738281
write_vk,noirky2-bits,xor/u32,10000,5,8.123238563537598
write_vk,noirky2-bits,xor/u32,10000,6,7.893288850784302
write_vk,noirky2-bits,xor/u32,10000,7,8.18662977218628
write_vk,noirky2-bits,xor/u32,10000,8,8.082616090774536
write_vk,noirky2-bits,xor/u32,10000,9,7.908807277679443
write_vk,noirky2-bits,xor/u32,10000,10,8.140698671340942
write_vk,noirky2-bits,xor/u32,10000,11,8.095139503479004
write_vk,noirky2-bits,xor/u32,10000,12,8.05858826637268
write_vk,noirky2-bits,xor/u32,10000,13,8.06563401222229
write_vk,noirky2-bits,xor/u32,10000,14,7.891330003738403
write_vk,noirky2-bits,xor/u32,20000,0,17.095381259918213
write_vk,noirky2-bits,xor/u32,20000,1,16.96121120452881
write_vk,noirky2-bits,xor/u32,20000,2,16.929264545440674
write_vk,noirky2-bits,xor/u32,20000,3,17.184796810150146
write_vk,noirky2-bits,xor/u32,20000,4,16.95172142982483
write_vk,noirky2-bits,xor/u32,20000,5,17.002994060516357
write_vk,noirky2-bits,xor/u32,20000,6,16.940510749816895
write_vk,noirky2-bits,xor/u32,20000,7,17.083664178848267
write_vk,noirky2-bits,xor/u32,20000,8,17.16585087776184
write_vk,noirky2-bits,xor/u32,20000,9,17.162306547164917
write_vk,noirky2-bits,xor/u32,20000,10,17.203348636627197
write_vk,noirky2-bits,xor/u32,20000,11,17.16117024421692
write_vk,noirky2-bits,xor/u32,20000,12,16.968021392822266
write_vk,noirky2-bits,xor/u32,20000,13,16.974833488464355
write_vk,noirky2-bits,xor/u32,20000,14,17.006146669387817
write_vk,noirky2-bits-nozk,xor/u32,5000,0,3.8334643840789795
write_vk,noirky2-bits-nozk,xor/u32,5000,1,3.8084540367126465
write_vk,noirky2-bits-nozk,xor/u32,5000,2,3.840864658355713
write_vk,noirky2-bits-nozk,xor/u32,5000,3,3.816962242126465
write_vk,noirky2-bits-nozk,xor/u32,5000,4,3.8110647201538086
write_vk,noirky2-bits-nozk,xor/u32,5000,5,3.8208227157592773
write_vk,noirky2-bits-nozk,xor/u32,5000,6,3.820957660675049
write_vk,noirky2-bits-nozk,xor/u32,5000,7,3.825395107269287
write_vk,noirky2-bits-nozk,xor/u32,5000,8,3.828624963760376
write_vk,noirky2-bits-nozk,xor/u32,5000,9,3.8372292518615723
write_vk,noirky2-bits-nozk,xor/u32,5000,10,3.8293259143829346
write_vk,noirky2-bits-nozk,xor/u32,5000,11,3.7954044342041016
write_vk,noirky2-bits-nozk,xor/u32,5000,12,3.8242685794830322
write_vk,noirky2-bits-nozk,xor/u32,5000,13,3.7939884662628174
write_vk,noirky2-bits-nozk,xor/u32,5000,14,3.818147659301758
write_vk,noirky2-bits-nozk,xor/u32,10000,0,7.763340950012207
write_vk,noirky2-bits-nozk,xor/u32,10000,1,8.064095258712769
write_vk,noirky2-bits-nozk,xor/u32,10000,2,8.041914463043213
write_vk,noirky2-bits-nozk,xor/u32,10000,3,8.090470790863037
write_vk,noirky2-bits-nozk,xor/u32,10000,4,7.956502676010132
write_vk,noirky2-bits-nozk,xor/u32,10000,5,8.045341968536377
write_vk,noirky2-bits-nozk,xor/u32,10000,6,7.935153961181641
write_vk,noirky2-bits-nozk,xor/u32,10000,7,7.930335521697998
write_vk,noirky2-bits-nozk,xor/u32,10000,8,7.8347203731536865
write_vk,noirky2-bits-nozk,xor/u32,10000,9,8.046852111816406
write_vk,noirky2-bits-nozk,xor/u32,10000,10,8.088916063308716
write_vk,noirky2-bits-nozk,xor/u32,10000,11,7.782363414764404
write_vk,noirky2-bits-nozk,xor/u32,10000,12,8.023333072662354
write_vk,noirky2-bits-nozk,xor/u32,10000,13,7.96183443069458
write_vk,noirky2-bits-nozk,xor/u32,10000,14,7.789234161376953
write_vk,noirky2-bits-nozk,xor/u32,20000,0,17.097137928009033
write_vk,noirky2-bits-nozk,xor/u32,20000,1,17.048747539520264
write_vk,noirky2-bits-nozk,xor/u32,20000,2,16.99122905731201
write_vk,noirky2-bits-nozk,xor/u32,20000,3,16.999375820159912
write_vk,noirky2-bits-nozk,xor/u32,20000,4,16.96697211265564
write_vk,noirky2-bits-nozk,xor/u32,20000,5,17.121569633483887
write_vk,noirky2-bits-nozk,xor/u32,20000,6,17.03077507019043
write_vk,noirky2-bits-nozk,xor/u32,20000,7,17.06051230430603
write_vk,noirky2-bits-nozk,xor/u32,20000,8,17.057610034942627
write_vk,noirky2-bits-nozk,xor/u32,20000,9,17.138224124908447
write_vk,noirky2-bits-nozk,xor/u32,20000,10,16.985804796218872
write_vk,noirky2-bits-nozk,xor/u32,20000,11,17.058334589004517
write_vk,noirky2-bits-nozk,xor/u32,20000,12,17.10314130783081
write_vk,noirky2-bits-nozk,xor/u32,20000,13,17.141234636306763
write_vk,noirky2-bits-nozk,xor/u32,20000,14,17.033371686935425
write_vk,bb,xor/u32,5000,0,12.177984237670898
write_vk,bb,xor/u32,5000,1,12.583786249160767
write_vk,bb,xor/u32,5000,2,12.525241374969482
write_vk,bb,xor/u32,5000,3,12.52756381034851
write_vk,bb,xor/u32,5000,4,12.540627002716064
write_vk,bb,xor/u32,5000,5,12.528646230697632
write_vk,bb,xor/u32,5000,6,12.607088088989258
write_vk,bb,xor/u32,5000,7,12.516023635864258
write_vk,bb,xor/u32,5000,8,12.513381004333496
write_vk,bb,xor/u32,5000,9,12.519319772720337
write_vk,bb,xor/u32,5000,10,12.5298011302948
write_vk,bb,xor/u32,5000,11,12.582117795944214
write_vk,bb,xor/u32,5000,12,12.529541969299316
write_vk,bb,xor/u32,5000,13,12.528071403503418
write_vk,bb,xor/u32,5000,14,12.527448415756226
write_vk,bb,xor/u32,10000,0,24.27897310256958
write_vk,bb,xor/u32,10000,1,24.22134232521057
write_vk,bb,xor/u32,10000,2,24.198171138763428
write_vk,bb,xor/u32,10000,3,24.19011092185974
write_vk,bb,xor/u32,10000,4,24.210711240768433
write_vk,bb,xor/u32,10000,5,24.263232231140137
write_vk,bb,xor/u32,10000,6,24.247748613357544
write_vk,bb,xor/u32,10000,7,24.24315071105957
write_vk,bb,xor/u32,10000,8,24.207553148269653
write_vk,bb,xor/u32,10000,9,24.257158279418945
write_vk,bb,xor/u32,10000,10,24.320499181747437
write_vk,bb,xor/u32,10000,11,24.227547645568848
write_vk,bb,xor/u32,10000,12,24.261848211288452
write_vk,bb,xor/u32,10000,13,24.223234176635742
write_vk,bb,xor/u32,10000,14,24.219428300857544
write_vk,bb,xor/u32,20000,0,48.941423654556274
write_vk,bb,xor/u32,20000,1,49.20252823829651
write_vk,bb,xor/u32,20000,2,49.08721947669983
write_vk,bb,xor/u32,20000,3,49.293532609939575
write_vk,bb,xor/u32,20000,4,49.070897579193115
write_vk,bb,xor/u32,20000,5,49.111506938934326
write_vk,bb,xor/u32,20000,6,49.157214641571045
write_vk,bb,xor/u32,20000,7,49.1020302772522
write_vk,bb,xor/u32,20000,8,49.146541118621826
write_vk,bb,xor/u32,20000,9,49.124186515808105
write_vk,bb,xor/u32,20000,10,49.1789767742157
write_vk,bb,xor/u32,20000,11,49.132368087768555
write_vk,bb,xor/u32,20000,12,49.20004439353943
write_vk,bb,xor/u32,20000,13,49.08843994140625
write_vk,bb,xor/u32,20000,14,49.234078884124756
write_vk,noirky2-limb,xor/u32,5000,0,1.0423343181610107
write_vk,noirky2-limb,xor/u32,5000,1,1.0364131927490234
write_vk,noirky2-limb,xor/u32,5000,2,1.029102087020874
write_vk,noirky2-limb,xor/u32,5000,3,1.0364675521850586
write_vk,noirky2-limb,xor/u32,5000,4,1.0395312309265137
write_vk,noirky2-limb,xor/u32,5000,5,1.0377192497253418
write_vk,noirky2-limb,xor/u32,5000,6,1.041273593902588
write_vk,noirky2-limb,xor/u32,5000,7,0.8833274841308594
write_vk,noirky2-limb,xor/u32,5000,8,0.8006010055541992
write_vk,noirky2-limb,xor/u32,5000,9,0.8000614643096924
write_vk,noirky2-limb,xor/u32,5000,10,0.8010556697845459
write_vk,noirky2-limb,xor/u32,5000,11,0.8022980690002441
write_vk,noirky2-limb,xor/u32,5000,12,0.7980608940124512
write_vk,noirky2-limb,xor/u32,5000,13,0.7989671230316162
write_vk,noirky2-limb,xor/u32,5000,14,0.8054172992706299
write_vk,noirky2-limb,xor/u32,10000,0,1.610701560974121
write_vk,noirky2-limb,xor/u32,10000,1,1.6077935695648193
write_vk,noirky2-limb,xor/u32,10000,2,1.6039762496948242
write_vk,noirky2-limb,xor/u32,10000,3,1.6083950996398926
write_vk,noirky2-limb,xor/u32,10000,4,1.6264665126800537
write_vk,noirky2-limb,xor/u32,10000,5,1.6176118850708008
write_vk,noirky2-limb,xor/u32,10000,6,1.610060691833496
write_vk,noirky2-limb,xor/u32,10000,7,1.622694492340088
write_vk,noirky2-limb,xor/u32,10000,8,1.6233100891113281
write_vk,noirky2-limb,xor/u32,10000,9,1.6312503814697266
write_vk,noirky2-limb,xor/u32,10000,10,1.63128662109375
write_vk,noirky2-limb,xor/u32,10000,11,1.6175825595855713
write_vk,noirky2-limb,xor/u32,10000,12,1.622422456741333
write_vk,noirky2-limb,xor/u32,10000,13,1.6203324794769287
write_vk,noirky2-limb,xor/u32,10000,14,1.6330819129943848
write_vk,noirky2-limb,xor/u32,20000,0,1.9156529903411865
write_vk,noirky2-limb,xor/u32,20000,1,1.901928186416626
write_vk,noirky2-limb,xor/u32,20000,2,1.901275396347046
write_vk,noirky2-limb,xor/u32,20000,3,1.9052250385284424
write_vk,noirky2-limb,xor/u32,20000,4,1.9370629787445068
write_vk,noirky2-limb,xor/u32,20000,5,1.9014933109283447
write_vk,noirky2-limb,xor/u32,20000,6,1.906463623046875
write_vk,noirky2-limb,xor/u32,20000,7,1.9175443649291992
write_vk,noirky2-limb,xor/u32,20000,8,1.896498441696167
write_vk,noirky2-limb,xor/u32,20000,9,1.8976564407348633
write_vk,noirky2-limb,xor/u32,20000,10,1.906735897064209
write_vk,noirky2-limb,xor/u32,20000,11,1.901933193206787
write_vk,noirky2-limb,xor/u32,20000,12,1.9106471538543701
write_vk,noirky2-limb,xor/u32,20000,13,1.9067564010620117
write_vk,noirky2-limb,xor/u32,20000,14,1.893549919128418
write_vk,noirky2-limb-nozk,xor/u32,5000,0,0.42882847785949707
write_vk,noirky2-limb-nozk,xor/u32,5000,1,0.4299275875091553
write_vk,noirky2-limb-nozk,xor/u32,5000,2,0.4343874454498291
write_vk,noirky2-limb-nozk,xor/u32,5000,3,0.43650102615356445
write_vk,noirky2-limb-nozk,xor/u32,5000,4,0.44129371643066406
write_vk,noirky2-limb-nozk,xor/u32,5000,5,0.4356727600097656
write_vk,noirky2-limb-nozk,xor/u32,5000,6,0.4449131488800049
write_vk,noirky2-limb-nozk,xor/u32,5000,7,0.4360201358795166
write_vk,noirky2-limb-nozk,xor/u32,5000,8,0.43555235862731934
write_vk,noirky2-limb-nozk,xor/u32,5000,9,0.43491506576538086
write_vk,noirky2-limb-nozk,xor/u32,5000,10,0.43686437606811523
write_vk,noirky2-limb-nozk,xor/u32,5000,11,0.4389767646789551
write_vk,noirky2-limb-nozk,xor/u32,5000,12,0.4382903575897217
write_vk,noirky2-limb-nozk,xor/u32,5000,13,0.43456411361694336
write_vk,noirky2-limb-nozk,xor/u32,5000,14,0.43933868408203125
write_vk,noirky2-limb-nozk,xor/u32,10000,0,0.8858253955841064
write_vk,noirky2-limb-nozk,xor/u32,10000,1,0.8917789459228516
write_vk,noirky2-limb-nozk,xor/u32,10000,2,0.8892669677734375
write_vk,noirky2-limb-nozk,xor/u32,10000,3,0.8911261558532715
write_vk,noirky2-limb-nozk,xor/u32,10000,4,0.8919196128845215
write_vk,noirky2-limb-nozk,xor/u32,10000,5,0.8917403221130371
write_vk,noirky2-limb-nozk,xor/u32,10000,6,0.8904473781585693
write_vk,noirky2-limb-nozk,xor/u32,10000,7,0.8979346752166748
write_vk,noirky2-limb-nozk,xor/u32,10000,8,0.8842451572418213
write_vk,noirky2-limb-nozk,xor/u32,10000,9,0.8955264091491699
write_vk,noirky2-limb-nozk,xor/u32,10000,10,0.8896801471710205
write_vk,noirky2-limb-nozk,xor/u32,10000,11,0.8924293518066406
write_vk,noirky2-limb-nozk,xor/u32,10000,12,0.8919668197631836
write_vk,noirky2-limb-nozk,xor/u32,10000,13,0.898787260055542
write_vk,noirky2-limb-nozk,xor/u32,10000,14,0.8903164863586426
write_vk,noirky2-limb-nozk,xor/u32,20000,0,1.8283112049102783
write_vk,noirky2-limb-nozk,xor/u32,20000,1,1.8273141384124756
write_vk,noirky2-limb-nozk,xor/u32,20000,2,1.8176023960113525
write_vk,noirky2-limb-nozk,xor/u32,20000,3,1.8267250061035156
write_vk,noirky2-limb-nozk,xor/u32,20000,4,1.8316552639007568
write_vk,noirky2-limb-nozk,xor/u32,20000,5,1.8283720016479492
write_vk,noirky2-limb-nozk,xor/u32,20000,6,1.8335199356079102
write_vk,noirky2-limb-nozk,xor/u32,20000,7,1.8309078216552734
write_vk,noirky2-limb-nozk,xor/u32,20000,8,1.8355698585510254
write_vk,noirky2-limb-nozk,xor/u32,20000,9,1.835674524307251
write_vk,noirky2-limb-nozk,xor/u32,20000,10,1.8576140403747559
write_vk,noirky2-limb-nozk,xor/u32,20000,11,1.8373091220855713
write_vk,noirky2-limb-nozk,xor/u32,20000,12,1.8299038410186768
write_vk,noirky2-limb-nozk,xor/u32,20000,13,1.8407871723175049
write_vk,noirky2-limb-nozk,xor/u32,20000,14,1.8332545757293701
verify,noirky2-bits,range/u8,5000,0,0.005535602569580078
verify,noirky2-bits,range/u8,5000,1,0.0051348209381103516
verify,noirky2-bits,range/u8,5000,2,0.005025148391723633
verify,noirky2-bits,range/u8,5000,3,0.005225181579589844
verify,noirky2-bits,range/u8,5000,4,0.005155086517333984
verify,noirky2-bits,range/u8,5000,5,0.0051419734954833984
verify,noirky2-bits,range/u8,5000,6,0.005077362060546875
verify,noirky2-bits,range/u8,5000,7,0.0050160884857177734
verify,noirky2-bits,range/u8,5000,8,0.004804134368896484
verify,noirky2-bits,range/u8,5000,9,0.005248308181762695
verify,noirky2-bits,range/u8,5000,10,0.004946470260620117
verify,noirky2-bits,range/u8,5000,11,0.005381107330322266
verify,noirky2-bits,range/u8,5000,12,0.005286216735839844
verify,noirky2-bits,range/u8,5000,13,0.005173444747924805
verify,noirky2-bits,range/u8,5000,14,0.005096435546875
verify,noirky2-bits,range/u8,10000,0,0.005208253860473633
verify,noirky2-bits,range/u8,10000,1,0.00582432746887207
verify,noirky2-bits,range/u8,10000,2,0.005616903305053711
verify,noirky2-bits,range/u8,10000,3,0.0053768157958984375
verify,noirky2-bits,range/u8,10000,4,0.0055239200592041016
verify,noirky2-bits,range/u8,10000,5,0.0053937435150146484
verify,noirky2-bits,range/u8,10000,6,0.005236148834228516
verify,noirky2-bits,range/u8,10000,7,0.005345582962036133
verify,noirky2-bits,range/u8,10000,8,0.005602836608886719
verify,noirky2-bits,range/u8,10000,9,0.006678104400634766
verify,noirky2-bits,range/u8,10000,10,0.00528264045715332
verify,noirky2-bits,range/u8,10000,11,0.006150484085083008
verify,noirky2-bits,range/u8,10000,12,0.005147218704223633
verify,noirky2-bits,range/u8,10000,13,0.0054585933685302734
verify,noirky2-bits,range/u8,10000,14,0.0051250457763671875
verify,noirky2-bits,range/u8,20000,0,0.0049724578857421875
verify,noirky2-bits,range/u8,20000,1,0.005031108856201172
verify,noirky2-bits,range/u8,20000,2,0.0049970149993896484
verify,noirky2-bits,range/u8,20000,3,0.005259275436401367
verify,noirky2-bits,range/u8,20000,4,0.00506591796875
verify,noirky2-bits,range/u8,20000,5,0.005057573318481445
verify,noirky2-bits,range/u8,20000,6,0.004824161529541016
verify,noirky2-bits,range/u8,20000,7,0.004929304122924805
verify,noirky2-bits,range/u8,20000,8,0.00497746467590332
verify,noirky2-bits,range/u8,20000,9,0.004966259002685547
verify,noirky2-bits,range/u8,20000,10,0.004823923110961914
verify,noirky2-bits,range/u8,20000,11,0.004929542541503906
verify,noirky2-bits,range/u8,20000,12,0.004752397537231445
verify,noirky2-bits,range/u8,20000,13,0.004728794097900391
verify,noirky2-bits,range/u8,20000,14,0.005110263824462891
verify,noirky2-bits-nozk,range/u8,5000,0,0.004219532012939453
verify,noirky2-bits-nozk,range/u8,5000,1,0.004331350326538086
verify,noirky2-bits-nozk,range/u8,5000,2,0.004225969314575195
verify,noirky2-bits-nozk,range/u8,5000,3,0.004114627838134766
verify,noirky2-bits-nozk,range/u8,5000,4,0.0040624141693115234
verify,noirky2-bits-nozk,range/u8,5000,5,0.00412750244140625
verify,noirky2-bits-nozk,range/u8,5000,6,0.004133939743041992
verify,noirky2-bits-nozk,range/u8,5000,7,0.004126787185668945
verify,noirky2-bits-nozk,range/u8,5000,8,0.00420832633972168
verify,noirky2-bits-nozk,range/u8,5000,9,0.004152536392211914
verify,noirky2-bits-nozk,range/u8,5000,10,0.004531383514404297
verify,noirky2-bits-nozk,range/u8,5000,11,0.004124641418457031
verify,noirky2-bits-nozk,range/u8,5000,12,0.00420832633972168
verify,noirky2-bits-nozk,range/u8,5000,13,0.0041081905364990234
verify,noirky2-bits-nozk,range/u8,5000,14,0.004053592681884766
verify,noirky2-bits-nozk,range/u8,10000,0,0.004774332046508789
verify,noirky2-bits-nozk,range/u8,10000,1,0.0047795772552490234
verify,noirky2-bits-nozk,range/u8,10000,2,0.005991697311401367
verify,noirky2-bits-nozk,range/u8,10000,3,0.00509953498840332
verify,noirky2-bits-nozk,range/u8,10000,4,0.005213499069213867
verify,noirky2-bits-nozk,range/u8,10000,5,0.004717111587524414
verify,noirky2-bits-nozk,range/u8,10000,6,0.00542759895324707
verify,noirky2-bits-nozk,range/u8,10000,7,0.00452733039855957
verify,noirky2-bits-nozk,range/u8,10000,8,0.0048482418060302734
verify,noirky2-bits-nozk,range/u8,10000,9,0.004513978958129883
verify,noirky2-bits-nozk,range/u8,10000,10,0.004887819290161133
verify,noirky2-bits-nozk,range/u8,10000,11,0.0056610107421875
verify,noirky2-bits-nozk,range/u8,10000,12,0.004752635955810547
verify,noirky2-bits-nozk,range/u8,10000,13,0.005062103271484375
verify,noirky2-bits-nozk,range/u8,10000,14,0.004731178283691406
verify,noirky2-bits-nozk,range/u8,20000,0,0.005084514617919922
verify,noirky2-bits-nozk,range/u8,20000,1,0.004923105239868164
verify,noirky2-bits-nozk,range/u8,20000,2,0.0053615570068359375
verify,noirky2-bits-nozk,range/u8,20000,3,0.004716157913208008
verify,noirky2-bits-nozk,range/u8,20000,4,0.00679779052734375
verify,noirky2-bits-nozk,range/u8,20000,5,0.008901119232177734
verify,noirky2-bits-nozk,range/u8,20000,6,0.006949186325073242
verify,noirky2-bits-nozk,range/u8,20000,7,0.007224559783935547
verify,noirky2-bits-nozk,range/u8,20000,8,0.005036592483520508
verify,noirky2-bits-nozk,range/u8,20000,9,0.0047283172607421875
verify,noirky2-bits-nozk,range/u8,20000,10,0.004841327667236328
verify,noirky2-bits-nozk,range/u8,20000,11,0.00467681884765625
verify,noirky2-bits-nozk,range/u8,20000,12,0.004835844039916992
verify,noirky2-bits-nozk,range/u8,20000,13,0.0045316219329833984
verify,noirky2-bits-nozk,range/u8,20000,14,0.004855632781982422
verify,bb,range/u8,5000,0,0.03664755821228027
verify,bb,range/u8,5000,1,0.02536320686340332
verify,bb,range/u8,5000,2,0.02564525604248047
verify,bb,range/u8,5000,3,0.025745391845703125
verify,bb,range/u8,5000,4,0.025699615478515625
verify,bb,range/u8,5000,5,0.02630162239074707
verify,bb,range/u8,5000,6,0.025908946990966797
verify,bb,range/u8,5000,7,0.025322437286376953
verify,bb,range/u8,5000,8,0.025509357452392578
verify,bb,range/u8,5000,9,0.025642871856689453
verify,bb,range/u8,5000,10,0.025846004486083984
verify,bb,range/u8,5000,11,0.025652647018432617
verify,bb,range/u8,5000,12,0.02559828758239746
verify,bb,range/u8,5000,13,0.025635957717895508
verify,bb,range/u8,5000,14,0.025783061981201172
verify,bb,range/u8,10000,0,0.025727510452270508
verify,bb,range/u8,10000,1,0.025323867797851562
verify,bb,range/u8,10000,2,0.025862932205200195
verify,bb,range/u8,10000,3,0.02597498893737793
verify,bb,range/u8,10000,4,0.025539398193359375
verify,bb,range/u8,10000,5,0.025414228439331055
verify,bb,range/u8,10000,6,0.025499582290649414
verify,bb,range/u8,10000,7,0.026079416275024414
verify,bb,range/u8,10000,8,0.02540421485900879
verify,bb,range/u8,10000,9,0.025552034378051758
verify,bb,range/u8,10000,10,0.02514052391052246
verify,bb,range/u8,10000,11,0.025260210037231445
verify,bb,range/u8,10000,12,0.025380849838256836
verify,bb,range/u8,10000,13,0.025687694549560547
verify,bb,range/u8,10000,14,0.025560617446899414
verify,bb,range/u8,20000,0,0.02579021453857422
verify,bb,range/u8,20000,1,0.025476932525634766
verify,bb,range/u8,20000,2,0.025638103485107422
verify,bb,range/u8,20000,3,0.02560114860534668
verify,bb,range/u8,20000,4,0.025484561920166016
verify,bb,range/u8,20000,5,0.025060176849365234
verify,bb,range/u8,20000,6,0.025328636169433594
verify,bb,range/u8,20000,7,0.025837182998657227
verify,bb,range/u8,20000,8,0.0257568359375
verify,bb,range/u8,20000,9,0.025683879852294922
verify,bb,range/u8,20000,10,0.02566075325012207
verify,bb,range/u8,20000,11,0.025804519653320312
verify,bb,range/u8,20000,12,0.025275230407714844
verify,bb,range/u8,20000,13,0.025276899337768555
verify,bb,range/u8,20000,14,0.02591252326965332
verify,noirky2-limb,range/u8,5000,0,0.004929542541503906
verify,noirky2-limb,range/u8,5000,1,0.00491023063659668
verify,noirky2-limb,range/u8,5000,2,0.004662752151489258
verify,noirky2-limb,range/u8,5000,3,0.004915714263916016
verify,noirky2-limb,range/u8,5000,4,0.005156993865966797
verify,noirky2-limb,range/u8,5000,5,0.0053713321685791016
verify,noirky2-limb,range/u8,5000,6,0.0053730010986328125
verify,noirky2-limb,range/u8,5000,7,0.0061054229736328125
verify,noirky2-limb,range/u8,5000,8,0.004698276519775391
verify,noirky2-limb,range/u8,5000,9,0.004480600357055664
verify,noirky2-limb,range/u8,5000,10,0.0046176910400390625
verify,noirky2-limb,range/u8,5000,11,0.004389762878417969
verify,noirky2-limb,range/u8,5000,12,0.004847049713134766
verify,noirky2-limb,range/u8,5000,13,0.004580497741699219
verify,noirky2-limb,range/u8,5000,14,0.004606962203979492
verify,noirky2-limb,range/u8,10000,0,0.004878997802734375
verify,noirky2-limb,range/u8,10000,1,0.004791975021362305
verify,noirky2-limb,range/u8,10000,2,0.004861116409301758
verify,noirky2-limb,range/u8,10000,3,0.004876375198364258
verify,noirky2-limb,range/u8,10000,4,0.004518747329711914
verify,noirky2-limb,range/u8,10000,5,0.004794120788574219
verify,noirky2-limb,range/u8,10000,6,0.004527091979980469
verify,noirky2-limb,range/u8,10000,7,0.004517793655395508
verify,noirky2-limb,range/u8,10000,8,0.004835367202758789
verify,noirky2-limb,range/u8,10000,9,0.0046541690826416016
verify,noirky2-limb,range/u8,10000,10,0.004815101623535156
verify,noirky2-limb,range/u8,10000,11,0.004384517669677734
verify,noirky2-limb,range/u8,10000,12,0.0046083927154541016
verify,noirky2-limb,range/u8,10000,13,0.0047724246978759766
verify,noirky2-limb,range/u8,10000,14,0.004576206207275391
verify,noirky2-limb,range/u8,20000,0,0.004891157150268555
verify,noirky2-limb,range/u8,20000,1,0.004561185836791992
verify,noirky2-limb,range/u8,20000,2,0.004756450653076172
verify,noirky2-limb,range/u8,20000,3,0.004701852798461914
verify,noirky2-limb,range/u8,20000,4,0.004563093185424805
verify,noirky2-limb,range/u8,20000,5,0.004724740982055664
verify,noirky2-limb,range/u8,20000,6,0.004853725433349609
verify,noirky2-limb,range/u8,20000,7,0.004668235778808594
verify,noirky2-limb,range/u8,20000,8,0.004751920700073242
verify,noirky2-limb,range/u8,20000,9,0.004488229751586914
verify,noirky2-limb,range/u8,20000,10,0.004718780517578125
verify,noirky2-limb,range/u8,20000,11,0.00472569465637207
verify,noirky2-limb,range/u8,20000,12,0.004767656326293945
verify,noirky2-limb,range/u8,20000,13,0.00473332405090332
verify,noirky2-limb,range/u8,20000,14,0.004874706268310547
verify,noirky2-limb-nozk,range/u8,5000,0,0.0028994083404541016
verify,noirky2-limb-nozk,range/u8,5000,1,0.0028066635131835938
verify,noirky2-limb-nozk,range/u8,5000,2,0.0030243396759033203
verify,noirky2-limb-nozk,range/u8,5000,3,0.002859830856323242
verify,noirky2-limb-nozk,range/u8,5000,4,0.002979278564453125
verify,noirky2-limb-nozk,range/u8,5000,5,0.0029213428497314453
verify,noirky2-limb-nozk,range/u8,5000,6,0.002946138381958008
verify,noirky2-limb-nozk,range/u8,5000,7,0.003050088882446289
verify,noirky2-limb-nozk,range/u8,5000,8,0.002843141555786133
verify,noirky2-limb-nozk,range/u8,5000,9,0.0028145313262939453
verify,noirky2-limb-nozk,range/u8,5000,10,0.003035306930541992
verify,noirky2-limb-nozk,range/u8,5000,11,0.0028831958770751953
verify,noirky2-limb-nozk,range/u8,5000,12,0.002742767333984375
verify,noirky2-limb-nozk,range/u8,5000,13,0.003016948699951172
verify,noirky2-limb-nozk,range/u8,5000,14,0.002751588821411133
verify,noirky2-limb-nozk,range/u8,10000,0,0.003202676773071289
verify,noirky2-limb-nozk,range/u8,10000,1,0.003160238265991211
verify,noirky2-limb-nozk,range/u8,10000,2,0.003088235855102539
verify,noirky2-limb-nozk,range/u8,10000,3,0.0029735565185546875
verify,noirky2-limb-nozk,range/u8,10000,4,0.0031287670135498047
verify,noirky2-limb-nozk,range/u8,10000,5,0.0029888153076171875
verify,noirky2-limb-nozk,range/u8,10000,6,0.0031061172485351562
verify,noirky2-limb-nozk,range/u8,10000,7,0.0030066967010498047
verify,noirky2-limb-nozk,range/u8,10000,8,0.0028638839721679688
verify,noirky2-limb-nozk,range/u8,10000,9,0.0031270980834960938
verify,noirky2-limb-nozk,range/u8,10000,10,0.003098011016845703
verify,noirky2-limb-nozk,range/u8,10000,11,0.003139019012451172
verify,noirky2-limb-nozk,range/u8,10000,12,0.00301361083984375
verify,noirky2-limb-nozk,range/u8,10000,13,0.003140687942504883
verify,noirky2-limb-nozk,range/u8,10000,14,0.0030112266540527344
verify,noirky2-limb-nozk,range/u8,20000,0,0.003728628158569336
verify,noirky2-limb-nozk,range/u8,20000,1,0.0038170814514160156
verify,noirky2-limb-nozk,range/u8,20000,2,0.004217386245727539
verify,noirky2-limb-nozk,range/u8,20000,3,0.004911661148071289
verify,noirky2-limb-nozk,range/u8,20000,4,0.004285335540771484
verify,noirky2-limb-nozk,range/u8,20000,5,0.0045855045318603516
verify,noirky2-limb-nozk,range/u8,20000,6,0.0038487911224365234
verify,noirky2-limb-nozk,range/u8,20000,7,0.0047643184661865234
verify,noirky2-limb-nozk,range/u8,20000,8,0.0037915706634521484
verify,noirky2-limb-nozk,range/u8,20000,9,0.003615140914916992
verify,noirky2-limb-nozk,range/u8,20000,10,0.0038161277770996094
verify,noirky2-limb-nozk,range/u8,20000,11,0.0040051937103271484
verify,noirky2-limb-nozk,range/u8,20000,12,0.003759622573852539
verify,noirky2-limb-nozk,range/u8,20000,13,0.003626585006713867
verify,noirky2-limb-nozk,range/u8,20000,14,0.0035829544067382812
verify,noirky2-bits,range/u16,5000,0,0.005041599273681641
verify,noirky2-bits,range/u16,5000,1,0.005010128021240234
verify,noirky2-bits,range/u16,5000,2,0.004938364028930664
verify,noirky2-bits,range/u16,5000,3,0.004649639129638672
verify,noirky2-bits,range/u16,5000,4,0.004858970642089844
verify,noirky2-bits,range/u16,5000,5,0.006234884262084961
verify,noirky2-bits,range/u16,5000,6,0.0062007904052734375
verify,noirky2-bits,range/u16,5000,7,0.00578618049621582
verify,noirky2-bits,range/u16,5000,8,0.005654096603393555
verify,noirky2-bits,range/u16,5000,9,0.004772186279296875
verify,noirky2-bits,range/u16,5000,10,0.00470280647277832
verify,noirky2-bits,range/u16,5000,11,0.004572153091430664
verify,noirky2-bits,range/u16,5000,12,0.004214763641357422
verify,noirky2-bits,range/u16,5000,13,0.004511594772338867
verify,noirky2-bits,range/u16,5000,14,0.004441261291503906
verify,noirky2-bits,range/u16,10000,0,0.004735231399536133
verify,noirky2-bits,range/u16,10000,1,0.004523277282714844
verify,noirky2-bits,range/u16,10000,2,0.004789829254150391
verify,noirky2-bits,range/u16,10000,3,0.004660606384277344
verify,noirky2-bits,range/u16,10000,4,0.00440526008605957
verify,noirky2-bits,range/u16,10000,5,0.00480341911315918
verify,noirky2-bits,range/u16,10000,6,0.004611968994140625
verify,noirky2-bits,range/u16,10000,7,0.004587411880493164
verify,noirky2-bits,range/u16,10000,8,0.004772186279296875
verify,noirky2-bits,range/u16,10000,9,0.004834651947021484
verify,noirky2-bits,range/u16,10000,10,0.0046041011810302734
verify,noirky2-bits,range/u16,10000,11,0.004738330841064453
verify,noirky2-bits,range/u16,10000,12,0.004721879959106445
verify,noirky2-bits,range/u16,10000,13,0.00489044189453125
verify,noirky2-bits,range/u16,10000,14,0.00638580322265625
verify,noirky2-bits,range/u16,20000,0,0.00590205192565918
verify,noirky2-bits,range/u16,20000,1,0.004927873611450195
verify,noirky2-bits,range/u16,20000,2,0.00559687614440918
verify,noirky2-bits,range/u16,20000,3,0.004754066467285156
verify,noirky2-bits,range/u16,20000,4,0.004853010177612305
verify,noirky2-bits,range/u16,20000,5,0.0047626495361328125
verify,noirky2-bits,range/u16,20000,6,0.0050506591796875
verify,noirky2-bits,range/u16,20000,7,0.0046999454498291016
verify,noirky2-bits,range/u16,20000,8,0.0047588348388671875
verify,noirky2-bits,range/u16,20000,9,0.004637718200683594
verify,noirky2-bits,range/u16,20000,10,0.00466156005859375
verify,noirky2-bits,range/u16,20000,11,0.0047228336334228516
verify,noirky2-bits,range/u16,20000,12,0.004750490188598633
verify,noirky2-bits,range/u16,20000,13,0.004687786102294922
verify,noirky2-bits,range/u16,20000,14,0.004655122756958008
verify,noirky2-bits-nozk,range/u16,5000,0,0.004019498825073242
verify,noirky2-bits-nozk,range/u16,5000,1,0.004073619842529297
verify,noirky2-bits-nozk,range/u16,5000,2,0.004222869873046875
verify,noirky2-bits-nozk,range/u16,5000,3,0.004239797592163086
verify,noirky2-bits-nozk,range/u16,5000,4,0.004483222961425781
verify,noirky2-bits-nozk,range/u16,5000,5,0.00528717041015625
verify,noirky2-bits-nozk,range/u16,5000,6,0.0042078495025634766
verify,noirky2-bits-nozk,range/u16,5000,7,0.0052356719970703125
verify,noirky2-bits-nozk,range/u16,5000,8,0.006271839141845703
verify,noirky2-bits-nozk,range/u16,5000,9,0.005005836486816406
verify,noirky2-bits-nozk,range/u16,5000,10,0.005670785903930664
verify,noirky2-bits-nozk,range/u16,5000,11,0.004604339599609375
verify,noirky2-bits-nozk,range/u16,5000,12,0.004869699478149414
verify,noirky2-bits-nozk,range/u16,5000,13,0.004251718521118164
verify,noirky2-bits-nozk,range/u16,5000,14,0.004319667816162109
verify,noirky2-bits-nozk,range/u16,10000,0,0.004647016525268555
verify,noirky2-bits-nozk,range/u16,10000,1,0.004552125930786133
verify,noirky2-bits-nozk,range/u16,10000,2,0.0052793025970458984
verify,noirky2-bits-nozk,range/u16,10000,3,0.006532430648803711
verify,noirky2-bits-nozk,range/u16,10000,4,0.005315065383911133
verify,noirky2-bits-nozk,range/u16,10000,5,0.006390810012817383
verify,noirky2-bits-nozk,range/u16,10000,6,0.004942178726196289
verify,noirky2-bits-nozk,range/u16,10000,7,0.005666971206665039
verify,noirky2-bits-nozk,range/u16,10000,8,0.004606008529663086
verify,noirky2-bits-nozk,range/u16,10000,9,0.004477024078369141
verify,noirky2-bits-nozk,range/u16,10000,10,0.004622220993041992
verify,noirky2-bits-nozk,range/u16,10000,11,0.004347324371337891
verify,noirky2-bits-nozk,range/u16,10000,12,0.004602670669555664
verify,noirky2-bits-nozk,range/u16,10000,13,0.004590511322021484
verify,noirky2-bits-nozk,range/u16,10000,14,0.004637002944946289
verify,noirky2-bits-nozk,range/u16,20000,0,0.004456281661987305
verify,noirky2-bits-nozk,range/u16,20000,1,0.0046803951263427734
verify,noirky2-bits-nozk,range/u16,20000,2,0.004886627197265625
verify,noirky2-bits-nozk,range/u16,20000,3,0.004538536071777344
verify,noirky2-bits-nozk,range/u16,20000,4,0.00483393669128418
verify,noirky2-bits-nozk,range/u16,20000,5,0.004832029342651367
verify,noirky2-bits-nozk,range/u16,20000,6,0.0043773651123046875
verify,noirky2-bits-nozk,range/u16,20000,7,0.004718303680419922
verify,noirky2-bits-nozk,range/u16,20000,8,0.004514455795288086
verify,noirky2-bits-nozk,range/u16,20000,9,0.004401683807373047
verify,noirky2-bits-nozk,range/u16,20000,10,0.0047037601470947266
verify,noirky2-bits-nozk,range/u16,20000,11,0.0049724578857421875
verify,noirky2-bits-nozk,range/u16,20000,12,0.004757881164550781
verify,noirky2-bits-nozk,range/u16,20000,13,0.004778385162353516
verify,noirky2-bits-nozk,range/u16,20000,14,0.005236625671386719
verify,bb,range/u16,5000,0,0.027390003204345703
verify,bb,range/u16,5000,1,0.02526116371154785
verify,bb,range/u16,5000,2,0.02515101432800293
verify,bb,range/u16,5000,3,0.025025606155395508
verify,bb,range/u16,5000,4,0.02489304542541504
verify,bb,range/u16,5000,5,0.025449752807617188
verify,bb,range/u16,5000,6,0.02526402473449707
verify,bb,range/u16,5000,7,0.025336265563964844
verify,bb,range/u16,5000,8,0.024849653244018555
verify,bb,range/u16,5000,9,0.024587154388427734
verify,bb,range/u16,5000,10,0.025548458099365234
verify,bb,range/u16,5000,11,0.02527761459350586
verify,bb,range/u16,5000,12,0.025510072708129883
verify,bb,range/u16,5000,13,0.02532672882080078
verify,bb,range/u16,5000,14,0.025006771087646484
verify,bb,range/u16,10000,0,0.02523970603942871
verify,bb,range/u16,10000,1,0.025488853454589844
verify,bb,range/u16,10000,2,0.02555990219116211
verify,bb,range/u16,10000,3,0.025131940841674805
verify,bb,range/u16,10000,4,0.025304794311523438
verify,bb,range/u16,10000,5,0.02492690086364746
verify,bb,range/u16,10000,6,0.025625944137573242
verify,bb,range/u16,10000,7,0.02527618408203125
verify,bb,range/u16,10000,8,0.025666475296020508
verify,bb,range/u16,10000,9,0.02534198760986328
verify,bb,range/u16,10000,10,0.024855375289916992
verify,bb,range/u16,10000,11,0.025307178497314453
verify,bb,range/u16,10000,12,0.025037527084350586
verify,bb,range/u16,10000,13,0.024815082550048828
verify,bb,range/u16,10000,14,0.02517104148864746
verify,bb,range/u16,20000,0,0.025145769119262695
verify,bb,range/u16,20000,1,0.02532339096069336
verify,bb,range/u16,20000,2,0.025837421417236328
verify,bb,range/u16,20000,3,0.025562047958374023
verify,bb,range/u16,20000,4,0.025592327117919922
verify,bb,range/u16,20000,5,0.025532245635986328
verify,bb,range/u16,20000,6,0.025119304656982422
verify,bb,range/u16,20000,7,0.025536775588989258
verify,bb,range/u16,20000,8,0.0256345272064209
verify,bb,range/u16,20000,9,0.02512812614440918
verify,bb,range/u16,20000,10,0.025573015213012695
verify,bb,range/u16,20000,11,0.025377511978149414
verify,bb,range/u16,20000,12,0.025470256805419922
verify,bb,range/u16,20000,13,0.02534317970275879
verify,bb,range/u16,20000,14,0.025700092315673828
verify,noirky2-limb,range/u16,5000,0,0.004924297332763672
verify,noirky2-limb,range/u16,5000,1,0.004844188690185547
verify,noirky2-limb,range/u16,5000,2,0.00471949577331543
verify,noirky2-limb,range/u16,5000,3,0.004783153533935547
verify,noirky2-limb,range/u16,5000,4,0.004927635192871094
verify,noirky2-limb,range/u16,5000,5,0.004659175872802734
verify,noirky2-limb,range/u16,5000,6,0.004692554473876953
verify,noirky2-limb,range/u16,5000,7,0.004438877105712891
verify,noirky2-limb,range/u16,5000,8,0.00467991828918457
verify,noirky2-limb,range/u16,5000,9,0.004446744918823242
verify,noirky2-limb,range/u16,5000,10,0.0047223567962646484
verify,noirky2-limb,range/u16,5000,11,0.004796504974365234
verify,noirky2-limb,range/u16,5000,12,0.00446772575378418
verify,noirky2-limb,range/u16,5000,13,0.0047109127044677734
verify,noirky2-limb,range/u16,5000,14,0.004708290100097656
verify,noirky2-limb,range/u16,10000,0,0.0045125484466552734
verify,noirky2-limb,range/u16,10000,1,0.004737138748168945
verify,noirky2-limb,range/u16,10000,2,0.004785299301147461
verify,noirky2-limb,range/u16,10000,3,0.00449061393737793
verify,noirky2-limb,range/u16,10000,4,0.004739284515380859
verify,noirky2-limb,range/u16,10000,5,0.004537343978881836
verify,noirky2-limb,range/u16,10000,6,0.004448890686035156
verify,noirky2-limb,range/u16,10000,7,0.004534482955932617
verify,noirky2-limb,range/u16,10000,8,0.0046710968017578125
verify,noirky2-limb,range/u16,10000,9,0.0046880245208740234
verify,noirky2-limb,range/u16,10000,10,0.004690885543823242
verify,noirky2-limb,range/u16,10000,11,0.004441499710083008
verify,noirky2-limb,range/u16,10000,12,0.00459742546081543
verify,noirky2-limb,range/u16,10000,13,0.004484891891479492
verify,noirky2-limb,range/u16,10000,14,0.00467991828918457
verify,noirky2-limb,range/u16,20000,0,0.004930257797241211
verify,noirky2-limb,range/u16,20000,1,0.0045392513275146484
verify,noirky2-limb,range/u16,20000,2,0.0048253536224365234
verify,noirky2-limb,range/u16,20000,3,0.004546165466308594
verify,noirky2-limb,range/u16,20000,4,0.004494190216064453
verify,noirky2-limb,range/u16,20000,5,0.004660606384277344
verify,noirky2-limb,range/u16,20000,6,0.004909515380859375
verify,noirky2-limb,range/u16,20000,7,0.004891872406005859
verify,noirky2-limb,range/u16,20000,8,0.004663228988647461
verify,noirky2-limb,range/u16,20000,9,0.004662036895751953
verify,noirky2-limb,range/u16,20000,10,0.004578590393066406
verify,noirky2-limb,range/u16,20000,11,0.0047113895416259766
verify,noirky2-limb,range/u16,20000,12,0.004548072814941406
verify,noirky2-limb,range/u16,20000,13,0.004812955856323242
verify,noirky2-limb,range/u16,20000,14,0.004727602005004883
verify,noirky2-limb-nozk,range/u16,5000,0,0.003666400909423828
verify,noirky2-limb-nozk,range/u16,5000,1,0.003627777099609375
verify,noirky2-limb-nozk,range/u16,5000,2,0.0035538673400878906
verify,noirky2-limb-nozk,range/u16,5000,3,0.0034160614013671875
verify,noirky2-limb-nozk,range/u16,5000,4,0.003459453582763672
verify,noirky2-limb-nozk,range/u16,5000,5,0.0036373138427734375
verify,noirky2-limb-nozk,range/u16,5000,6,0.00377655029296875
verify,noirky2-limb-nozk,range/u16,5000,7,0.0036771297454833984
verify,noirky2-limb-nozk,range/u16,5000,8,0.0035865306854248047
verify,noirky2-limb-nozk,range/u16,5000,9,0.0037190914154052734
verify,noirky2-limb-nozk,range/u16,5000,10,0.003520965576171875
verify,noirky2-limb-nozk,range/u16,5000,11,0.003688335418701172
verify,noirky2-limb-nozk,range/u16,5000,12,0.003551959991455078
verify,noirky2-limb-nozk,range/u16,5000,13,0.0035419464111328125
verify,noirky2-limb-nozk,range/u16,5000,14,0.0036017894744873047
verify,noirky2-limb-nozk,range/u16,10000,0,0.004098653793334961
verify,noirky2-limb-nozk,range/u16,10000,1,0.003681659698486328
verify,noirky2-limb-nozk,range/u16,10000,2,0.0035164356231689453
verify,noirky2-limb-nozk,range/u16,10000,3,0.0035016536712646484
verify,noirky2-limb-nozk,range/u16,10000,4,0.0036840438842773438
verify,noirky2-limb-nozk,range/u16,10000,5,0.003620147705078125
verify,noirky2-limb-nozk,range/u16,10000,6,0.0035386085510253906
verify,noirky2-limb-nozk,range/u16,10000,7,0.0034432411193847656
verify,noirky2-limb-nozk,range/u16,10000,8,0.0036356449127197266
verify,noirky2-limb-nozk,range/u16,10000,9,0.003523111343383789
verify,noirky2-limb-nozk,range/u16,10000,10,0.0036263465881347656
verify,noirky2-limb-nozk,range/u16,10000,11,0.0035223960876464844
verify,noirky2-limb-nozk,range/u16,10000,12,0.0035066604614257812
verify,noirky2-limb-nozk,range/u16,10000,13,0.0035858154296875
verify,noirky2-limb-nozk,range/u16,10000,14,0.003576993942260742
verify,noirky2-limb-nozk,range/u16,20000,0,0.0037817955017089844
verify,noirky2-limb-nozk,range/u16,20000,1,0.005129575729370117
verify,noirky2-limb-nozk,range/u16,20000,2,0.004682779312133789
verify,noirky2-limb-nozk,range/u16,20000,3,0.005006551742553711
verify,noirky2-limb-nozk,range/u16,20000,4,0.006118059158325195
verify,noirky2-limb-nozk,range/u16,20000,5,0.0046901702880859375
verify,noirky2-limb-nozk,range/u16,20000,6,0.003829479217529297
verify,noirky2-limb-nozk,range/u16,20000,7,0.0045719146728515625
verify,noirky2-limb-nozk,range/u16,20000,8,0.006223917007446289
verify,noirky2-limb-nozk,range/u16,20000,9,0.005194187164306641
verify,noirky2-limb-nozk,range/u16,20000,10,0.004923105239868164
verify,noirky2-limb-nozk,range/u16,20000,11,0.004656791687011719
verify,noirky2-limb-nozk,range/u16,20000,12,0.004744291305541992
verify,noirky2-limb-nozk,range/u16,20000,13,0.0061664581298828125
verify,noirky2-limb-nozk,range/u16,20000,14,0.006228923797607422
verify,noirky2-bits,range/u32,5000,0,0.007730960845947266
verify,noirky2-bits,range/u32,5000,1,0.006167173385620117
verify,noirky2-bits,range/u32,5000,2,0.005985260009765625
verify,noirky2-bits,range/u32,5000,3,0.005340576171875
verify,noirky2-bits,range/u32,5000,4,0.0052793025970458984
verify,noirky2-bits,range/u32,5000,5,0.004844188690185547
verify,noirky2-bits,range/u32,5000,6,0.004828929901123047
verify,noirky2-bits,range/u32,5000,7,0.004567861557006836
verify,noirky2-bits,range/u32,5000,8,0.004448413848876953
verify,noirky2-bits,range/u32,5000,9,0.00469517707824707
verify,noirky2-bits,range/u32,5000,10,0.004305124282836914
verify,noirky2-bits,range/u32,5000,11,0.004626274108886719
verify,noirky2-bits,range/u32,5000,12,0.004305124282836914
verify,noirky2-bits,range/u32,5000,13,0.004436016082763672
verify,noirky2-bits,range/u32,5000,14,0.0042765140533447266
verify,noirky2-bits,range/u32,10000,0,0.004628181457519531
verify,noirky2-bits,range/u32,10000,1,0.005040407180786133
verify,noirky2-bits,range/u32,10000,2,0.005396604537963867
verify,noirky2-bits,range/u32,10000,3,0.005631208419799805
verify,noirky2-bits,range/u32,10000,4,0.005290031433105469
verify,noirky2-bits,range/u32,10000,5,0.005881786346435547
verify,noirky2-bits,range/u32,10000,6,0.004396677017211914
verify,noirky2-bits,range/u32,10000,7,0.004499673843383789
verify,noirky2-bits,range/u32,10000,8,0.004786014556884766
verify,noirky2-bits,range/u32,10000,9,0.004846334457397461
verify,noirky2-bits,range/u32,10000,10,0.0045430660247802734
verify,noirky2-bits,range/u32,10000,11,0.004614353179931641
verify,noirky2-bits,range/u32,10000,12,0.004540205001831055
verify,noirky2-bits,range/u32,10000,13,0.004622459411621094
verify,noirky2-bits,range/u32,10000,14,0.004774570465087891
verify,noirky2-bits,range/u32,20000,0,0.0046558380126953125
verify,noirky2-bits,range/u32,20000,1,0.004499912261962891
verify,noirky2-bits,range/u32,20000,2,0.0047376155853271484
verify,noirky2-bits,range/u32,20000,3,0.004591226577758789
verify,noirky2-bits,range/u32,20000,4,0.004690647125244141
verify,noirky2-bits,range/u32,20000,5,0.004642486572265625
verify,noirky2-bits,range/u32,20000,6,0.004861593246459961
verify,noirky2-bits,range/u32,20000,7,0.0048749446868896484
verify,noirky2-bits,range/u32,20000,8,0.004548788070678711
verify,noirky2-bits,range/u32,20000,9,0.004750251770019531
verify,noirky2-bits,range/u32,20000,10,0.00474095344543457
verify,noirky2-bits,range/u32,20000,11,0.004596233367919922
verify,noirky2-bits,range/u32,20000,12,0.004835605621337891
verify,noirky2-bits,range/u32,20000,13,0.004614353179931641
verify,noirky2-bits,range/u32,20000,14,0.004714488983154297
verify,noirky2-bits-nozk,range/u32,5000,0,0.004005908966064453
verify,noirky2-bits-nozk,range/u32,5000,1,0.0037279129028320312
verify,noirky2-bits-nozk,range/u32,5000,2,0.003983020782470703
verify,noirky2-bits-nozk,range/u32,5000,3,0.003893136978149414
verify,noirky2-bits-nozk,range/u32,5000,4,0.0041429996490478516
verify,noirky2-bits-nozk,range/u32,5000,5,0.0039517879486083984
verify,noirky2-bits-nozk,range/u32,5000,6,0.004357337951660156
verify,noirky2-bits-nozk,range/u32,5000,7,0.005015850067138672
verify,noirky2-bits-nozk,range/u32,5000,8,0.0038535594940185547
verify,noirky2-bits-nozk,range/u32,5000,9,0.0040552616119384766
verify,noirky2-bits-nozk,range/u32,5000,10,0.003863096237182617
verify,noirky2-bits-nozk,range/u32,5000,11,0.004141807556152344
verify,noirky2-bits-nozk,range/u32,5000,12,0.004334926605224609
verify,noirky2-bits-nozk,range/u32,5000,13,0.003923654556274414
verify,noirky2-bits-nozk,range/u32,5000,14,0.004508018493652344
verify,noirky2-bits-nozk,range/u32,10000,0,0.0061914920806884766
verify,noirky2-bits-nozk,range/u32,10000,1,0.004958391189575195
verify,noirky2-bits-nozk,range/u32,10000,2,0.005807399749755859
verify,noirky2-bits-nozk,range/u32,10000,3,0.004515171051025391
verify,noirky2-bits-nozk,range/u32,10000,4,0.004441499710083008
verify,noirky2-bits-nozk,range/u32,10000,5,0.004235982894897461
verify,noirky2-bits-nozk,range/u32,10000,6,0.004158496856689453
verify,noirky2-bits-nozk,range/u32,10000,7,0.0044231414794921875
verify,noirky2-bits-nozk,range/u32,10000,8,0.0044133663177490234
verify,noirky2-bits-nozk,range/u32,10000,9,0.004407405853271484
verify,noirky2-bits-nozk,range/u32,10000,10,0.004380702972412109
verify,noirky2-bits-nozk,range/u32,10000,11,0.004380226135253906
verify,noirky2-bits-nozk,range/u32,10000,12,0.00424504280090332
verify,noirky2-bits-nozk,range/u32,10000,13,0.0043146610260009766
verify,noirky2-bits-nozk,range/u32,10000,14,0.0043773651123046875
verify,noirky2-bits-nozk,range/u32,20000,0,0.00487208366394043
verify,noirky2-bits-nozk,range/u32,20000,1,0.004684925079345703
verify,noirky2-bits-nozk,range/u32,20000,2,0.004979848861694336
verify,noirky2-bits-nozk,range/u32,20000,3,0.004523277282714844
verify,noirky2-bits-nozk,range/u32,20000,4,0.0050907135009765625
verify,noirky2-bits-nozk,range/u32,20000,5,0.004504680633544922
verify,noirky2-bits-nozk,range/u32,20000,6,0.004749298095703125
verify,noirky2-bits-nozk,range/u32,20000,7,0.0042917728424072266
verify,noirky2-bits-nozk,range/u32,20000,8,0.004580497741699219
verify,noirky2-bits-nozk,range/u32,20000,9,0.004774570465087891
verify,noirky2-bits-nozk,range/u32,20000,10,0.0046002864837646484
verify,noirky2-bits-nozk,range/u32,20000,11,0.004542350769042969
verify,noirky2-bits-nozk,range/u32,20000,12,0.004549503326416016
verify,noirky2-bits-nozk,range/u32,20000,13,0.0045642852783203125
verify,noirky2-bits-nozk,range/u32,20000,14,0.004446268081665039
verify,bb,range/u32,5000,0,0.024750232696533203
verify,bb,range/u32,5000,1,0.025476932525634766
verify,bb,range/u32,5000,2,0.02550220489501953
verify,bb,range/u32,5000,3,0.025295019149780273
verify,bb,range/u32,5000,4,0.025339603424072266
verify,bb,range/u32,5000,5,0.02538299560546875
verify,bb,range/u32,5000,6,0.025344371795654297
verify,bb,range/u32,5000,7,0.025525331497192383
verify,bb,range/u32,5000,8,0.025049686431884766
verify,bb,range/u32,5000,9,0.025177717208862305
verify,bb,range/u32,5000,10,0.02540874481201172
verify,bb,range/u32,5000,11,0.024968862533569336
verify,bb,range/u32,5000,12,0.025279760360717773
verify,bb,range/u32,5000,13,0.025190353393554688
verify,bb,range/u32,5000,14,0.02533721923828125
verify,bb,range/u32,10000,0,0.024932384490966797
verify,bb,range/u32,10000,1,0.02501821517944336
verify,bb,range/u32,10000,2,0.02544569969177246
verify,bb,range/u32,10000,3,0.02528238296508789
verify,bb,range/u32,10000,4,0.02544260025024414
verify,bb,range/u32,10000,5,0.025012493133544922
verify,bb,range/u32,10000,6,0.025432825088500977
verify,bb,range/u32,10000,7,0.025081396102905273
verify,bb,range/u32,10000,8,0.02553391456604004
verify,bb,range/u32,10000,9,0.025954246520996094
verify,bb,range/u32,10000,10,0.025414705276489258
verify,bb,range/u32,10000,11,0.026033878326416016
verify,bb,range/u32,10000,12,0.025425195693969727
verify,bb,range/u32,10000,13,0.02544689178466797
verify,bb,range/u32,10000,14,0.025413036346435547
verify,bb,range/u32,20000,0,0.025452136993408203
verify,bb,range/u32,20000,1,0.025493860244750977
verify,bb,range/u32,20000,2,0.025042295455932617
verify,bb,range/u32,20000,3,0.025173187255859375
verify,bb,range/u32,20000,4,0.02563929557800293
verify,bb,range/u32,20000,5,0.025422096252441406
verify,bb,range/u32,20000,6,0.02532339096069336
verify,bb,range/u32,20000,7,0.025362014770507812
verify,bb,range/u32,20000,8,0.025515079498291016
verify,bb,range/u32,20000,9,0.025524139404296875
verify,bb,range/u32,20000,10,0.025783538818359375
verify,bb,range/u32,20000,11,0.0255277156829834
verify,bb,range/u32,20000,12,0.025571584701538086
verify,bb,range/u32,20000,13,0.025244951248168945
verify,bb,range/u32,20000,14,0.02586960792541504
verify,noirky2-limb,range/u32,5000,0,0.004878520965576172
verify,noirky2-limb,range/u32,5000,1,0.00489354133605957
verify,noirky2-limb,range/u32,5000,2,0.005014181137084961
verify,noirky2-limb,range/u32,5000,3,0.004725456237792969
verify,noirky2-limb,range/u32,5000,4,0.004777431488037109
verify,noirky2-limb,range/u32,5000,5,0.004677534103393555
verify,noirky2-limb,range/u32,5000,6,0.0047342777252197266
verify,noirky2-limb,range/u32,5000,7,0.0047168731689453125
verify,noirky2-limb,range/u32,5000,8,0.004682302474975586
verify,noirky2-limb,range/u32,5000,9,0.0044596195220947266
verify,noirky2-limb,range/u32,5000,10,0.004785299301147461
verify,noirky2-limb,range/u32,5000,11,0.004503965377807617
verify,noirky2-limb,range/u32,5000,12,0.004428386688232422
verify,noirky2-limb,range/u32,5000,13,0.004670619964599609
verify,noirky2-limb,range/u32,5000,14,0.0047130584716796875
verify,noirky2-limb,range/u32,10000,0,0.004643440246582031
verify,noirky2-limb,range/u32,10000,1,0.004761457443237305
verify,noirky2-limb,range/u32,10000,2,0.0049893856048583984
verify,noirky2-limb,range/u32,10000,3,0.0047512054443359375
verify,noirky2-limb,range/u32,10000,4,0.0048389434814453125
verify,noirky2-limb,range/u32,10000,5,0.004936695098876953
verify,noirky2-limb,range/u32,10000,6,0.0049092769622802734
verify,noirky2-limb,range/u32,10000,7,0.004814624786376953
verify,noirky2-limb,range/u32,10000,8,0.004675865173339844
verify,noirky2-limb,range/u32,10000,9,0.005277156829833984
verify,noirky2-limb,range/u32,10000,10,0.0045795440673828125
verify,noirky2-limb,range/u32,10000,11,0.005145072937011719
verify,noirky2-limb,range/u32,10000,12,0.0046844482421875
verify,noirky2-limb,range/u32,10000,13,0.00481104850769043
verify,noirky2-limb,range/u32,10000,14,0.004494190216064453
verify,noirky2-limb,range/u32,20000,0,0.004752397537231445
verify,noirky2-limb,range/u32,20000,1,0.004596233367919922
verify,noirky2-limb,range/u32,20000,2,0.005005836486816406
verify,noirky2-limb,range/u32,20000,3,0.0046977996826171875
verify,noirky2-limb,range/u32,20000,4,0.004699230194091797
verify,noirky2-limb,range/u32,20000,5,0.004762887954711914
verify,noirky2-limb,range/u32,20000,6,0.0046083927154541016
verify,noirky2-limb,range/u32,20000,7,0.004663705825805664
verify,noirky2-limb,range/u32,20000,8,0.004834890365600586
verify,noirky2-limb,range/u32,20000,9,0.0052182674407958984
verify,noirky2-limb,range/u32,20000,10,0.004889249801635742
verify,noirky2-limb,range/u32,20000,11,0.006388664245605469
verify,noirky2-limb,range/u32,20000,12,0.006516218185424805
verify,noirky2-limb,range/u32,20000,13,0.006306648254394531
verify,noirky2-limb,range/u32,20000,14,0.00568699836730957
verify,noirky2-limb-nozk,range/u32,5000,0,0.005723476409912109
verify,noirky2-limb-nozk,range/u32,5000,1,0.004091501235961914
verify,noirky2-limb-nozk,range/u32,5000,2,0.003836393356323242
verify,noirky2-limb-nozk,range/u32,5000,3,0.003922462463378906
verify,noirky2-limb-nozk,range/u32,5000,4,0.0035321712493896484
verify,noirky2-limb-nozk,range/u32,5000,5,0.0035543441772460938
verify,noirky2-limb-nozk,range/u32,5000,6,0.003735780715942383
verify,noirky2-limb-nozk,range/u32,5000,7,0.003782510757446289
verify,noirky2-limb-nozk,range/u32,5000,8,0.0038139820098876953
verify,noirky2-limb-nozk,range/u32,5000,9,0.0037436485290527344
verify,noirky2-limb-nozk,range/u32,5000,10,0.003801107406616211
verify,noirky2-limb-nozk,range/u32,5000,11,0.003456592559814453
verify,noirky2-limb-nozk,range/u32,5000,12,0.0036449432373046875
verify,noirky2-limb-nozk,range/u32,5000,13,0.0036547183990478516
verify,noirky2-limb-nozk,range/u32,5000,14,0.0038733482360839844
verify,noirky2-limb-nozk,range/u32,10000,0,0.0040514469146728516
verify,noirky2-limb-nozk,range/u32,10000,1,0.003988027572631836
verify,noirky2-limb-nozk,range/u32,10000,2,0.003787994384765625
verify,noirky2-limb-nozk,range/u32,10000,3,0.003962516784667969
verify,noirky2-limb-nozk,range/u32,10000,4,0.003748178482055664
verify,noirky2-limb-nozk,range/u32,10000,5,0.003805875778198242
verify,noirky2-limb-nozk,range/u32,10000,6,0.0037660598754882812
verify,noirky2-limb-nozk,range/u32,10000,7,0.003772258758544922
verify,noirky2-limb-nozk,range/u32,10000,8,0.004210710525512695
verify,noirky2-limb-nozk,range/u32,10000,9,0.004064083099365234
verify,noirky2-limb-nozk,range/u32,10000,10,0.0038878917694091797
verify,noirky2-limb-nozk,range/u32,10000,11,0.0036864280700683594
verify,noirky2-limb-nozk,range/u32,10000,12,0.003958940505981445
verify,noirky2-limb-nozk,range/u32,10000,13,0.004073143005371094
verify,noirky2-limb-nozk,range/u32,10000,14,0.003834962844848633
verify,noirky2-limb-nozk,range/u32,20000,0,0.00414729118347168
verify,noirky2-limb-nozk,range/u32,20000,1,0.004240274429321289
verify,noirky2-limb-nozk,range/u32,20000,2,0.005471467971801758
verify,noirky2-limb-nozk,range/u32,20000,3,0.005469083786010742
verify,noirky2-limb-nozk,range/u32,20000,4,0.004960298538208008
verify,noirky2-limb-nozk,range/u32,20000,5,0.005068063735961914
verify,noirky2-limb-nozk,range/u32,20000,6,0.007167816162109375
verify,noirky2-limb-nozk,range/u32,20000,7,0.009041309356689453
verify,noirky2-limb-nozk,range/u32,20000,8,0.008071660995483398
verify,noirky2-limb-nozk,range/u32,20000,9,0.007576942443847656
verify,noirky2-limb-nozk,range/u32,20000,10,0.006701946258544922
verify,noirky2-limb-nozk,range/u32,20000,11,0.006127834320068359
verify,noirky2-limb-nozk,range/u32,20000,12,0.005820751190185547
verify,noirky2-limb-nozk,range/u32,20000,13,0.0050868988037109375
verify,noirky2-limb-nozk,range/u32,20000,14,0.004629373550415039
verify,noirky2-bits,xor/u8,5000,0,0.005182981491088867
verify,noirky2-bits,xor/u8,5000,1,0.005040407180786133
verify,noirky2-bits,xor/u8,5000,2,0.00494074821472168
verify,noirky2-bits,xor/u8,5000,3,0.004849433898925781
verify,noirky2-bits,xor/u8,5000,4,0.004866361618041992
verify,noirky2-bits,xor/u8,5000,5,0.004882335662841797
verify,noirky2-bits,xor/u8,5000,6,0.0049479007720947266
verify,noirky2-bits,xor/u8,5000,7,0.004715681076049805
verify,noirky2-bits,xor/u8,5000,8,0.004859447479248047
verify,noirky2-bits,xor/u8,5000,9,0.00500798225402832
verify,noirky2-bits,xor/u8,5000,10,0.005346059799194336
verify,noirky2-bits,xor/u8,5000,11,0.0062410831451416016
verify,noirky2-bits,xor/u8,5000,12,0.0052831172943115234
verify,noirky2-bits,xor/u8,5000,13,0.0061359405517578125
verify,noirky2-bits,xor/u8,5000,14,0.004925251007080078
verify,noirky2-bits,xor/u8,10000,0,0.0061779022216796875
verify,noirky2-bits,xor/u8,10000,1,0.004916667938232422
verify,noirky2-bits,xor/u8,10000,2,0.0054743289947509766
verify,noirky2-bits,xor/u8,10000,3,0.004805088043212891
verify,noirky2-bits,xor/u8,10000,4,0.005128383636474609
verify,noirky2-bits,xor/u8,10000,5,0.005036592483520508
verify,noirky2-bits,xor/u8,10000,6,0.005044698715209961
verify,noirky2-bits,xor/u8,10000,7,0.004928112030029297
verify,noirky2-bits,xor/u8,10000,8,0.0049321651458740234
verify,noirky2-bits,xor/u8,10000,9,0.004564046859741211
verify,noirky2-bits,xor/u8,10000,10,0.004711151123046875
verify,noirky2-bits,xor/u8,10000,11,0.004792928695678711
verify,noirky2-bits,xor/u8,10000,12,0.005127906799316406
verify,noirky2-bits,xor/u8,10000,13,0.004629373550415039
verify,noirky2-bits,xor/u8,10000,14,0.004843473434448242
verify,noirky2-bits,xor/u8,20000,0,0.004759788513183594
verify,noirky2-bits,xor/u8,20000,1,0.005321502685546875
verify,noirky2-bits,xor/u8,20000,2,0.0050351619720458984
verify,noirky2-bits,xor/u8,20000,3,0.005156517028808594
verify,noirky2-bits,xor/u8,20000,4,0.004877805709838867
verify,noirky2-bits,xor/u8,20000,5,0.004775285720825195
verify,noirky2-bits,xor/u8,20000,6,0.0050737857818603516
verify,noirky2-bits,xor/u8,20000,7,0.004988431930541992
verify,noirky2-bits,xor/u8,20000,8,0.005402803421020508
verify,noirky2-bits,xor/u8,20000,9,0.005125284194946289
verify,noirky2-bits,xor/u8,20000,10,0.005319833755493164
verify,noirky2-bits,xor/u8,20000,11,0.0057373046875
verify,noirky2-bits,xor/u8,20000,12,0.0067522525787353516
verify,noirky2-bits,xor/u8,20000,13,0.00521087646484375
verify,noirky2-bits,xor/u8,20000,14,0.0062901973724365234
verify,noirky2-bits-nozk,xor/u8,5000,0,0.006909847259521484
verify,noirky2-bits-nozk,xor/u8,5000,1,0.0052683353424072266
verify,noirky2-bits-nozk,xor/u8,5000,2,0.007495403289794922
verify,noirky2-bits-nozk,xor/u8,5000,3,0.007157802581787109
verify,noirky2-bits-nozk,xor/u8,5000,4,0.0051763057708740234
verify,noirky2-bits-nozk,xor/u8,5000,5,0.0059566497802734375
verify,noirky2-bits-nozk,xor/u8,5000,6,0.004741191864013672
verify,noirky2-bits-nozk,xor/u8,5000,7,0.005522012710571289
verify,noirky2-bits-nozk,xor/u8,5000,8,0.004538536071777344
verify,noirky2-bits-nozk,xor/u8,5000,9,0.004573822021484375
verify,noirky2-bits-nozk,xor/u8,5000,10,0.00493931770324707
verify,noirky2-bits-nozk,xor/u8,5000,11,0.004685401916503906
verify,noirky2-bits-nozk,xor/u8,5000,12,0.004654407501220703
verify,noirky2-bits-nozk,xor/u8,5000,13,0.004759550094604492
verify,noirky2-bits-nozk,xor/u8,5000,14,0.004868030548095703
verify,noirky2-bits-nozk,xor/u8,10000,0,0.004811286926269531
verify,noirky2-bits-nozk,xor/u8,10000,1,0.005004405975341797
verify,noirky2-bits-nozk,xor/u8,10000,2,0.004590511322021484
verify,noirky2-bits-nozk,xor/u8,10000,3,0.004793882369995117
verify,noirky2-bits-nozk,xor/u8,10000,4,0.004618644714355469
verify,noirky2-bits-nozk,xor/u8,10000,5,0.0047724246978759766
verify,noirky2-bits-nozk,xor/u8,10000,6,0.005216121673583984
verify,noirky2-bits-nozk,xor/u8,10000,7,0.006918191909790039
verify,noirky2-bits-nozk,xor/u8,10000,8,0.005151271820068359
verify,noirky2-bits-nozk,xor/u8,10000,9,0.004433393478393555
verify,noirky2-bits-nozk,xor/u8,10000,10,0.005735158920288086
verify,noirky2-bits-nozk,xor/u8,10000,11,0.007662296295166016
verify,noirky2-bits-nozk,xor/u8,10000,12,0.006253480911254883
verify,noirky2-bits-nozk,xor/u8,10000,13,0.006425619125366211
verify,noirky2-bits-nozk,xor/u8,10000,14,0.0053708553314208984
verify,noirky2-bits-nozk,xor/u8,20000,0,0.005922079086303711
verify,noirky2-bits-nozk,xor/u8,20000,1,0.005469083786010742
verify,noirky2-bits-nozk,xor/u8,20000,2,0.005514860153198242
verify,noirky2-bits-nozk,xor/u8,20000,3,0.005306720733642578
verify,noirky2-bits-nozk,xor/u8,20000,4,0.006906270980834961
verify,noirky2-bits-nozk,xor/u8,20000,5,0.0054361820220947266
verify,noirky2-bits-nozk,xor/u8,20000,6,0.0050013065338134766
verify,noirky2-bits-nozk,xor/u8,20000,7,0.0059051513671875
verify,noirky2-bits-nozk,xor/u8,20000,8,0.007040500640869141
verify,noirky2-bits-nozk,xor/u8,20000,9,0.0054168701171875
verify,noirky2-bits-nozk,xor/u8,20000,10,0.006080150604248047
verify,noirky2-bits-nozk,xor/u8,20000,11,0.005045890808105469
verify,noirky2-bits-nozk,xor/u8,20000,12,0.0065381526947021484
verify,noirky2-bits-nozk,xor/u8,20000,13,0.007418632507324219
verify,noirky2-bits-nozk,xor/u8,20000,14,0.005419731140136719
verify,bb,xor/u8,5000,0,0.025860309600830078
verify,bb,xor/u8,5000,1,0.0247495174407959
verify,bb,xor/u8,5000,2,0.024968385696411133
verify,bb,xor/u8,5000,3,0.024816513061523438
verify,bb,xor/u8,5000,4,0.02494525909423828
verify,bb,xor/u8,5000,5,0.024838924407958984
verify,bb,xor/u8,5000,6,0.025256633758544922
verify,bb,xor/u8,5000,7,0.025120973587036133
verify,bb,xor/u8,5000,8,0.02451038360595703
verify,bb,xor/u8,5000,9,0.025194883346557617
verify,bb,xor/u8,5000,10,0.025049209594726562
verify,bb,xor/u8,5000,11,0.025194406509399414
verify,bb,xor/u8,5000,12,0.025064945220947266
verify,bb,xor/u8,5000,13,0.025207042694091797
verify,bb,xor/u8,5000,14,0.025223493576049805
verify,bb,xor/u8,10000,0,0.025535106658935547
verify,bb,xor/u8,10000,1,0.025626420974731445
verify,bb,xor/u8,10000,2,0.025316476821899414
verify,bb,xor/u8,10000,3,0.025249958038330078
verify,bb,xor/u8,10000,4,0.025150775909423828
verify,bb,xor/u8,10000,5,0.02542853355407715
verify,bb,xor/u8,10000,6,0.025217294692993164
verify,bb,xor/u8,10000,7,0.025244951248168945
verify,bb,xor/u8,10000,8,0.025093793869018555
verify,bb,xor/u8,10000,9,0.025183916091918945
verify,bb,xor/u8,10000,10,0.025455474853515625
verify,bb,xor/u8,10000,11,0.025777816772460938
verify,bb,xor/u8,10000,12,0.02549290657043457
verify,bb,xor/u8,10000,13,0.024660825729370117
verify,bb,xor/u8,10000,14,0.025232315063476562
verify,bb,xor/u8,20000,0,0.025519847869873047
verify,bb,xor/u8,20000,1,0.025006771087646484
verify,bb,xor/u8,20000,2,0.02530646324157715
verify,bb,xor/u8,20000,3,0.02511119842529297
verify,bb,xor/u8,20000,4,0.024970054626464844
verify,bb,xor/u8,20000,5,0.02465963363647461
verify,bb,xor/u8,20000,6,0.025780677795410156
verify,bb,xor/u8,20000,7,0.024829387664794922
verify,bb,xor/u8,20000,8,0.025382280349731445
verify,bb,xor/u8,20000,9,0.024877548217773438
verify,bb,xor/u8,20000,10,0.025153398513793945
verify,bb,xor/u8,20000,11,0.024889230728149414
verify,bb,xor/u8,20000,12,0.0250546932220459
verify,bb,xor/u8,20000,13,0.025116443634033203
verify,bb,xor/u8,20000,14,0.025217771530151367
verify,noirky2-limb,xor/u8,5000,0,0.00617527961730957
verify,noirky2-limb,xor/u8,5000,1,0.0062143802642822266
verify,noirky2-limb,xor/u8,5000,2,0.005917072296142578
verify,noirky2-limb,xor/u8,5000,3,0.005854129791259766
verify,noirky2-limb,xor/u8,5000,4,0.006105661392211914
verify,noirky2-limb,xor/u8,5000,5,0.006167888641357422
verify,noirky2-limb,xor/u8,5000,6,0.006058454513549805
verify,noirky2-limb,xor/u8,5000,7,0.006130695343017578
verify,noirky2-limb,xor/u8,5000,8,0.0057561397552490234
verify,noirky2-limb,xor/u8,5000,9,0.0057523250579833984
verify,noirky2-limb,xor/u8,5000,10,0.005940914154052734
verify,noirky2-limb,xor/u8,5000,11,0.00606083869934082
verify,noirky2-limb,xor/u8,5000,12,0.005738735198974609
verify,noirky2-limb,xor/u8,5000,13,0.005729198455810547
verify,noirky2-limb,xor/u8,5000,14,0.0056378841400146484
verify,noirky2-limb,xor/u8,10000,0,0.006090879440307617
verify,noirky2-limb,xor/u8,10000,1,0.005787849426269531
verify,noirky2-limb,xor/u8,10000,2,0.006032705307006836
verify,noirky2-limb,xor/u8,10000,3,0.00556635856628418
verify,noirky2-limb,xor/u8,10000,4,0.005965471267700195
verify,noirky2-limb,xor/u8,10000,5,0.006077766418457031
verify,noirky2-limb,xor/u8,10000,6,0.006060600280761719
verify,noirky2-limb,xor/u8,10000,7,0.005758047103881836
verify,noirky2-limb,xor/u8,10000,8,0.005581855773925781
verify,noirky2-limb,xor/u8,10000,9,0.005633354187011719
verify,noirky2-limb,xor/u8,10000,10,0.005765676498413086
verify,noirky2-limb,xor/u8,10000,11,0.0059549808502197266
verify,noirky2-limb,xor/u8,10000,12,0.006171703338623047
verify,noirky2-limb,xor/u8,10000,13,0.005816221237182617
verify,noirky2-limb,xor/u8,10000,14,0.00574493408203125
verify,noirky2-limb,xor/u8,20000,0,0.0061492919921875
verify,noirky2-limb,xor/u8,20000,1,0.005921602249145508
verify,noirky2-limb,xor/u8,20000,2,0.005810260772705078
verify,noirky2-limb,xor/u8,20000,3,0.005877256393432617
verify,noirky2-limb,xor/u8,20000,4,0.005689859390258789
verify,noirky2-limb,xor/u8,20000,5,0.005704641342163086
verify,noirky2-limb,xor/u8,20000,6,0.005901813507080078
verify,noirky2-limb,xor/u8,20000,7,0.0058307647705078125
verify,noirky2-limb,xor/u8,20000,8,0.0061228275299072266
verify,noirky2-limb,xor/u8,20000,9,0.00583338737487793
verify,noirky2-limb,xor/u8,20000,10,0.005861759185791016
verify,noirky2-limb,xor/u8,20000,11,0.006055116653442383
verify,noirky2-limb,xor/u8,20000,12,0.00575566291809082
verify,noirky2-limb,xor/u8,20000,13,0.005627632141113281
verify,noirky2-limb,xor/u8,20000,14,0.006120920181274414
verify,noirky2-limb-nozk,xor/u8,5000,0,0.007260560989379883
verify,noirky2-limb-nozk,xor/u8,5000,1,0.0058214664459228516
verify,noirky2-limb-nozk,xor/u8,5000,2,0.0064814090728759766
verify,noirky2-limb-nozk,xor/u8,5000,3,0.005065202713012695
verify,noirky2-limb-nozk,xor/u8,5000,4,0.0047643184661865234
verify,noirky2-limb-nozk,xor/u8,5000,5,0.005120038986206055
verify,noirky2-limb-nozk,xor/u8,5000,6,0.004808664321899414
verify,noirky2-limb-nozk,xor/u8,5000,7,0.0050811767578125
verify,noirky2-limb-nozk,xor/u8,5000,8,0.004925727844238281
verify,noirky2-limb-nozk,xor/u8,5000,9,0.004888772964477539
verify,noirky2-limb-nozk,xor/u8,5000,10,0.0051844120025634766
verify,noirky2-limb-nozk,xor/u8,5000,11,0.004860401153564453
verify,noirky2-limb-nozk,xor/u8,5000,12,0.0051381587982177734
verify,noirky2-limb-nozk,xor/u8,5000,13,0.004944562911987305
verify,noirky2-limb-nozk,xor/u8,5000,14,0.0051686763763427734
verify,noirky2-limb-nozk,xor/u8,10000,0,0.005051136016845703
verify,noirky2-limb-nozk,xor/u8,10000,1,0.00574040412902832
verify,noirky2-limb-nozk,xor/u8,10000,2,0.005181789398193359
verify,noirky2-limb-nozk,xor/u8,10000,3,0.005297422409057617
verify,noirky2-limb-nozk,xor/u8,10000,4,0.005086660385131836
verify,noirky2-limb-nozk,xor/u8,10000,5,0.0051538944244384766
verify,noirky2-limb-nozk,xor/u8,10000,6,0.00514674186706543
verify,noirky2-limb-nozk,xor/u8,10000,7,0.00572514533996582
verify,noirky2-limb-nozk,xor/u8,10000,8,0.005194664001464844
verify,noirky2-limb-nozk,xor/u8,10000,9,0.005718708038330078
verify,noirky2-limb-nozk,xor/u8,10000,10,0.005185365676879883
verify,noirky2-limb-nozk,xor/u8,10000,11,0.005388021469116211
verify,noirky2-limb-nozk,xor/u8,10000,12,0.005007743835449219
verify,noirky2-limb-nozk,xor/u8,10000,13,0.005116462707519531
verify,noirky2-limb-nozk,xor/u8,10000,14,0.005110263824462891
verify,noirky2-limb-nozk,xor/u8,20000,0,0.005299806594848633
verify,noirky2-limb-nozk,xor/u8,20000,1,0.0064907073974609375
verify,noirky2-limb-nozk,xor/u8,20000,2,0.005779266357421875
verify,noirky2-limb-nozk,xor/u8,20000,3,0.006777524948120117
verify,noirky2-limb-nozk,xor/u8,20000,4,0.005401134490966797
verify,noirky2-limb-nozk,xor/u8,20000,5,0.0064239501953125
verify,noirky2-limb-nozk,xor/u8,20000,6,0.005222797393798828
verify,noirky2-limb-nozk,xor/u8,20000,7,0.005992889404296875
verify,noirky2-limb-nozk,xor/u8,20000,8,0.004854440689086914
verify,noirky2-limb-nozk,xor/u8,20000,9,0.005156040191650391
verify,noirky2-limb-nozk,xor/u8,20000,10,0.004879951477050781
verify,noirky2-limb-nozk,xor/u8,20000,11,0.004906654357910156
verify,noirky2-limb-nozk,xor/u8,20000,12,0.0051229000091552734
verify,noirky2-limb-nozk,xor/u8,20000,13,0.0052492618560791016
verify,noirky2-limb-nozk,xor/u8,20000,14,0.004838705062866211
verify,noirky2-bits,xor/u16,5000,0,0.005257606506347656
verify,noirky2-bits,xor/u16,5000,1,0.004856586456298828
verify,noirky2-bits,xor/u16,5000,2,0.0050811767578125
verify,noirky2-bits,xor/u16,5000,3,0.004963874816894531
verify,noirky2-bits,xor/u16,5000,4,0.005007505416870117
verify,noirky2-bits,xor/u16,5000,5,0.005442142486572266
verify,noirky2-bits,xor/u16,5000,6,0.00559687614440918
verify,noirky2-bits,xor/u16,5000,7,0.007458686828613281
verify,noirky2-bits,xor/u16,5000,8,0.006093740463256836
verify,noirky2-bits,xor/u16,5000,9,0.006803274154663086
verify,noirky2-bits,xor/u16,5000,10,0.004727602005004883
verify,noirky2-bits,xor/u16,5000,11,0.005277872085571289
verify,noirky2-bits,xor/u16,5000,12,0.005051136016845703
verify,noirky2-bits,xor/u16,5000,13,0.004896640777587891
verify,noirky2-bits,xor/u16,5000,14,0.005182504653930664
verify,noirky2-bits,xor/u16,10000,0,0.004784345626831055
verify,noirky2-bits,xor/u16,10000,1,0.00489497184753418
verify,noirky2-bits,xor/u16,10000,2,0.004907846450805664
verify,noirky2-bits,xor/u16,10000,3,0.004857778549194336
verify,noirky2-bits,xor/u16,10000,4,0.004944324493408203
verify,noirky2-bits,xor/u16,10000,5,0.005322456359863281
verify,noirky2-bits,xor/u16,10000,6,0.0051767826080322266
verify,noirky2-bits,xor/u16,10000,7,0.005693197250366211
verify,noirky2-bits,xor/u16,10000,8,0.005120754241943359
verify,noirky2-bits,xor/u16,10000,9,0.005597829818725586
verify,noirky2-bits,xor/u16,10000,10,0.00522303581237793
verify,noirky2-bits,xor/u16,10000,11,0.005209445953369141
verify,noirky2-bits,xor/u16,10000,12,0.0051860809326171875
verify,noirky2-bits,xor/u16,10000,13,0.004846334457397461
verify,noirky2-bits,xor/u16,10000,14,0.0052814483642578125
verify,noirky2-bits,xor/u16,20000,0,0.0056231021881103516
verify,noirky2-bits,xor/u16,20000,1,0.005800962448120117
verify,noirky2-bits,xor/u16,20000,2,0.0058002471923828125
verify,noirky2-bits,xor/u16,20000,3,0.0055844783782958984
verify,noirky2-bits,xor/u16,20000,4,0.005584001541137695
verify,noirky2-bits,xor/u16,20000,5,0.0053577423095703125
verify,noirky2-bits,xor/u16,20000,6,0.005405902862548828
verify,noirky2-bits,xor/u16,20000,7,0.0056307315826416016
verify,noirky2-bits,xor/u16,20000,8,0.005408048629760742
verify,noirky2-bits,xor/u16,20000,9,0.005751609802246094
verify,noirky2-bits,xor/u16,20000,10,0.005407571792602539
verify,noirky2-bits,xor/u16,20000,11,0.005689859390258789
verify,noirky2-bits,xor/u16,20000,12,0.005898237228393555
verify,noirky2-bits,xor/u16,20000,13,0.005461931228637695
verify,noirky2-bits,xor/u16,20000,14,0.0058209896087646484
verify,noirky2-bits-nozk,xor/u16,5000,0,0.004792690277099609
verify,noirky2-bits-nozk,xor/u16,5000,1,0.0047817230224609375
verify,noirky2-bits-nozk,xor/u16,5000,2,0.004924297332763672
verify,noirky2-bits-nozk,xor/u16,5000,3,0.004850149154663086
verify,noirky2-bits-nozk,xor/u16,5000,4,0.006185770034790039
verify,noirky2-bits-nozk,xor/u16,5000,5,0.006760835647583008
verify,noirky2-bits-nozk,xor/u16,5000,6,0.005336284637451172
verify,noirky2-bits-nozk,xor/u16,5000,7,0.006272077560424805
verify,noirky2-bits-nozk,xor/u16,5000,8,0.005276918411254883
verify,noirky2-bits-nozk,xor/u16,5000,9,0.007550954818725586
verify,noirky2-bits-nozk,xor/u16,5000,10,0.007271766662597656
verify,noirky2-bits-nozk,xor/u16,5000,11,0.007349252700805664
verify,noirky2-bits-nozk,xor/u16,5000,12,0.0050868988037109375
verify,noirky2-bits-nozk,xor/u16,5000,13,0.004997968673706055
verify,noirky2-bits-nozk,xor/u16,5000,14,0.0049860477447509766
verify,noirky2-bits-nozk,xor/u16,10000,0,0.005090236663818359
verify,noirky2-bits-nozk,xor/u16,10000,1,0.00535273551940918
verify,noirky2-bits-nozk,xor/u16,10000,2,0.004998683929443359
verify,noirky2-bits-nozk,xor/u16,10000,3,0.005288362503051758
verify,noirky2-bits-nozk,xor/u16,10000,4,0.005123138427734375
verify,noirky2-bits-nozk,xor/u16,10000,5,0.004974365234375
verify,noirky2-bits-nozk,xor/u16,10000,6,0.005160331726074219
verify,noirky2-bits-nozk,xor/u16,10000,7,0.004862070083618164
verify,noirky2-bits-nozk,xor/u16,10000,8,0.004771709442138672
verify,noirky2-bits-nozk,xor/u16,10000,9,0.004848480224609375
verify,noirky2-bits-nozk,xor/u16,10000,10,0.004990339279174805
verify,noirky2-bits-nozk,xor/u16,10000,11,0.004845380783081055
verify,noirky2-bits-nozk,xor/u16,10000,12,0.004979610443115234
verify,noirky2-bits-nozk,xor/u16,10000,13,0.004968404769897461
verify,noirky2-bits-nozk,xor/u16,10000,14,0.004735708236694336
verify,noirky2-bits-nozk,xor/u16,20000,0,0.005141496658325195
verify,noirky2-bits-nozk,xor/u16,20000,1,0.0054280757904052734
verify,noirky2-bits-nozk,xor/u16,20000,2,0.005616664886474609
verify,noirky2-bits-nozk,xor/u16,20000,3,0.005700588226318359
verify,noirky2-bits-nozk,xor/u16,20000,4,0.005494594573974609
verify,noirky2-bits-nozk,xor/u16,20000,5,0.00558781623840332
verify,noirky2-bits-nozk,xor/u16,20000,6,0.005390167236328125
verify,noirky2-bits-nozk,xor/u16,20000,7,0.005415678024291992
verify,noirky2-bits-nozk,xor/u16,20000,8,0.005506753921508789
verify,noirky2-bits-nozk,xor/u16,20000,9,0.005456686019897461
verify,noirky2-bits-nozk,xor/u16,20000,10,0.0054318904876708984
verify,noirky2-bits-nozk,xor/u16,20000,11,0.005440473556518555
verify,noirky2-bits-nozk,xor/u16,20000,12,0.005253314971923828
verify,noirky2-bits-nozk,xor/u16,20000,13,0.005619525909423828
verify,noirky2-bits-nozk,xor/u16,20000,14,0.005391120910644531
verify,bb,xor/u16,5000,0,0.02509284019470215
verify,bb,xor/u16,5000,1,0.02495431900024414
verify,bb,xor/u16,5000,2,0.025228023529052734
verify,bb,xor/u16,5000,3,0.024846315383911133
verify,bb,xor/u16,5000,4,0.025228261947631836
verify,bb,xor/u16,5000,5,0.025133132934570312
verify,bb,xor/u16,5000,6,0.025122642517089844
verify,bb,xor/u16,5000,7,0.025652170181274414
verify,bb,xor/u16,5000,8,0.02535390853881836
verify,bb,xor/u16,5000,9,0.02546977996826172
verify,bb,xor/u16,5000,10,0.025281429290771484
verify,bb,xor/u16,5000,11,0.0256500244140625
verify,bb,xor/u16,5000,12,0.02536940574645996
verify,bb,xor/u16,5000,13,0.025432825088500977
verify,bb,xor/u16,5000,14,0.02557206153869629
verify,bb,xor/u16,10000,0,0.02632927894592285
verify,bb,xor/u16,10000,1,0.02521491050720215
verify,bb,xor/u16,10000,2,0.02529430389404297
verify,bb,xor/u16,10000,3,0.025035858154296875
verify,bb,xor/u16,10000,4,0.025176286697387695
verify,bb,xor/u16,10000,5,0.026314735412597656
verify,bb,xor/u16,10000,6,0.02527618408203125
verify,bb,xor/u16,10000,7,0.024945735931396484
verify,bb,xor/u16,10000,8,0.025388002395629883
verify,bb,xor/u16,10000,9,0.025459766387939453
verify,bb,xor/u16,10000,10,0.025333404541015625
verify,bb,xor/u16,10000,11,0.02549433708190918
verify,bb,xor/u16,10000,12,0.025583744049072266
verify,bb,xor/u16,10000,13,0.025397300720214844
verify,bb,xor/u16,10000,14,0.025288820266723633
verify,bb,xor/u16,20000,0,0.025447845458984375
verify,bb,xor/u16,20000,1,0.025611400604248047
verify,bb,xor/u16,20000,2,0.025825977325439453
verify,bb,xor/u16,20000,3,0.025513410568237305
verify,bb,xor/u16,20000,4,0.02511143684387207
verify,bb,xor/u16,20000,5,0.025299072265625
verify,bb,xor/u16,20000,6,0.025803327560424805
verify,bb,xor/u16,20000,7,0.025072813034057617
verify,bb,xor/u16,20000,8,0.024883031845092773
verify,bb,xor/u16,20000,9,0.02551579475402832
verify,bb,xor/u16,20000,10,0.024922847747802734
verify,bb,xor/u16,20000,11,0.025192737579345703
verify,bb,xor/u16,20000,12,0.025391340255737305
verify,bb,xor/u16,20000,13,0.025260448455810547
verify,bb,xor/u16,20000,14,0.0251462459564209
verify,noirky2-limb,xor/u16,5000,0,0.006218433380126953
verify,noirky2-limb,xor/u16,5000,1,0.0060002803802490234
verify,noirky2-limb,xor/u16,5000,2,0.005954265594482422
verify,noirky2-limb,xor/u16,5000,3,0.005925893783569336
verify,noirky2-limb,xor/u16,5000,4,0.005837678909301758
verify,noirky2-limb,xor/u16,5000,5,0.006200551986694336
verify,noirky2-limb,xor/u16,5000,6,0.006327629089355469
verify,noirky2-limb,xor/u16,5000,7,0.008042335510253906
verify,noirky2-limb,xor/u16,5000,8,0.0074422359466552734
verify,noirky2-limb,xor/u16,5000,9,0.0061452388763427734
verify,noirky2-limb,xor/u16,5000,10,0.0060770511627197266
verify,noirky2-limb,xor/u16,5000,11,0.0060350894927978516
verify,noirky2-limb,xor/u16,5000,12,0.006051063537597656
verify,noirky2-limb,xor/u16,5000,13,0.006020307540893555
verify,noirky2-limb,xor/u16,5000,14,0.0057904720306396484
verify,noirky2-limb,xor/u16,10000,0,0.005702495574951172
verify,noirky2-limb,xor/u16,10000,1,0.006088972091674805
verify,noirky2-limb,xor/u16,10000,2,0.005852222442626953
verify,noirky2-limb,xor/u16,10000,3,0.007105588912963867
verify,noirky2-limb,xor/u16,10000,4,0.008049488067626953
verify,noirky2-limb,xor/u16,10000,5,0.0062313079833984375
verify,noirky2-limb,xor/u16,10000,6,0.006505250930786133
verify,noirky2-limb,xor/u16,10000,7,0.005644559860229492
verify,noirky2-limb,xor/u16,10000,8,0.005733013153076172
verify,noirky2-limb,xor/u16,10000,9,0.006057262420654297
verify,noirky2-limb,xor/u16,10000,10,0.005948066711425781
verify,noirky2-limb,xor/u16,10000,11,0.005878925323486328
verify,noirky2-limb,xor/u16,10000,12,0.005757331848144531
verify,noirky2-limb,xor/u16,10000,13,0.005512714385986328
verify,noirky2-limb,xor/u16,10000,14,0.0057315826416015625
verify,noirky2-limb,xor/u16,20000,0,0.0065615177154541016
verify,noirky2-limb,xor/u16,20000,1,0.006251335144042969
verify,noirky2-limb,xor/u16,20000,2,0.005933284759521484
verify,noirky2-limb,xor/u16,20000,3,0.005997896194458008
verify,noirky2-limb,xor/u16,20000,4,0.006135225296020508
verify,noirky2-limb,xor/u16,20000,5,0.006231546401977539
verify,noirky2-limb,xor/u16,20000,6,0.00881052017211914
verify,noirky2-limb,xor/u16,20000,7,0.011525392532348633
verify,noirky2-limb,xor/u16,20000,8,0.008583545684814453
verify,noirky2-limb,xor/u16,20000,9,0.008742332458496094
verify,noirky2-limb,xor/u16,20000,10,0.0067539215087890625
verify,noirky2-limb,xor/u16,20000,11,0.006154537200927734
verify,noirky2-limb,xor/u16,20000,12,0.006482601165771484
verify,noirky2-limb,xor/u16,20000,13,0.008279085159301758
verify,noirky2-limb,xor/u16,20000,14,0.00978994369506836
verify,noirky2-limb-nozk,xor/u16,5000,0,0.011015176773071289
verify,noirky2-limb-nozk,xor/u16,5000,1,0.009540319442749023
verify,noirky2-limb-nozk,xor/u16,5000,2,0.008683204650878906
verify,noirky2-limb-nozk,xor/u16,5000,3,0.011347055435180664
verify,noirky2-limb-nozk,xor/u16,5000,4,0.006865024566650391
verify,noirky2-limb-nozk,xor/u16,5000,5,0.005499601364135742
verify,noirky2-limb-nozk,xor/u16,5000,6,0.005803823471069336
verify,noirky2-limb-nozk,xor/u16,5000,7,0.005529165267944336
verify,noirky2-limb-nozk,xor/u16,5000,8,0.007247447967529297
verify,noirky2-limb-nozk,xor/u16,5000,9,0.008411169052124023
verify,noirky2-limb-nozk,xor/u16,5000,10,0.0075151920318603516
verify,noirky2-limb-nozk,xor/u16,5000,11,0.005707979202270508
verify,noirky2-limb-nozk,xor/u16,5000,12,0.005263090133666992
verify,noirky2-limb-nozk,xor/u16,5000,13,0.0053501129150390625
verify,noirky2-limb-nozk,xor/u16,5000,14,0.00556182861328125
verify,noirky2-limb-nozk,xor/u16,10000,0,0.005686521530151367
verify,noirky2-limb-nozk,xor/u16,10000,1,0.005477190017700195
verify,noirky2-limb-nozk,xor/u16,10000,2,0.005947113037109375
verify,noirky2-limb-nozk,xor/u16,10000,3,0.005773067474365234
verify,noirky2-limb-nozk,xor/u16,10000,4,0.006057024002075195
verify,noirky2-limb-nozk,xor/u16,10000,5,0.004805803298950195
verify,noirky2-limb-nozk,xor/u16,10000,6,0.005367755889892578
verify,noirky2-limb-nozk,xor/u16,10000,7,0.005266904830932617
verify,noirky2-limb-nozk,xor/u16,10000,8,0.005422115325927734
verify,noirky2-limb-nozk,xor/u16,10000,9,0.005478858947753906
verify,noirky2-limb-nozk,xor/u16,10000,10,0.005682229995727539
verify,noirky2-limb-nozk,xor/u16,10000,11,0.006533145904541016
verify,noirky2-limb-nozk,xor/u16,10000,12,0.006826162338256836
verify,noirky2-limb-nozk,xor/u16,10000,13,0.005887508392333984
verify,noirky2-limb-nozk,xor/u16,10000,14,0.0069980621337890625
verify,noirky2-limb-nozk,xor/u16,20000,0,0.010597467422485352
verify,noirky2-limb-nozk,xor/u16,20000,1,0.005486726760864258
verify,noirky2-limb-nozk,xor/u16,20000,2,0.005768537521362305
verify,noirky2-limb-nozk,xor/u16,20000,3,0.0059201717376708984
verify,noirky2-limb-nozk,xor/u16,20000,4,0.006087064743041992
verify,noirky2-limb-nozk,xor/u16,20000,5,0.005789041519165039
verify,noirky2-limb-nozk,xor/u16,20000,6,0.005915641784667969
verify,noirky2-limb-nozk,xor/u16,20000,7,0.005746603012084961
verify,noirky2-limb-nozk,xor/u16,20000,8,0.006555080413818359
verify,noirky2-limb-nozk,xor/u16,20000,9,0.005918264389038086
verify,noirky2-limb-nozk,xor/u16,20000,10,0.005468845367431641
verify,noirky2-limb-nozk,xor/u16,20000,11,0.0059320926666259766
verify,noirky2-limb-nozk,xor/u16,20000,12,0.005440950393676758
verify,noirky2-limb-nozk,xor/u16,20000,13,0.006145000457763672
verify,noirky2-limb-nozk,xor/u16,20000,14,0.006051301956176758
verify,noirky2-bits,xor/u32,5000,0,0.0068929195404052734
verify,noirky2-bits,xor/u32,5000,1,0.0063092708587646484
verify,noirky2-bits,xor/u32,5000,2,0.007479190826416016
verify,noirky2-bits,xor/u32,5000,3,0.005555152893066406
verify,noirky2-bits,xor/u32,5000,4,0.0066509246826171875
verify,noirky2-bits,xor/u32,5000,5,0.005188703536987305
verify,noirky2-bits,xor/u32,5000,6,0.006037473678588867
verify,noirky2-bits,xor/u32,5000,7,0.004798173904418945
verify,noirky2-bits,xor/u32,5000,8,0.005590915679931641
verify,noirky2-bits,xor/u32,5000,9,0.0047152042388916016
verify,noirky2-bits,xor/u32,5000,10,0.005048990249633789
verify,noirky2-bits,xor/u32,5000,11,0.00494384765625
verify,noirky2-bits,xor/u32,5000,12,0.00444793701171875
verify,noirky2-bits,xor/u32,5000,13,0.004815816879272461
verify,noirky2-bits,xor/u32,5000,14,0.0046122074127197266
verify,noirky2-bits,xor/u32,10000,0,0.005224704742431641
verify,noirky2-bits,xor/u32,10000,1,0.0059375762939453125
verify,noirky2-bits,xor/u32,10000,2,0.005008220672607422
verify,noirky2-bits,xor/u32,10000,3,0.00511932373046875
verify,noirky2-bits,xor/u32,10000,4,0.00485539436340332
verify,noirky2-bits,xor/u32,10000,5,0.005057096481323242
verify,noirky2-bits,xor/u32,10000,6,0.0050241947174072266
verify,noirky2-bits,xor/u32,10000,7,0.005084991455078125
verify,noirky2-bits,xor/u32,10000,8,0.005690574645996094
verify,noirky2-bits,xor/u32,10000,9,0.007054328918457031
verify,noirky2-bits,xor/u32,10000,10,0.006451845169067383
verify,noirky2-bits,xor/u32,10000,11,0.00621342658996582
verify,noirky2-bits,xor/u32,10000,12,0.005575418472290039
verify,noirky2-bits,xor/u32,10000,13,0.005355119705200195
verify,noirky2-bits,xor/u32,10000,14,0.005194664001464844
verify,noirky2-bits,xor/u32,20000,0,0.0062181949615478516
verify,noirky2-bits,xor/u32,20000,1,0.008298397064208984
verify,noirky2-bits,xor/u32,20000,2,0.007048368453979492
verify,noirky2-bits,xor/u32,20000,3,0.007666110992431641
verify,noirky2-bits,xor/u32,20000,4,0.005435943603515625
verify,noirky2-bits,xor/u32,20000,5,0.0056569576263427734
verify,noirky2-bits,xor/u32,20000,6,0.00574946403503418
verify,noirky2-bits,xor/u32,20000,7,0.0055501461029052734
verify,noirky2-bits,xor/u32,20000,8,0.0058901309967041016
verify,noirky2-bits,xor/u32,20000,9,0.00586700439453125
verify,noirky2-bits,xor/u32,20000,10,0.00792074203491211
verify,noirky2-bits,xor/u32,20000,11,0.008018016815185547
verify,noirky2-bits,xor/u32,20000,12,0.007439613342285156
verify,noirky2-bits,xor/u32,20000,13,0.008896827697753906
verify,noirky2-bits,xor/u32,20000,14,0.007919549942016602
verify,noirky2-bits-nozk,xor/u32,5000,0,0.0053365230560302734
verify,noirky2-bits-nozk,xor/u32,5000,1,0.004686117172241211
verify,noirky2-bits-nozk,xor/u32,5000,2,0.004969120025634766
verify,noirky2-bits-nozk,xor/u32,5000,3,0.004718780517578125
verify,noirky2-bits-nozk,xor/u32,5000,4,0.004743099212646484
verify,noirky2-bits-nozk,xor/u32,5000,5,0.004717826843261719
verify,noirky2-bits-nozk,xor/u32,5000,6,0.004875898361206055
verify,noirky2-bits-nozk,xor/u32,5000,7,0.005063772201538086
verify,noirky2-bits-nozk,xor/u32,5000,8,0.0048139095306396484
verify,noirky2-bits-nozk,xor/u32,5000,9,0.004652500152587891
verify,noirky2-bits-nozk,xor/u32,5000,10,0.0047605037689208984
verify,noirky2-bits-nozk,xor/u32,5000,11,0.004655361175537109
verify,noirky2-bits-nozk,xor/u32,5000,12,0.004606008529663086
verify,noirky2-bits-nozk,xor/u32,5000,13,0.004896640777587891
verify,noirky2-bits-nozk,xor/u32,5000,14,0.0049591064453125
verify,noirky2-bits-nozk,xor/u32,10000,0,0.005029916763305664
verify,noirky2-bits-nozk,xor/u32,10000,1,0.004909992218017578
verify,noirky2-bits-nozk,xor/u32,10000,2,0.0049245357513427734
verify,noirky2-bits-nozk,xor/u32,10000,3,0.004645347595214844
verify,noirky2-bits-nozk,xor/u32,10000,4,0.005157947540283203
verify,noirky2-bits-nozk,xor/u32,10000,5,0.005082368850708008
verify,noirky2-bits-nozk,xor/u32,10000,6,0.004931926727294922
verify,noirky2-bits-nozk,xor/u32,10000,7,0.004850149154663086
verify,noirky2-bits-nozk,xor/u32,10000,8,0.005241870880126953
verify,noirky2-bits-nozk,xor/u32,10000,9,0.005014896392822266
verify,noirky2-bits-nozk,xor/u32,10000,10,0.005216836929321289
verify,noirky2-bits-nozk,xor/u32,10000,11,0.005148172378540039
verify,noirky2-bits-nozk,xor/u32,10000,12,0.005181312561035156
verify,noirky2-bits-nozk,xor/u32,10000,13,0.004888296127319336
verify,noirky2-bits-nozk,xor/u32,10000,14,0.0048863887786865234
verify,noirky2-bits-nozk,xor/u32,20000,0,0.005922555923461914
verify,noirky2-bits-nozk,xor/u32,20000,1,0.006067037582397461
verify,noirky2-bits-nozk,xor/u32,20000,2,0.008331775665283203
verify,noirky2-bits-nozk,xor/u32,20000,3,0.007237434387207031
verify,noirky2-bits-nozk,xor/u32,20000,4,0.006821870803833008
verify,noirky2-bits-nozk,xor/u32,20000,5,0.006516695022583008
verify,noirky2-bits-nozk,xor/u32,20000,6,0.007550954818725586
verify,noirky2-bits-nozk,xor/u32,20000,7,0.005796670913696289
verify,noirky2-bits-nozk,xor/u32,20000,8,0.006696224212646484
verify,noirky2-bits-nozk,xor/u32,20000,9,0.00556492805480957
verify,noirky2-bits-nozk,xor/u32,20000,10,0.0056574344635009766
verify,noirky2-bits-nozk,xor/u32,20000,11,0.005815267562866211
verify,noirky2-bits-nozk,xor/u32,20000,12,0.005743980407714844
verify,noirky2-bits-nozk,xor/u32,20000,13,0.005616426467895508
verify,noirky2-bits-nozk,xor/u32,20000,14,0.005764007568359375
verify,bb,xor/u32,5000,0,0.024860620498657227
verify,bb,xor/u32,5000,1,0.02482748031616211
verify,bb,xor/u32,5000,2,0.025065898895263672
verify,bb,xor/u32,5000,3,0.025683879852294922
verify,bb,xor/u32,5000,4,0.024636268615722656
verify,bb,xor/u32,5000,5,0.025095224380493164
verify,bb,xor/u32,5000,6,0.024951696395874023
verify,bb,xor/u32,5000,7,0.025329113006591797
verify,bb,xor/u32,5000,8,0.025290250778198242
verify,bb,xor/u32,5000,9,0.02508711814880371
verify,bb,xor/u32,5000,10,0.024985074996948242
verify,bb,xor/u32,5000,11,0.02552199363708496
verify,bb,xor/u32,5000,12,0.02533745765686035
verify,bb,xor/u32,5000,13,0.025507211685180664
verify,bb,xor/u32,5000,14,0.02546405792236328
verify,bb,xor/u32,10000,0,0.02458333969116211
verify,bb,xor/u32,10000,1,0.025173425674438477
verify,bb,xor/u32,10000,2,0.025556087493896484
verify,bb,xor/u32,10000,3,0.025392532348632812
verify,bb,xor/u32,10000,4,0.02523660659790039
verify,bb,xor/u32,10000,5,0.02457141876220703
verify,bb,xor/u32,10000,6,0.0249483585357666
verify,bb,xor/u32,10000,7,0.025289058685302734
verify,bb,xor/u32,10000,8,0.025293588638305664
verify,bb,xor/u32,10000,9,0.02466416358947754
verify,bb,xor/u32,10000,10,0.025362014770507812
verify,bb,xor/u32,10000,11,0.02471303939819336
verify,bb,xor/u32,10000,12,0.025701045989990234
verify,bb,xor/u32,10000,13,0.025490522384643555
verify,bb,xor/u32,10000,14,0.024898529052734375
verify,bb,xor/u32,20000,0,0.025066852569580078
verify,bb,xor/u32,20000,1,0.025098085403442383
verify,bb,xor/u32,20000,2,0.025598526000976562
verify,bb,xor/u32,20000,3,0.02567267417907715
verify,bb,xor/u32,20000,4,0.025659561157226562
verify,bb,xor/u32,20000,5,0.024919509887695312
verify,bb,xor/u32,20000,6,0.024982690811157227
verify,bb,xor/u32,20000,7,0.02479267120361328
verify,bb,xor/u32,20000,8,0.025094270706176758
verify,bb,xor/u32,20000,9,0.0251619815826416
verify,bb,xor/u32,20000,10,0.025028705596923828
verify,bb,xor/u32,20000,11,0.025107145309448242
verify,bb,xor/u32,20000,12,0.025059938430786133
verify,bb,xor/u32,20000,13,0.025287151336669922
verify,bb,xor/u32,20000,14,0.024876832962036133
verify,noirky2-limb,xor/u32,5000,0,0.006195783615112305
verify,noirky2-limb,xor/u32,5000,1,0.006104230880737305
verify,noirky2-limb,xor/u32,5000,2,0.006298542022705078
verify,noirky2-limb,xor/u32,5000,3,0.006401777267456055
verify,noirky2-limb,xor/u32,5000,4,0.005970001220703125
verify,noirky2-limb,xor/u32,5000,5,0.006356477737426758
verify,noirky2-limb,xor/u32,5000,6,0.006824016571044922
verify,noirky2-limb,xor/u32,5000,7,0.005884408950805664
verify,noirky2-limb,xor/u32,5000,8,0.005999565124511719
verify,noirky2-limb,xor/u32,5000,9,0.0059244632720947266
verify,noirky2-limb,xor/u32,5000,10,0.005706787109375
verify,noirky2-limb,xor/u32,5000,11,0.006576061248779297
verify,noirky2-limb,xor/u32,5000,12,0.007956981658935547
verify,noirky2-limb,xor/u32,5000,13,0.006297111511230469
verify,noirky2-limb,xor/u32,5000,14,0.006757259368896484
verify,noirky2-limb,xor/u32,10000,0,0.006092071533203125
verify,noirky2-limb,xor/u32,10000,1,0.005695343017578125
verify,noirky2-limb,xor/u32,10000,2,0.006399869918823242
verify,noirky2-limb,xor/u32,10000,3,0.006240367889404297
verify,noirky2-limb,xor/u32,10000,4,0.005799293518066406
verify,noirky2-limb,xor/u32,10000,5,0.006212472915649414
verify,noirky2-limb,xor/u32,10000,6,0.0060863494873046875
verify,noirky2-limb,xor/u32,10000,7,0.0070648193359375
verify,noirky2-limb,xor/u32,10000,8,0.006551027297973633
verify,noirky2-limb,xor/u32,10000,9,0.007512092590332031
verify,noirky2-limb,xor/u32,10000,10,0.007767438888549805
verify,noirky2-limb,xor/u32,10000,11,0.006127119064331055
verify,noirky2-limb,xor/u32,10000,12,0.006143808364868164
verify,noirky2-limb,xor/u32,10000,13,0.006455898284912109
verify,noirky2-limb,xor/u32,10000,14,0.0069692134857177734
verify,noirky2-limb,xor/u32,20000,0,0.006417989730834961
verify,noirky2-limb,xor/u32,20000,1,0.007208108901977539
verify,noirky2-limb,xor/u32,20000,2,0.006126880645751953
verify,noirky2-limb,xor/u32,20000,3,0.006326436996459961
verify,noirky2-limb,xor/u32,20000,4,0.0057222843170166016
verify,noirky2-limb,xor/u32,20000,5,0.0059430599212646484
verify,noirky2-limb,xor/u32,20000,6,0.006100893020629883
verify,noirky2-limb,xor/u32,20000,7,0.006064176559448242
verify,noirky2-limb,xor/u32,20000,8,0.0060863494873046875
verify,noirky2-limb,xor/u32,20000,9,0.005979061126708984
verify,noirky2-limb,xor/u32,20000,10,0.005797863006591797
verify,noirky2-limb,xor/u32,20000,11,0.0065381526947021484
verify,noirky2-limb,xor/u32,20000,12,0.0059702396392822266
verify,noirky2-limb,xor/u32,20000,13,0.006242275238037109
verify,noirky2-limb,xor/u32,20000,14,0.006008148193359375
verify,noirky2-limb-nozk,xor/u32,5000,0,0.0051116943359375
verify,noirky2-limb-nozk,xor/u32,5000,1,0.0057299137115478516
verify,noirky2-limb-nozk,xor/u32,5000,2,0.005550384521484375
verify,noirky2-limb-nozk,xor/u32,5000,3,0.00492548942565918
verify,noirky2-limb-nozk,xor/u32,5000,4,0.0055196285247802734
verify,noirky2-limb-nozk,xor/u32,5000,5,0.005032777786254883
verify,noirky2-limb-nozk,xor/u32,5000,6,0.004918098449707031
verify,noirky2-limb-nozk,xor/u32,5000,7,0.005554914474487305
verify,noirky2-limb-nozk,xor/u32,5000,8,0.0056340694427490234
verify,noirky2-limb-nozk,xor/u32,5000,9,0.005463361740112305
verify,noirky2-limb-nozk,xor/u32,5000,10,0.005240440368652344
verify,noirky2-limb-nozk,xor/u32,5000,11,0.005124330520629883
verify,noirky2-limb-nozk,xor/u32,5000,12,0.0052204132080078125
verify,noirky2-limb-nozk,xor/u32,5000,13,0.005442619323730469
verify,noirky2-limb-nozk,xor/u32,5000,14,0.0053174495697021484
verify,noirky2-limb-nozk,xor/u32,10000,0,0.005532979965209961
verify,noirky2-limb-nozk,xor/u32,10000,1,0.005913734436035156
verify,noirky2-limb-nozk,xor/u32,10000,2,0.00569605827331543
verify,noirky2-limb-nozk,xor/u32,10000,3,0.006033182144165039
verify,noirky2-limb-nozk,xor/u32,10000,4,0.005594968795776367
verify,noirky2-limb-nozk,xor/u32,10000,5,0.0058782100677490234
verify,noirky2-limb-nozk,xor/u32,10000,6,0.005947113037109375
verify,noirky2-limb-nozk,xor/u32,10000,7,0.0056917667388916016
verify,noirky2-limb-nozk,xor/u32,10000,8,0.006110429763793945
verify,noirky2-limb-nozk,xor/u32,10000,9,0.005707502365112305
verify,noirky2-limb-nozk,xor/u32,10000,10,0.006325244903564453
verify,noirky2-limb-nozk,xor/u32,10000,11,0.00581669807434082
verify,noirky2-limb-nozk,xor/u32,10000,12,0.005860567092895508
verify,noirky2-limb-nozk,xor/u32,10000,13,0.005872249603271484
verify,noirky2-limb-nozk,xor/u32,10000,14,0.005906105041503906
verify,noirky2-limb-nozk,xor/u32,20000,0,0.005965232849121094
verify,noirky2-limb-nozk,xor/u32,20000,1,0.0057392120361328125
verify,noirky2-limb-nozk,xor/u32,20000,2,0.005800724029541016
verify,noirky2-limb-nozk,xor/u32,20000,3,0.0060825347900390625
verify,noirky2-limb-nozk,xor/u32,20000,4,0.006078481674194336
verify,noirky2-limb-nozk,xor/u32,20000,5,0.005945444107055664
verify,noirky2-limb-nozk,xor/u32,20000,6,0.0060863494873046875
verify,noirky2-limb-nozk,xor/u32,20000,7,0.005700588226318359
verify,noirky2-limb-nozk,xor/u32,20000,8,0.005732297897338867
verify,noirky2-limb-nozk,xor/u32,20000,9,0.006285905838012695
verify,noirky2-limb-nozk,xor/u32,20000,10,0.006253957748413086
verify,noirky2-limb-nozk,xor/u32,20000,11,0.0059854984283447266
verify,noirky2-limb-nozk,xor/u32,20000,12,0.006186723709106445
verify,noirky2-limb-nozk,xor/u32,20000,13,0.006279706954956055
verify,noirky2-limb-nozk,xor/u32,20000,14,0.00610041618347168
